game_name,summary
Viper City Heist,
Viper City Heist,
Viper City Heist,
Hugo 2,
Mighty Masks,
Book of Sam,
Jumbo Safari,
Raven's Eye,
Black Bull,
Leprechaun's Magic,
Release the Kraken Megaways,
Play With the Devil,
Banana Town Dream Drop,
Deal or No Deal Golden Case Megaways,
}); [smartslider3 slider=862]Deal or No Deal Golden Case Megaways: Slot OverviewIsn't it interesting how participants in games of chance sometimes come up with systems in an attempt to overcome their random nature or make use of it in order to win? Hopefully. Picking birth dates in lotteries is a classic one,
Oink Farm,
Wanted Dead or a Wild,
Lucky Lightning,
Gem Elevator,
Lost Relics 2,
Temple of Tut,
Beasts of Fire,
Fast Fruits DoubleMax,
Opal Fruits,
Pinatas & Ponies,
Mystic Orbs,
Hustling,
Dragon Born Megaways,
Hong Bao,
Cats & Cash,
Tropical Tiki,
Money Mouse,
Golden Fish Tank Party,
Lucky Twins Link&Win,
Rich Wilde and the Pearls of Vishnu,
Jade Shuriken,
Apes of Wrath,
Valhalla Wild Winter,
Heroes' Gathering,
Divine Fortune Megaways,
Fist of Destruction,
Da Vinci’s Mystery Super Lines,
Motley Crue,
Reel Rush 2,
Valhall Gold,
Egypt Megaways,
Cat Wilde and the Lost Chapter,
Invaders Megaways,
Empty the Bank,
Hot Shots Megaways,
Crystal Quest: Arcane Tower,
Rich Geyser,
Caravan of Riches,
}); Caravan of Riches: Slot OverviewWay back in early 2020,
3 Dancing Monkeys,
Golden Beauty,
Boat Bonanza Christmas,
Genie Nights,
Brawl at the Redcap Inn,
Dinopolis,
Big Bucks Deluxe,
Yanaha's Rite,
}); Yanaha’s Rite: Slot OverviewEditor's note: Yanaha's Rite is a bespoke game conceived by Leovegas Casino that's constructed and hosted on SG Digital's system. Hence it is not an SG Digital product as such.A quick Google search revealed the name 'Yanaha' means either 'brave' or 'she faces the enemy'. In movies,
Børk The Berzerker Hack ‘N’ Slash Edition,
Mega Heist,
Madame Destiny Megaways,
Plunderland,
Hi-Lo,
Merlin Realm of Charm,
Wild Bazaar,
Pirate Multi Coins,
Amazing Money Machine,
10 Flaming Bisons,
Money Jar 2,
Arto & The 7 Deadly Spins Megaways,
Amazing Catch,
9 Pearls of Fortune,
Gods of Seas Triton's Fortune,
Sparky and Shortz Hidden Joules,
Terminator 2,
How could anyone not love the Terminator franchise? It’s perhaps Arnold Schwarzenegger's most iconic portrayal of a character in his whole career and a definite go-to movie for anyone who's a fan of action and robots. This Microgaming slot offering aims to take you back to all the thrills from the second movie in the series,
Lady Robin Hood,
Valhalla Saga Thunder of Thor,
}); Valhalla Saga Thunder of Thor: Slot OverviewIf you play online slots for any length of time,
Gatot kaca's Fury,
Scroll of Seth,
Wish Upon A Jackpot Megaways,
Nitropolis 4,
Electric Avenue,
Piggy Riches Megaways,
Boat Bonanza CrocoNile!,
Millionaire Mystery Box,
Easy Gold,
Piles of Presents,
Immortal 5,
Dragons And Magic,
Shadow Shifter,
Lion Thunder Spin Boost,
Burgers,
Wilderland,
Nightfall,
Immortal Glory,
300 Shields Extreme,
Tale of Kyubiko,
Eternal Empress Freeze Time,
Wild Showdown,
King of the Party,
Wild Chapo,
Divine Dynasty Princess,
Money Cart,
Gigantoonz,
Hammerfall,
Agent of Hearts,
Spooky Carnival,
Twin Spin XXXtreme,
3 Buzzing Wilds,
Dragon's Breath,
Midnight Romance,
Hit It Big,
Prized Pets Gigablox,
Swords and Sabres Charge Gigablox,
Runner Runner PopWins,
Shield of Sparta,
Might of Ra,
7 Clovers of Fortune,
Augustus,
Fear the Dark,
Big Bass Bonanza,
7 Gold Gigablox,
Starlight Princess 1000,
Big Gains,
Boo,
Burning Blox Gigablox,
Devilish Fortunes,
Spinman,
Fortune House Power Reels,
Football Glory,
Super StarTurns,
Merlin's Grimoire,
Odin Infinity Reels Megaways,
Fishing Fever Bass King,
Vegas Fortune,
Anderthals,
Survivor Megaways,
Pyramyth,
Spirit of the Beast,
Vikings Unleashed Reloaded,
Ice And Fire,
Temujin Treasures,
Outlaws Inc,
Koi Princess,
Koi Princess is one of those slot games that you will instantly be hooked by. Now,
Tiger Shrine,
Zaida's Fortune,
Football Finals X UP,
Goblins & Gemstones,
More Turkey Megaways,
Hypernova Megaways,
}); [smartslider3 slider=629]Hypernova Megaways (ReelPlay): OverviewFormerly known as Chance Interactive,
Power of Thor Megaways,
Danny Dollar,
Running Sushi,
Red Hot Riches,
Gods of Death,
Finn's Golden Tavern,
Cleopatra Megaways,
The Wish Master Megaways,
Find the Diamonds!,
Baron Lord of Saturday,
Jurassic Party,
Pot of Fortune,
Megaways Bushido Princess,
Crazy Chilli,
Runaway 7s,
Candyways Bonanza Megaways,
Imperial Coins,
3 Lucky Hippos,
Chi,
Polterheist,
Easter Island,
Sugar Monster,
Sticky Joker,
Rocket Reels,
Volatile Slot,
Shaolin Master,
Lord Venom,
Loco The Monkey,
Lightning Strike Megaways,
Starburst,
Greedy Fortune Pig,
Down the Rails,
Octopus Treasure,
Viking Clash,
Hellvis Wild,
Agent Blitz Mission Moneymaker,
Beast Below,
Oodles of Noodles,
Ankh of Anubis Awakening,
Freeway 7,
RagingPop,
Reindeer Royale,
Banana Drop,
Luck O' The Irish Megaways,
Mystery Museum,
Solar Queen Megaways,
Flaming Tomatoes Cash Shot,
Desperados Wild Megaways,
Possessed,
John Hunter and the Book of Tut Respin,
Dice Dice Dice,
24k Dragon,
Thrill to Grill,
Tome of Madness,
Fury of Hyde Megaways,
Jingle Bells Power Reels,
Holy Heist,
Tippy's Golden Pot,
Steam Tower,
Ghost of Dead,
Jurassic Park,
Anyone who was alive and of age in the 90s will surely remember the release of the Jurassic Park movie. It was one of the greatest films to ever grace cinema screens back then and remains as a total classic today. Then again,
13,
Moon Princess Christmas Kingdom,
Money Train,
Athena Ascending,
Champions of Rome,
Buddha Megaways,
Bounty Hunter Unchained,
Cash 'N Riches Megaways,
Hot Chilli,
The Legend of Musashi,
Ice Wolf,
Money Train Origins Dream Drop,
Wolf Strike,
Rise of Cleopatra,
Lucky Leprechaun Clusters,
Mask of Amun,
}); Mask of Amun: Slot OverviewHey ho,
Yum Yum Powerways,
Pearls of Gold,
Cubes 2,
Danger High Voltage 2,
Jingle Spin,
Drago - Jewels of Fortune,
Lucky Neko Gigablox,
Donuts,
The Wisecracker Lightning,
Ryze,
Madame Mystique Megaways,
Mega Fortune,
Let’s be completely honest here - we’d all like to be able to win a mega fortune,
Marching Legion,
Swag Bag Bonanza,
Big Bass Bonanza Hold & Spinner,
Kong's Temple,
Terracotta Army,
Secret of Dead,
Sea Boat Adventure,
Polar Paws,
Cash Express,
Flame,
Genie Jackpots Even More Wishes,
Crabbin' For Cash Megaways,
The Great Chicken Escape,
Hoard of Poseidon,
Dreadworks,
Dr Toonz,
Buffalo Rising Megaways All Action,
King's Mask,
Eye of Cleopatra,
Adventures Of Doubloon Island,
Super X,
Book of Ultimate Infinity,
Buffalo Rising Megaways,
Arizona Diamonds Quattro,
Dance Party,
Eager Beavers,
90k Yeti Gigablox,
The Great Wall,
Secret of the Stones,
There’s mystery and wonder afoot in the Secret of the Stones slot from NetEnt. And when you consider that the developer took the idea of Stonehenge and the druids that supposedly worshiped at the rocks,
Vault of Anubis,
Rise of Atlantis,
Sahara Nights,
Spinnin' Records Into the Beat,
Game of Thrones Power Stacks,
Chilli Picante Megaways,
Thunderstruck Stormchaser,
Legendary Treasures,
Fever Spin Megaways,
Jingle Bells Bonanza,
Prometheus Titan of Fire,
Spartacus Megaways,
Extra Juicy,
Break da Bank Retro Roller,
Creature From The Black Lagoon,
Blobsters Clusterbuster,
The Great Gambini's Night Magic,
Merlin's Revenge Megaways,
Wizard of Aus,
88 Fortunes Megaways,
Loki Lord of Mischief,
5 Pots o' Riches,
Tomb of Akhenaten,
Soldier of Rome,
Gorilla Go Wilder,
Hell's Kitchen,
Coop Clash,
Super Hot Fruits Megaways,
Lucky Streak Mk2,
Sweet Success Megaways,
Blood Moon Wilds,
Ticket to the Stars,
Ice Lobster,
Pirate Gold Deluxe,
Bonanza Megapays,
Into The Wild Megaways,
Dragon's Loot,
Zombie aPOPalypse MultiPop,
Sky Raiders Power Combo,
Hyper Strike Cash Megaways,
}); [smartslider3 slider=629]Hyper Strike Cash Megaways: Slot OverviewWhen we think of Gameburger Studios,
Sparkling Joker X UP,
Remember Gulag,
Mega Moolah Megaways,
Flame Busters,
Def Leppard Hysteria,
Milky Way,
Might of Freya Megaways,
It's Time,
Spartans vs Zombies,
Coins and Cannons,
5k Gold Mine Dream Drop,
Legend of Heroes Megaways,
Bon Bomb Luxpots Megaways,
Sweet Rush Megaways,
}); Sweet Rush Megaways: Slot OverviewWith a significant number of slots in its back catalogue already,
Tetris Extreme,
Mission Cash,
Reel Lucky King Megaways,
Alchemy,
Rise of Samurai Megaways,
Crystal Sun,
Sands of Eternity,
15 Samurai,
Mega Rise,
Legacy Retro Roller,
Pyramid Strike,
Toad’s Bounty,
Ancient Tumble,
Joker Blast Bonanza,
Trickstar Spins,
Elixir of Wealth,
Aztec Twist,
5 Clans,
Dinosaur Rage,
Trollpot 5000,
Space Attacks Dream Drop,
Wild Blood 2,
Phat Cats Megaways,
Le Pharaoh,
House of Doom,
Mystery Genie Fortunes of the Lamp,
Midnight Gold,
Fortune of Giza,
10x Rewind,
Five Star Power Reels,
Coin Quest 2,
The Dog House Megaways,
Vegas Rush,
Runner Runner Megaways,
Pinup Girls,
Gladiator Legends,
Hot Hot Chilli Pot,
Fish Upon A Cashpot,
Wild Hammer Megaways,
Space Stallion,
Fu Fortunes Megaways,
Western Gold Megaways,
Wild Mining XXXtreme,
Nile Mystery DoubleMax,
Wild Robo Factory,
Buffalo Stack ‘n’ Sync,
Thai Flower Megaways,
Ballin',
Sugar Rush,
Gaelic Gold,
Attack on Retro,
Viking Hoard,
Elemento,
Raging Waterfall Megaways,
DJ Psycho,
Wishing Wheel,
Wild-O-Tron 3000,
Strike It Gold Win Ways,
Towering Ways Aztec,
Bison Valley,
Medusa: Fortune & Glory,
}); [smartslider3 slider=806]Medusa: Fortune & Glory: OverviewBook a charter flight to the ever-popular shores of Ancient Greece in mythical slot Medusa: Fortune & Glory from Dreamtech Gaming. The last time we crossed paths with the Asian centric developer was with the fantasy-filled extravagance Ice and Fire. No not Fire and Ice from George R. R. Martin,
Judgement Day Megaways,
Wild Wild Romance,
Kulta Jaska Megaways,
When you start diving down the Google search rabbit hole,
Fish Party,
Aztec Blaze,
Tiki Runner 2 DoubleMax,
Gremlins,
SixSixSix,
The Wild Hatter,
Bucks And Doe 10K Ways,
Hot Rod Racers,
Rock the Cash Bar,
Sumo Supreme Megaways,
Crystal Queen's Coins,
Tropicool 2,
Book of Gems Megaways,
Wild 1,
Flowers,
Well of Wilds Megaways,
Rick And Morty,
Day of Dead,
Tiki Rewards,
Pirates Pub,
Cash of Command,
Snow Slingers,
Zeus Lightning Megaways,
Siren Song,
Into The Wilds Megaways,
Volcano Goddess,
Diamond Doggies,
La Bomba,
Ding Dong Christmas Bells,
Resurrecting Riches,
Dead Canary,
Inferno Joker,
Treasures of Kilauea,
Peter Hunter,
Lucky Ryan Gigablox,
Stick 'Em,
Starlight Christmas,
Bananaz 10K Ways,"Bananaz 10K Ways is a jungle-themed slot featuring the lively character Monkey Mike set against a lush, tropical backdrop. The game offers a 6-reel setup with 10,000 constant ways to win, including features like cascades, a Bonus Respins round, and the Mike Goes Bananaz wilds. The reviewer appreciates the game's originality compared to its predecessors, noting its engaging character and features. Aesthetically, it combines playful visuals with a cheerful soundtrack, reminiscent of Money Mariachi Infinity Reels."
Aztec Trailz,"Aztec Trailz, developed by Phoenix Flames Studio in partnership with Blueprint Gaming, offers a unique twist on the classic Aztec theme. The game features an unusual pay mechanism, Trailz, with enhancers, free spins, and a bonus buy option. The reviewer appreciates its innovative gameplay but notes the soundtrack could be more engaging. The aesthetics include a high-definition jungle view, though the sound effects may remind players of Gonzo's Quest."
Queens of Ra POWER COMBO,"Queens of Ra POWER COMBO, set in an Ancient Egyptian theme, features three powerful queens and a conventional 5-reel, 40-payline setup. The game includes innovative features like LINK&WIN with Twin Power, Jackpot Power, and Collection Power, plus a bonus buy option. The reviewer finds this slot a visually appealing addition to the genre, though it maintains the typical ancient theme. The aesthetics are mildly land-based with a fitting audio backdrop, enhancing the thematic experience."
Gold Collector,"Gold Collector HyperHold features a mining theme with a focus on collecting gold coins. The game includes the HyperHold feature, free spins, and reel-specific jackpots, offering medium volatility gameplay with a 96.40% RTP. The reviewer finds the game uninspiring and basic, with little to differentiate it from typical hold-and-win slots. Aesthetically, it has a plain design with a Western soundtrack, lacking visual excitement."
Wild Celebrity Bus Megaways,"Wild Celebrity Bus Megaways offers a whimsical tour of London's celebrity spots on a vintage bus-themed slot game. The game features tumbles, respins, free spins, and bonus buys with a maximum of 117,649 winning ways. The reviewer finds the game engaging with varied features, giving it a score of 7.5. The game is set against a sunny London backdrop with lively animations and intriguing character symbols enhancing the experience."
Wolf Legend Megaways,"Wolf Legend Megaways features a wolf-themed adventure set in a rugged wilderness.  
The game offers Megaways mechanics, free spins, and unlimited win multipliers.  
The reviewer finds it enjoyable despite similarities to Pragmatic Play's Wolf Gold.  
The game boasts visually engaging graphics and an immersive audio experience."
Blueprint's Megaways slots may be getting increasingly hard to differentiate,"Wolf Legend Megaways features an American wild west theme with symbols like eagles and bison against a canyon backdrop. The game includes cascading reels, Mystery Symbols, and a bonus feature triggered by scatters offering variable free spins and multipliers. The reviewer finds it redundant and overly similar to other Megaways slots, questioning the need for more such variations. The aesthetic is noted for its resemblance to Buffalo Rising, with visuals and a soundtrack that evoke the wild west."
Jaguar Temple,"Jaguar Temple transports players to an Incan temple, where riches await amidst a backdrop of a sunset and twinkling stars. The game features 5 reels, 20 pay lines, a bonus game with expanding wilds, and a massive 3x3 Jaguar symbol. The reviewer appreciates the game's elements but questions the capped win potential, impacting its overall appeal. Visually, it boasts a distinct Thunderkick style with stone-carved cat claws encasing the reels and symbols depicted as rocks."
Jurassic World,"Jurassic World by Microgaming captures the thrilling theme of the iconic 2015 movie.  
Features include scatter-to-wild transformations, three free spin rounds, and the Indominus Rex feature.  
The reviewer appreciates the high-quality graphics and diverse extras but notes the average RTP of 95.45%.  
Aesthetically, the game impresses with its film imagery and immersive audio, enhancing the overall experience."
5 Rings of Darkness,"5 Rings of Darkness explores an occult theme, inviting players into a dark, demonic realm.  
The game features scatter pays, growing multipliers, free spins, and a cascading mechanic.  
The reviewer finds it to be a low-medium volatility slot with a 2/5 rating, citing its commercial feel.  
Visually, the game offers a menacing atmosphere with dark, eerie settings and purple accents."
Crabbin' Crazy,"Crabbin' Crazy is a humorous, crab-catching themed slot game from iSoftBet with a Hold & Win mechanic. It features three bonus games: Pick a Crab, Free Spins Frenzy, and Let's Go Crabbin' with exciting rewards. The reviewer finds the game cheeky and entertaining, especially appreciating the creative thematic integration. Set against a bright seaside backdrop, the visuals are lively, though the audio feels slightly out of place."
All Star Knockout,"All Star Knockout is a retro fruit-themed slot game developed by Northern Lights Gaming in collaboration with Yggdrasil. It features a unique star collection mechanic and two main bonuses: Random Bonus and All Star Knockout Bonus. The game offers frequent wins due to its low volatility, but this may not appeal to hardcore players. Visually basic, the game includes a jazzy 70s-inspired soundtrack and uses simple yet smooth animations."
Cake & Ice Cream,"'Cake & Ice Cream' is a candy-themed online slot from Red Tiger, featuring a sweet-filled world with Instant Prize wins and feature buys. The game includes a 5-reel, 3-row grid with 20 paylines and symbols like sweets and cakes, offering payouts up to 2,500x the bet. The reviewer notes its similarity to other slots, appealing mainly to those who enjoy scatter-triggered Instant Prize games. Visually, the game is vibrant with a cotton candy backdrop, although its aesthetics are familiar to the genre."
What The Fox Megaways,"'What The Fox Megaways' offers a theme of opulence and nightlife, featuring neon lights and luxury foxes living it up. The game includes a 6-reel Megaways grid, wild multipliers up to x343, and a bonus round with up to 20 free spins. Reviewers appreciate its fun experience despite being a clone of Piggy Riches Megaways. The game boasts vibrant aesthetics with animated lights and a dynamic soundtrack enhancing the casino vibe."
Nice Catch DoubleMax,"Nice Catch DoubleMax, a fishing-themed slot by Yggdrasil Gaming, blends traditional money symbol collection with the DoubleMax multiplier system. Key features include a 5x3 grid with 243 ways to win, high volatility, and free spins with increasing multipliers. The reviewer finds the game enjoyable but not particularly compelling or memorable. The game presents a pleasant, albeit slightly bland, beach setting with serene visuals and audio."
Dragons vs GigaBlox,"Dragons vs GigaBlox features an Asian-themed world with two distinct dragon champions, Ruby and Jade, each offering unique gameplay modes. The game includes Gigablox mechanics, a 6x6 grid, and a bonus round with streak respins, alongside an RTP of 96% and high volatility. The reviewer appreciates the engaging gameplay options and aesthetically pleasing design, making it appealing for Asian slot enthusiasts. The visuals boast vibrant scenery with traditional architecture, complemented by thematic audio to enhance the gaming experience."
Beasty Blox Gigablox,"Beasty Blox Gigablox transports players to a jungle setting with animals dressed in human clothes.  
The game features Gigablox mechanics, free spins, wild multipliers, and Super Staxx symbols.  
The reviewer feels the game has creative elements but lacks frequent exciting features like Super Staxx.  
Artistry shines with clean, vibrant visuals and a slightly ominous jungle atmosphere."
Legacy of the Gods Megaways,"Legacy of the Gods Megaways is a slot game by Blueprint Gaming themed around ancient Greek deities and mythology. The game features up to 117,749 Megaways, cascading reels, a mystery symbol, and multiple free spin options with increasing multipliers. The reviewer appreciates the game's high RTP of up to 97.05% and its engaging features, despite the predictable theme. The aesthetics include a misty, mountainous setting with a stirring soundtrack that enhances the Hellenic atmosphere."
Hook ‘Em Up Frenzy,"Hook 'Em Up Frenzy is a fishing-themed slot game by iSoftBet, drawing players into a swampy, down-to-earth setting.  
It features a 5-reel, 3-row setup with 243 ways to win, multipliers in Go Fishin' Spins, and a free spins feature.  
The reviewer notes it as a wholesome game, despite lacking a money symbol collect mechanic, offering solid entertainment.  
Aesthetically, it combines an epic banjo and fiddle track with murky visuals for an immersive fishing experience."
Pharaoh’s Gaze DoubleMax,"Pharaoh's Gaze DoubleMax is an Ancient Egyptian-themed slot game with engaging visuals and a serious sovereign backdrop. It features the DoubleMax mechanic, Dropdown Feature, Pharaoh's Gaze Wilds, Scarab Free Spins, and a bonus buy option. The reviewer finds it a striking slot worth exploring despite not being the most visually stirring in its category. The game combines Ancient Egyptian-inspired visuals with an energetic rock soundtrack, enhancing the immersive experience."
Troll's Gold,"Troll's Gold is a slot game with a whimsical troll theme set in a scenic mountain locale. It features a 5-reel setup with 20 paylines, high volatility, and a Treasure Trove Respin Bonus Game. The reviewer appreciates the engaging features and potential for high returns. The game boasts a cartoonish art style and pleasant audio, enhancing its playful atmosphere."
Unusual Suspects,"'Unusual Suspects' is a crime-themed slot game featuring a detective versus gangsters narrative. It includes features like Wild Sticky Frames, nudging, collecting, free spins, and bonus buy/gamble options. The reviewer finds the game’s phase change odd but appreciates the detective angle and medium volatility with a 96.05% RTP. The aesthetic is a jazzy, big band soundtrack that enhances the game's swinging atmosphere."
Merlin's Magic Mirror Megaways,"**Overview:** Merlin's Magic Mirror Megaways is a fantasy-themed slot centered around the legendary wizard, Merlin, offering an enchanting gaming experience.  
**Features:** The game includes 6 reels with up to 117,649 ways to win, cascading reels, Merlin's Magic Modifiers, free spins, and an optional Magic Bet for enhanced features.  
**Verdict:** The game is highly volatile and offers a magical experience with diverse features, though the reviewer notes the RTP and potential for frequent feature activation through the Magic Bet.  
**Aesthetics & Audio:** The slot presents a mystical outdoor setting with mountains and trees, transitioning to a crystal-encrusted cavern during free spins, enhancing the magical theme."
Riddle Reels - A Case of Riches,"Riddle Reels: A Case of Riches immerses players in a Sherlock Holmes-themed detective adventure by Play’n GO. The game features a 3x3 grid with 9 paylines, offering wild multipliers, respins, and a complex bonus game with free spins. The reviewer finds the game entertaining, though reliant on luck rather than skill. The aesthetics evoke 19th Century London with clear symbols and ornate reel designs, complemented by atmospheric audio."
Pineapple Crush,"Pineapple Crush by Quickspin is a tropical-themed slot set in a vibrant South Beach, featuring fruity symbols and icy aesthetics. The game includes a 5x3 grid with 20 paylines, rising multipliers, free spins, and a gamble wheel to enhance winning potential. The reviewer appreciates its engaging features, though notes it as a reskin of an older game. The game boasts a refreshing look with icy, tropical visuals and a lively beach club soundtrack."
Beastwood,"Beastwood is an adventurous slot game themed around Mr. Beastwood, a sea bandit turned monster hunter, using a golden harpoon. It features an Endless Reels mechanic, expanding the grid with each win, alongside a ways system and various multipliers. The reviewer finds it a highly volatile game with engaging gameplay and a default RTP of 96.11%. The game showcases distinct Quickspin aesthetics with cartoonish designs and dynamic scenes transitioning from a living room to a monster-filled forest."
Dark King Forbidden Riches,"**Overview:** 'Dark King: Forbidden Riches' by NetEnt delves into a dark, atmospheric theme with a focus on an evil entity known as the Dark King.  
**Features:** The game includes sticky wilds, multipliers, and free spins, with a medium to high volatility and an RTP of 96.06%.  
**Verdict:** It's a captivating slot for fantasy fans, though it lacks depth in storytelling and can be a slow burn.  
**Aesthetics & Audio:** The game features a gothic atmosphere with glowing armor, candles, and eerie music, enhancing the dark fantasy vibe."
Lucha Legends,"Lucha Legends is a slot game themed around Mexican wrestling, featuring colorful masks and high-flying maneuvers. The game includes a Power Up Mode, Super Wild feature, and a free spins bonus with retrigger potential. The reviewer considers it a mediocre slot with frequent but low-excitement payouts. It boasts cartoon-style graphics, lively crowd cheers, and mariachi music, providing a vibrant gaming atmosphere."
Volatile Vikings,"Volatile Vikings is a Viking-themed slot game by Relax Gaming that offers a unique twist on a popular theme.  
The game features a 6x5 grid with a pay-in-all-position system, cascading wins, and a multiplier reveal function.  
The reviewer praises its engaging gameplay and appreciates the unique features, noting its high volatility and solid RTP.  
Visually, it combines icy and fiery aesthetics with an epic soundtrack, creating an almost mystical atmosphere."
777 Rainbow Respins,
}); 777 Rainbow Respins: Slot Overview777 Rainbow Respins from the zany guys at Crazy Tooth Studios,"777 Rainbow Respins features a leprechaun-themed slot with a rainbow and an unorthodox 4-reel, 7-row layout. The game offers Respin Insanity and a bonus feature with wild multipliers and free spins. The reviewer finds the game an uninspired clone of 777 Mega Deluxe, with common themes and low symbol values. The aesthetics include a deep green décor with cheerful visuals and smooth gameplay across devices."
El Paso Gunfight xNudge,"El Paso Gunfight xNudge is a Wild West-themed slot game centered around the infamous El Paso Gunfight and legendary lawman Dallas Stoudenmire. The game features a 5-reel grid with up to 43,334 ways to win, multiple volatility settings, and various features like xNudge Wilds, Deputy & Marshall Raids, and Gunfight Spins. The reviewer rates it highly for its engaging gameplay and thematic depth. Aesthetically, the game boasts a gothic visual style and an upbeat saloon soundtrack that complements its intense, action-packed experience."
Shaolin Panda Chaos Reels,"Shaolin Panda Chaos Reels is a kung fu-themed slot featuring a martial arts panda in a mystical setting. The game includes a fluid reel system with 3 to 8 reels and Panda modifiers like Punch, Wild, and Multiplier. The reviewer appreciates the engaging features and high volatility, though notes the RTP is 95.71%. The game boasts vibrant visuals and thematic audio, enhancing the immersive experience."
The Respinners,"The Respinners is a concert-themed slot game from Hacksaw Gaming's mobile-focused Pocketz series.  
It features a Crowd Goes Wild mechanic, respins, and free spins leading to potential high payouts.  
The reviewer appreciates its charm and playability, especially for mobile users, noting its generous RTP.  
The game has simple yet appealing graphics, with a Pixies-inspired soundtrack that enhances the experience."
Lucky Fishing Megaways,"Lucky Fishing Megaways, developed by Pragmatic Play, features an angling theme set in a picturesque seaside location.  
The game offers a 6+1 Megaways grid, free spins with a win multiplier, and a Fishing Boat wild conversion feature.  
Though not highly original, the game is a reskin of Power of Thor Megaways, yet remains popular due to its engaging elements.  
Visually, it boasts attractive graphics with blue skies and water, enhanced by sunset hues during free spins."
Blaze Buddies,"Blaze Buddies is a slot game featuring friendly, fantastical dragon creatures in snowy and lava-filled realms. It offers features like free spins with selectable modifiers, bonus buys, and high volatility with a 96.37% RTP. The reviewer notes the game's feel-good nature and engaging bonus mechanics but mentions limited base game action. Graphically, it presents cheerful dragon characters and immersive environments, enhancing the overall playful vibe."
Plenty O' Fish,"Plenty O' Fish merges the themes of leprechauns and fishing in a slot game by Blueprint Gaming. It features a 6-reel, 4,096 ways to win setup, with Cash Collect, jackpots, and free spins among its features. The reviewer expresses skepticism about the theme but acknowledges the game's functionality. The aesthetics include a river setting with Celtic imagery, complemented by a repetitive yet engaging fiddle-heavy soundtrack."
Ride the Lightning,"Ride the Lightning is a retro-themed slot game inspired by thrash metal and electric chair references.  
Features include 3 wild symbols, jackpots up to 500x, free spins with multipliers, and a feature buy option.  
The reviewer feels the game lacks impact, suggesting an official Metallica collaboration could have elevated it.  
The game has an energetic 80s metal soundtrack, with visuals of lightning amidst fast-moving clouds."
Coba,"Coba is a Central American-themed slot by ELK Studios featuring jungle and snake motifs.  
The game includes a 7x7 grid, Avalanche feature, Snake Meter, and X-iter modes for varied gameplay.  
The reviewer appreciates its innovative features, though the theme is familiar in the slot realm.  
Coba impresses with striking jungle visuals and immersive audio, enhancing the gaming experience."
Double Stacks,"""Double Stacks"" is a 5-reel, 3-row slot game from NetEnt with a retro theme reminiscent of classic fruit machines. It features a Double Stacks mechanic, free spins with stacked wilds, and a max win potential over 10,000x per single spin. The reviewer praises its impressive visuals, engaging gameplay, and considers it one of NetEnt's best recent releases. The game boasts stunning visuals and an outstanding 80's style soundtrack that enhances the retro vibe."
Spring Heeled Jack,"Spring Heeled Jack is themed around the eerie Victorian-era folklore character, set in the atmospheric streets of London. The game features a 5-reel, 3-row grid with 243 ways to win, mystery symbols, and a Jumping Jack Free Games feature with multipliers. The reviewer appreciates Blue Guru Games for choosing a unique, non-traditional character, though gameplay may not suit everyone. The game's visuals capture a gloomy Victorian aesthetic, complemented by a jaunty, Sherlock Holmes-style soundtrack."
Candy Wild Bonanza,"Candy Wild Bonanza by Stakelogic is a candy-themed slot inspired by Sweet Bonanza, featuring a 6x6 grid and sugary symbols. The game highlights include a Hold and Spin mechanic, Super Stake option, and cascading wins with multiplier and prize symbols. The reviewer appreciates the game's rewarding features and professional design despite its high volatility and moderate RTP of 95.73%. The aesthetics offer a colorful candy world complemented by charming audio, making it visually and aurally appealing."
Mega Moolah 4Tune Reels,"Mega Moolah 4Tune Reels revives the classic African safari theme with multiple reel sets.  
The game features 4 spinning reel sets, free spins with multipliers, and a progressive jackpot.  
The reviewer finds it dated but acknowledges its nostalgic appeal and high hit rate.  
The design includes cheerful animals and a vintage African landscape with classic sound effects."
The Eternal Widow,"The Eternal Widow is a vampire-themed slot game featuring an alluring vampiress and a graveyard setting. It includes a 5x4 grid with 30 paylines, a high-volatility model, free spins, and Wild Frenzy features. The reviewer found it somewhat engaging but not the most immersive or visually striking vampire game. The game offers an eerie soundtrack and decent visuals to complement its dark theme."
Wild Turkey Megaways,"**Overview:** Wild Turkey Megaways revamps the classic 2013 avian-themed slot, set in a turkey-populated village.  
**Features:** The game includes a 6-reel Megaways system, Avalanche feature, free spins, and two types of wild symbols.  
**Verdict:** A nostalgic revisit with modern twists, Wild Turkey Megaways offers an engaging blend of old and new.  
**Aesthetics & Audio:** The game retains its charming graphics with minor enhancements, providing a familiar and heartwarming setting."
Blood & Shadow 2,"**Overview:** Blood & Shadow 2 immerses players in a dark, ritualistic theme with elements reminiscent of Edgar Allan Poe and the French Revolution.

**Features:** The game includes a 5x5 grid with up to 3,125 ways to win, a Ritual Bar with progression levels, and various spins and multipliers.

**Verdict:** The reviewer appreciates the game's rich features and dark atmosphere, though its extreme volatility might be challenging for some.

**Aesthetics & Audio:** The game retains the original's gothic style with dripping candles and ominous symbols, enhancing its eerie ambiance."
Numero Uno,"Numero Uno is a Mexican wrestling-themed slot game featuring flamboyant lucha libre with animal wrestlers. The game includes classic features like Rolling Reels, Wild Showdown, and free spins with progressive multipliers. The reviewer finds it familiar and colorful but lacks originality in gameplay. The aesthetics are lively, with a joyful Mariachi-style soundtrack and vibrant visuals."
Diamond Mine 2 Megaways,"Diamond Mine 2 Megaways is a mining-themed slot game with a familiar yet engaging setting. It offers exciting features like cascading reels, mystery symbols, and a choice between free spins or Gold Spins. The reviewer finds it a solid sequel, maintaining the charm of the original while introducing meaningful updates. The game boasts a vibrant aesthetic with a rocky desert backdrop and a twangy banjo soundtrack."
Chicken Night Fever,"Chicken Night Fever is a disco-themed slot game, reskinned from Blazing Mammoth XL by Pear Fiction Studios. It features SwiftHits scatter symbols for instant cash prizes, a free spins round with win multipliers, and up to 7,776 ways to win. The review appreciates the game's quirky charm but notes it's essentially a reskin. The graphics are vibrant with bold symbols, a warm barnyard setting, and celebratory disco ball animations."
HarleCoin,"HarleCoin by Red Tiger blends the themes of coins and harlequins, offering a mysterious, opulent slot experience. The game features a 3-reel grid with 1 payline, symbol value boosts via HarleCoins, and a free spins bonus. The reviewer finds the game lacks balance, with frequent free spins and abundant HarleCoins, but low potential for massive wins. Aesthetically, it boasts a rich, Venetian mask party vibe with gold and gemstone visuals, though somewhat marred by the value panel."
GemPops,"GemPops, a slot game by AvatarUX, combines magical exploration with innovative features like Popscade and variable reel heights. Players can enjoy reel multipliers, Xpops, bomb symbols, and free spins, enhancing the dynamic win-all-ways pay system. The reviewer appreciates its engaging mechanics but notes it doesn't delve deeply into its magical theme. The game's aesthetics feature arcane patterns and scrolls, complemented by a pleasant audio experience."
Rujak Bonanza,"Rujak Bonanza is a slot game themed around the Indonesian fruit and vegetable salad, rujak, set in an urban backdrop.  
The game features a 6-reel, 5-row grid, scatter-paying mechanics, a tumble feature, and a free spins round with multipliers.  
The reviewer suggests Rujak Bonanza is a reskin of Sweet Bonanza, likely targeting the Indonesian market, and finds it entertaining.  
The game presents a calm visual aesthetic with buildings and produce, while the audio enhances the excitement during spins."
Eggz! POWER COMBO,"Eggz! Power Combo is a prehistorically themed online slot resembling The Flintstones, with a cartoonish design.  
The game features a 5-reel, 4-row grid with 40 paylines, offering free spins with nudging wilds, jackpots, and multipliers.  
The reviewer finds it more inviting than its predecessors, appreciating its amusing atmosphere and engaging gameplay.  
The game boasts vibrant, cartoon-style graphics and a jolly ambiance, enhancing the overall player experience."
777 Super Strike,"777 Super Strike centers on the classic, globally popular number 7 theme with a retro gaming style.  
It features a 5-reel grid, free spins levels called 7th Heaven, and offers a feature buy option.  
The reviewer finds the game to be mediocre, lacking innovation despite some tweaks to familiar elements.  
Aesthetically, it uses dominant green tones and minimalist visuals, accompanied by a classic slot ambiance."
Pirots 2,"Pirots 2, a sequel by ELK Studios, transports the Fearful Four birds to a dinosaur-inhabited world reminiscent of Jurassic Park. It features a 6x6 to 8x8 expandable grid, medium-high volatility, and engaging mechanics including birds collecting and upgrading symbols. The reviewer finds it both familiar and refreshingly different, likely to intrigue players with its blend of classic and new elements. Visually, it offers dynamic graphics and an audio score that builds tension, enhancing the thrilling prehistoric atmosphere."
Hop 'N' Pop,"Hop 'N' Pop takes players to a produce farm with a theme centered around fresh fruits and vegetables. The game features a 7x7 grid, cluster pays, free spins, progressive multipliers, and bonus buy options. The reviewer finds the slot cheerful yet highly volatile, with a decent RTP of 96.20% and significant potential for big wins. The game’s aesthetics include wooden barns, green hills, and an upbeat reggae-style soundtrack."
Big Bass Bonanza Reel Action,"Big Bass Bonanza Reel Action immerses players in a fishing-themed slot adventure on a 5-reel game grid, set beneath the sea. The game features include free spins, Money symbol collections, an Ante Bet option, and a Feature Buy for instant bonus round access. The reviewer rates it 4 out of 5, appreciating the new bonus entry methods but noting the slight RTP drop to 96.5%. Visuals stay consistent with its predecessor, maintaining a familiar aquatic aesthetic and ambiance."
Scourge of Rome,"Scourge of Rome is an antiquity-themed slot by Play'n GO, centered around Hannibal's historic journey.  
The game features a 6-reel, 4-row grid with 4,096 ways to win, dynamic free spins, and wild symbols.  
The reviewer appreciates the unique theme and dynamic gameplay, highlighting the game's high volatility.  
Aesthetics include animated maps and detailed visuals, with atmospheric audio complementing the theme."
Gold Digger Megaways,"Gold Digger Megaways, set in a mining theme, features Gus and his dog Boomer exploring the gold-filled mines. The game offers up to 117,649 ways to win, enhanced by the Megaways engine, and includes Cascading Wins, Mining Modifiers, and a Gold Hold & Win Respins bonus. The reviewer appreciates the engaging features and character additions, noting a satisfying blend of innovation and familiarity. Aesthetically, the game presents a vibrant mining scene with dynamic audio elements to enhance player immersion."
The Wish Master,"The Wish Master, inspired by One Thousand and One Nights, is a genie-themed slot game from NetEnt. It features a 5x3 grid, 20 paylines, and various modifiers like extra wilds, expanding wilds, and multipliers. Despite its age, it remains engaging with a simple yet rewarding gameplay, offering potential wins up to €450,000. The game combines darkly edged graphics with a fantasy-infused soundtrack, enhancing its exotic allure."
Duck Hunters,"'Duck Hunters' by Nolimit City humorously explores duck hunting and American redneck culture. The game features a 6x5 scatter pays slot, with xWays, Bombs, and various free spin modes offering dynamic gameplay. The reviewer appreciates its sharp humor and creative features, making it an engaging experience. The visuals are autumnal and chaotic, with clever audio elements complementing the theme."
Madame Ink,"Madame Ink is a tattoo-themed slot game by Play’n GO, set against an Asian-inspired backdrop. It features a 5-reel, 243 win-ways system, with medium volatility and three free spin options. The reviewer appreciates its unique theme and balanced gameplay, rating it favorably. The game is noted for its artistic graphics and immersive audio that enhance the tattoo theme."
3 Tiny Gods,"'3 Tiny Gods' is a quirky slot game set in Ancient Egypt featuring pint-sized deities with unique powers. It includes a 5-reel, 30-payline format, free spins, reel modifiers, jackpots, and a bonus buy option. The reviewer appreciates its cartoonish style and medium volatility, rating it favorably. The game offers vibrant visuals, with a rhythmic but generic soundtrack enhancing the playful atmosphere."
Archie O'Loggins and the Enchanted Masks,"Archie O'Loggins and the Enchanted Masks takes players on an Incan adventure with an explorer theme set in lush jungle surroundings.  
The game features a 7x7 grid with cluster pays, cascading wins, special wilds, and an engaging bonus game.  
The reviewer appreciates its bold, colorful presentation and thrilling gameplay, despite the relatively low RTP of 94.16%.  
Aesthetically, the game is vibrant, with intricate stonework and a dynamic jungle backdrop, enhancing the immersive experience."
Storm to Riches,"Storm to Riches immerses players in a thrilling Viking sea adventure, featuring a battle against giant waves and the legendary Kraken. The game offers an expandable grid with up to 45 paylines, wilds that move across reels, and features like Viking Treasure and Ride the Storm. The reviewer appreciates the engaging gameplay mechanics but notes its medium volatility. The slot boasts dramatic visuals of Viking ships and an atmospheric soundtrack, enhancing the stormy theme."
Hand of Midas 2,"Hand of Midas 2 is a Greek Mythology-themed slot game sequel from Pragmatic Play, featuring a familiar 5x3 grid with 20 paylines. It offers a high volatility experience with wild multipliers and a free spins bonus round that can be purchased. The reviewer appreciates the tweaks and continuity from the original, although they note similarities may blur distinctions. Visually, it presents a crisply defined, gold-accented aesthetic with a mystical audio backdrop."
Cash Defense,"Cash Defense is a medieval-themed slot game where players defend against an alien bug invasion. It features a 5-reel, 4-row setup with 26 paylines and includes unique elements like SuperSpinners and Tower Defense bonuses. The reviewer appreciates its engaging mechanics and medium-high volatility, awarding it a score of 7.5. The game combines a sweeping war-like soundtrack with creative bug symbols to enhance the immersive experience."
The Grand Show,"**Overview:** The Grand Show is a circus-themed slot featuring Instant Prize symbols, Jackpot symbols, and a unique Bonus feature.  
**Features:** It includes free spins, a 5-reel, 4-row setup with 20 paylines, and Push Bet options to increase feature chances.  
**Verdict:** The game offers a more accessible experience with medium volatility, aligning with mainstream slot preferences.  
**Aesthetics & Audio:** The game transitions from day to night settings, with circus-themed visuals and a classic carnival ambiance."
Hot to Burn 7 Deadly Free Spins,"Hot to Burn 7 Deadly Free Spins by Pragmatic Play offers a retro, fire-themed slot experience.  
The game features respins, free spins, and an ante bet option with high volatility and a 96.54% RTP.  
The review praises its unique quirks but notes the close-up character imagery may be off-putting.  
The aesthetics include classic symbols with a heated, ember-filled backdrop and intense audio effects."
Itero,"Itero offers a philosophical theme with a classical Roman setting and introspective mood.  
The game features a unique EchoSpins mechanic, high volatility, and two bonus rounds: Wrath of Jupiter and Gift from the Gods.  
The reviewer appreciates the innovative mechanics but notes the game's high volatility requires patience.  
Aesthetically, Itero uses a dark palette with bright neon accents and a piano-led soundtrack, creating a contemplative atmosphere."
Canny the Can and the Book of Time,"'Canny the Can and the Book of Time' is a slot game that blends themes of witchcraft and time travel. It features a 5-reel, 4-row setup with 20 paylines, and includes free spins with expanding symbols and a bonus round called 'What Time Is It?'. The reviewer appreciates the game's charming randomness and vintage animation style. Aesthetically, it combines old-school Disney-like visuals with a lively oompah-style soundtrack."
Plunderin' Pirates Hold & Win,"**Overview:** Plunderin' Pirates Hold & Win by iSoftBet invites players on a high seas adventure with a pirate theme, featuring a bearded pirate character.  
**Features:** The game includes a central streak respin bonus game with Booty Boosters, alongside Explosive Modifiers that add wilds and transform symbols.  
**Verdict:** While not groundbreaking, the game is attractive and balanced, ideal for those familiar with iSoftBet's Hold & Win series.  
**Aesthetics and Audio:** The slot offers a visually appealing mix of cartoon and grim styles, though the demo had an incongruent banjo soundtrack, expected to be updated for the full release."
Rise of Pyramids,"'Rise of Pyramids' is themed around a futuristic, technologically advanced ancient Egypt.  
Features include a 7-reel honeycomb grid, tumbles, respins, free spins with multipliers, and feature buys.  
The reviewer finds the theme inventive but the gameplay features rather conventional.  
Visually, it offers a vibrant display with illuminated pyramids and an intriguing Egyptian queen figure."
Sword of Arthur,"Sword of Arthur by Thunderkick immerses players in an Arthurian legend-themed slot with a classic 5-reel, 10-payline setup. The game features expanding symbols, a high volatility math model, and options for Bonus Boost and Bonus Buy with varying RTPs. The reviewer appreciates the consistent hit rate but notes the relatively low default RTP. Visually, the slot maintains Thunderkick's reputation for quality aesthetics, though slightly less vibrant compared to similar titles."
Outlaws Hunter,"Outlaws Hunter immerses players in a classic Wild West setting, complete with dusty streets and saloon showdowns. The game features a 5-reel, 4-row grid with 50 paylines, wild symbols that expand and multiply, and a free spins bonus with sticky wilds. The reviewer finds the game enjoyable but less intense than other Wild West-themed slots, with a lower volatility math model. The Western atmosphere is well-captured through twangy guitar audio and solid, albeit familiar, visuals."
Cashpot Kegs Megaways,"Cashpot Kegs Megaways by Kalamba Games combines themes from Oktoberfest and earlier slots, offering a beerhouse ambiance. The game features a 6-reel Megaways system, a volatile math model, a prize ladder, and options like free spins and bonus buys. The reviewer finds the game to be a lackluster rehash with limited immersive qualities. Visually uninspiring, the game's soundtrack mismatches its theme, lacking the expected festive beerhouse vibe."
Devil's Trap,"Devil's Trap is a Halloween-themed slot game by Stakelogic, set in a spooky fairground with supernatural elements.  
Features include free spins, random wild respins, wild nudges, and cash prize wins, with high volatility and a 96.26% RTP.  
The reviewer finds it more gimmicky than frightening, offering a mild Halloween experience with decent gameplay.  
Aesthetically, the game has a fairground horror theme, but the soundtrack is repetitive and lacks excitement."
Cash-O-Matic,"Cash-O-Matic by NetEnt features a vintage cash machine theme with an art deco-inspired design.  
The game uses a symbol drop engine with multipliers up to 50x in the Free Spins feature and offers 1024 ways to win.  
Though initially confusing and visually underwhelming, the slot's potential and unique mechanics may grow on players.  
The game includes a repetitive, quirky Oompah-style soundtrack, contributing to its old-fashioned, opulent aesthetic."
Thunder Shields,"Thunder Shields is a Viking-themed slot from iSoftBet, featuring adventurous sea voyages and loot quests. It offers 40 paylines, medium/high volatility, and a variety of features including respins, Mystery Spins, and the Hold & Win mechanic. The reviewer found the game engaging but noted that symbol values are relatively low. The game showcases a dramatic visual and audio experience, with striking imagery and a fitting soundtrack."
Wild Beach Party,"Wild Beach Party by Pragmatic Play is a beach-themed slot with an anime-style character, offering a subdued party vibe. The game features a 7x7 grid, cluster pays, tumbles, random wild multipliers, and a free spins bonus. The reviewer finds the features effective but not particularly exciting, with a verdict leaning towards a mediocre experience. The game presents vibrant fruit symbols and a cartoonish aesthetic, with a contrasting day-to-night transition in its visuals."
Fire and Gold Cluster Breaker,"Fire and Gold Cluster Breaker transports players to a vibrant, Aztec-themed jungle with volcanoes.  
The game features cluster pays, cascading symbols, multipliers, and Hold 'N' Win rounds, among others.  
The reviewer appreciates its engaging mechanics and high volatility, giving it a positive verdict.  
Visually, the game is striking with dynamic animations and immersive audio enhancing the experience."
Hot Turkey,"Hot Turkey is a Christmas-themed slot game by Thunderkick featuring exploding birds and festive elements. It offers a 7x7 cluster-paying grid with Avalanche mechanics, Exploding Wilds, and a bonus buy option. The reviewer appreciates its festive charm and effective simplicity despite a lower RTP of 94.13%. The game boasts cozy visuals with symbols like mistletoe and a frothing mug of beer, enhancing the festive atmosphere."
La Fiesta,"La Fiesta takes players to a vibrant Spanish town, celebrating famous festivals with a flamenco theme.  
The game features three random modifiers, four bonus games, and a gamble feature for potential upgrades.  
The reviewer finds it packed with features and festive atmosphere, providing a positive experience.  
Cartoon-like visuals, frequent animations, and a jazzy soundtrack enhance the game's lively aesthetic."
Katmandu X,"Katmandu X merges the themes of Katmandu Gold and Propaganda, offering an exotic snowy, Asian-inspired slot experience. It features a 6x6 grid with a cluster pays system, wild symbols, multipliers, and the X-iter feature. The reviewer appreciates the game's generous RTP compared to other ELK Studios releases and its engaging mechanics. Visually, Katmandu X is praised for its stunning graphics, with symbols revealing a majestic pagoda and an immersive, exotic atmosphere."
Shark Wash,"Shark Wash is an underwater-themed slot featuring friendly shark characters running a quirky wash service.  
Key features include a Countdown Wild mechanic, win multipliers, free spins with persistent multipliers, and a bonus buy option.  
The reviewer finds it a unique and entertaining game with a highly volatile math model and a good RTP range.  
The game boasts cartoonish artwork and a cheerful audio backdrop, enhancing its inviting and whimsical atmosphere."
Golden Glyph 3,"Golden Glyph 3 is an Ancient Egyptian-themed slot from Quickspin, featuring Horus and iconic Pharaoh imagery.  
The game includes features like Chaos Clusters, Power Glyphs, Golden Glyphs, and various Power-Up Features.  
The reviewer rates it highly for its engaging gameplay and high volatility, likening it to its successful predecessors.  
Aesthetically, it offers a visually rich experience with vibrant symbols and a sunlit Egyptian backdrop."
Treasures of the Dead,"'Treasures of the Dead' is an Egyptian-themed slot game by Lucksome, featuring expanding symbols and Hyperlines. The game includes special features like free spins, Hyperline multipliers, and a medium-high volatility math model. The reviewer appreciates the engaging gameplay and statistical depth, awarding it a 7.5 out of 10. The game offers modern aesthetics with a visually appealing design and an enjoyable audio experience."
The Goonies Return,"**Overview focusing on the game theme:**  
The Goonies Return revisits the adventure of Mikey and friends in a treasure-hunting slot inspired by the iconic 80s film.

**Focus on the game features:**  
The game boasts 6 One-Eyed Willy modifiers and 6 bonus rounds, offering a rich array of engaging gameplay elements.

**Summary of the reviewer's verdict:**  
The Goonies Return enhances the original with improved features and respectable RTP, providing an exciting branded slot experience.

**Description of the game aesthetics and audio (if mentioned):**  
Improved graphics and additional voiceovers immerse players in the film's atmosphere, enhancing the nostalgic feel."
Oxygen 2,"Oxygen 2 is an aquatic-themed slot game by ELK Studios, set in an underwater grotto filled with colorful creatures and human debris.  
The game features a 6x7 grid, cluster pays, multiplier mechanics, and special wild symbols with explosive features.  
The reviewer finds it less attention-grabbing than some peers but appreciates its engaging mechanics and high volatility.  
Oxygen 2 has vibrant visuals with an underwater ambiance, complemented by themed audio effects."
Bamboo Riches,"Bamboo Riches, inspired by panda diplomacy, immerses players in a cute panda-themed slot set against a classic Asian backdrop.  
The game features a 5x3 grid with 1,024 ways to win, leveraging wilds, multipliers, and cascading mechanics for enhanced gameplay.  
The reviewer appreciates the game’s charming visuals and engaging features but notes the theme feels somewhat familiar.  
Bamboo Riches boasts pleasing graphics and a haunting dragon spirit effect, complemented by a fitting Asian-themed soundtrack."
Battleship Direct Hit Megaways,"Battleship Direct Hit Megaways, inspired by the classic naval combat game, offers players a strategic gaming experience. The game features cascading reels, up to 117,649 ways to win, and explosive bonus rounds. The reviewer appreciates its dynamic gameplay and rewarding mechanics. The game boasts immersive graphics and engaging sound effects, enhancing the overall experience."
The simple strategy game of Battleship for two players dates back to the 1930s when it was played with pencil and pad,"Battleship Direct Hit Megaways brings the classic naval warfare theme to life on the reels.  
The game features Cascading Wins, Turret Fire, and Missile Symbols that enhance gameplay.  
Despite its entertaining elements, the limited max win potential of 2,500x disappoints.  
Visually appealing but fails to capture the excitement of the original board game."
Queen of Gods,"Queen of Gods is an Egyptian-themed slot centered on Cleopatra, developed by Pragmatic Play. The game features full-stack wilds, modest multipliers in free spins, and a 5-reel, 3-row format with 10 paylines. While visually appealing, the reviewer finds the game generic and its features underwhelming. The aesthetics include bright visuals with Anubis statues and a typical Egyptian soundtrack, evoking familiarity rather than novelty."
Wild Cats Multiline,"Wild Cats Multiline by Red Tiger offers a feline-themed slot with a unique Multiline mechanic. The game features randomly generated rows, ranging from 2 to 7, similar to Megaways-style slots. The reviewer finds the game somewhat intriguing but notes it lacks novelty compared to similar mechanics. The aesthetics and audio are not detailed in the review."
Wild Cats Multiline is a 6-reel slot that can produce up to 49 paylines when fully expanded. The main game is pretty much a bonus hunt with little excitement to offer. Instead,"Wild Cats Multiline is a 6-reel slot with a feline theme, offering up to 49 paylines.  
Features include the Royal Spins Free Spins, where wild symbols play a key role.  
The game is considered mediocre, lacking excitement and innovative mechanics.  
Graphics and audio are unremarkable, contributing to a less engaging experience."
Fruit Storm,"Fruit Storm is a weather-themed slot game set on a bustling farm with produce and livestock, developed by Stakelogic. It features tornadoes that add wilds, multipliers up to x100, free spins, and a unique cloud feature. The reviewer appreciates the game's volatility and engaging gameplay but notes its classic theme inspiration. The game boasts contrasting visuals of calm and chaotic farm scenes, complemented by serene audio elements."
Gritty Kitty of Nitropolis,"**Theme:** Gritty Kitty of Nitropolis is set in a post-apocalyptic world dominated by animal clans in a futuristic, Asian-inspired environment.

**Features:** The game offers a 6-reel grid with up to 262,144 ways to win, featuring avalanches, Nitro Reels, Feature Reels, and various bonus spins.

**Verdict:** The game is highly volatile and packed with features, promising an engaging experience for fans of complex slots.

**Aesthetics/Audio:** It features a gritty, metallic design with a dynamic soundtrack blending distorted guitar, synth, metal, hip-hop, and EDM."
El Dorado Infinity Reels,"**Theme Overview:** 'El Dorado Infinity Reels' by ReelPlay immerses players in the mythical quest for El Dorado, set in a lush South American jungle.

**Game Features:** The game features include an innovative Infinity Reels mechanic, expanding reels, progressive multipliers, and a free spins mode with strategic banking options.

**Reviewer’s Verdict:** The game offers a unique and engaging experience with frequent base game wins and potential for impressive payouts, scoring 7.5.

**Aesthetics and Audio:** High-quality graphics and original symbols create a visually appealing game, complemented by a soothing pan pipe soundtrack."
Juiced DuoMax,"Juiced DuoMax is a laid-back beach-themed slot game set in a seaside bar, developed by Bulletproof Games. It features a 5-reel setup with cascading symbols, Happy Hour free spins on dual reel sets, and a buy-a-bonus option. The reviewer finds its low-energy vibe potentially boring, with a highly volatile math model and a 96% RTP. Aesthetically, it combines tropical visuals with a ukulele-led soundtrack, enhancing the relaxing atmosphere."
Tales of Mithrune Syn's Fortune,"Tales of Mithrune Syn's Fortune is a fantasy-themed slot with imaginative characters and an Arabic twist. It features character upgrades, a Power Up feature, and free spins with potential multipliers. The game offers a balanced experience but is seen as a lateral move from its predecessor. Visually appealing with detailed aesthetics and engaging audio, it leaves a strong first impression."
Otterly Amazing,"'Otterly Amazing' is an otter-themed aquatic slot game by Blue Guru Games focused on ocean conservation. It features expanded reels, free spins, stacked wilds, and mystery symbols across a highly volatile gameplay. The reviewer finds the storyline engaging but notes the retro soundtrack as potentially out of place. Visually, the game showcases underwater scenes with a semi-transparent grid and 1980s cartoon-style audio."
Pirots X,"Pirots X by ELK Studios combines pirate and parrot themes in a vibrant slot game setting. It features a cluster pays system and various bonuses like bombs, big symbol drops, and cascading reels. The reviewer appreciates the bold shift away from the CollectR mechanic, noting its high volatility and varying RTP. The game boasts colorful graphics and engaging audio, enhancing its adventurous pirate treasure hunt aesthetic."
John Hunter And The Mayan Gods,"'John Hunter and the Mayan Gods' takes players to the jungles of Central America, exploring the ancient Mayan culture. The game features a 5-reel, 3-row setup with expanding wilds and a free spins symbol upgrade mechanic. The reviewer notes the game's high volatility and solid RTP of 96.46%, but suggests it feels somewhat rushed overall. Bright visuals and a 1930s-style soundtrack enhance the adventurous atmosphere."
Midas Golden Touch 3,"Midas Golden Touch 3 by Thunderkick returns with a Greco-Roman theme, featuring realistic graphics and a soaring soundtrack. The game includes wild symbol multipliers, the Gift of Midas feature, and free spins with sticky respins, alongside bonus buys and a Bet+ option. The reviewer suggests that while it lacks the warmth of its predecessors, the added realism may appeal to some players. Aesthetically, the game opts for a more realistic visual style, with an impressive audio experience, particularly during big wins."
Most Wanted,"**Overview:** Most Wanted transports players to a Wild West setting, embracing a fictional ""most wanted"" theme.

**Features:** The game includes cascades, multiplier symbols, free spins, a bonus bet, and a buy bonus option.

**Verdict:** The reviewer notes the game heavily mirrors Pragmatic Play's offerings, lacking originality.

**Aesthetics & Audio:** While the visuals competently depict a classic frontier town, they offer nothing particularly innovative."
Grim The Splitter Dream Drop,"Grim The Splitter Dream Drop offers a dark, intriguing theme centered around an intense character called The Splitter.  
The game features include a progressive jackpot, high volatility, and the Splitter feature where symbols can be duplicated.  
The reviewer finds it intriguing yet sparsely detailed, with unique elements compared to other Dream Drop slots.  
Aesthetically, it evokes a grim atmosphere with cobwebbed, candle-lit settings complemented by a mysterious audio backdrop."
4 Fantastic Vikings Go Fishing,"1. '4 Fantastic Vikings Go Fishing' combines elements from 4 Fantastic Range and Vikings Go series in a Viking-themed fishing adventure.
2. The game features include Money Ways wins, Big Game Prizes, a Fighting Respins Bonus, Shark feature, and feature buys.
3. The reviewer finds the slot highly volatile, positioned between two extremes of its predecessors, with engaging but challenging gameplay.
4. The game is set on a longship with recognizable Viking characters, offering a visually striking icy realm beneath a romantically lit sky."
Links of Ra,"Links of Ra immerses players in an ancient Egyptian theme filled with pyramids and exotic adventures. The game features Power Stacks, free spins with multipliers, and a Link&Win feature offering four jackpots. The reviewer finds it a well-made slot with professional graphics and a slick user interface. The aesthetics capture Egypt's mystique, with well-drawn symbols and a polished audio experience."
Bison Blocks,"Bison Blocks takes players into a mysterious, wooded setting, diverging from the typical open prairie buffalo theme. The game features a cascading mechanic, Super Stake option, and up to 46,656 ways to win with free spins and multipliers. The reviewer appreciates its unique approach but notes it may not satisfy those seeking traditional buffalo-themed slots. Visually, the game offers a murkier, less obvious aesthetic compared to typical bison games."
100 Fortunes,"100 Fortunes is an Asian-themed slot developed by Northern Lights Gaming, featuring traditional Chinese elements.  
The game includes a 5-reel, 6-row grid, Yo-Yo Smash Bonus, Pick Me Bonus, and Free Spins with up to 100 paylines.  
The reviewer feels the game is aesthetically pleasing but lacks a strong initial impact, offering mixed first impressions.  
Visually, it features a rural Chinese village backdrop with a traditional soundtrack, albeit with a loud gong intro."
Kangaroo King,"**Overview:** Kangaroo King is an Australian-themed slot game by Stakelogic, featuring a boxing kangaroo set in a rural landscape.  
**Features:** The game includes a 5x5 grid with 15 paylines, wild symbols, a Super Stake feature, and free spins with a growing wild element.  
**Verdict:** The reviewer appreciates the game's entertaining features and connections to familiar slot mechanics, offering a thrilling and volatile gaming experience.  
**Aesthetics and Audio:** The game boasts vibrant visuals and a jaunty soundtrack, capturing the charm of an Australian outback adventure."
Book of Adventure,"""Book of Adventure"" is themed around ancient Egypt, featuring symbols like Horus, Anubis, and Tutankhamun.  
The game includes a free spins feature triggered by book symbols acting as wild and scatter, with expanding symbols for bigger wins.  
The reviewer notes it as an exact clone of ""Book of Dead,"" offering similar playability and mechanics, suggesting personal player preference.  
It boasts a classic Egyptian aesthetic with a golden color scheme and Arabian-style audio, creating an immersive atmosphere."
Sidewinder DoubleMax,"Sidewinder DoubleMax is an online slot with a retro theme, featuring a nostalgic arcade-style aesthetic. The game includes a 5-reel, 20-payline setup, a highly volatile math model, and features like the Sidewinder mechanic, Golden Bet, and bonus buy options. The reviewer finds the game lacking in modern appeal, catering mainly to fans of Reflex Gaming's old-school style. Visually and audibly, the game is reminiscent of 80s or 90s arcade games, with basic effects and a simple presentation."
Mega Money Machine,"Mega Money Machine is a simplistic slot game with a money-themed concept, reminiscent of a cash-dispensing device. It features a unique single payline setup, offering 3 or 4 reels with variable betting options and a shifting reel mechanism. The reviewer finds it novel yet basic, appealing to fans of straightforward gameplay. The game’s aesthetic is minimalistic, featuring a green dollar bill motif and a jazzy soundtrack."
Big Bass 3 Reeler,"Big Bass 3 Reeler transports players beneath the sea on a familiar 3-reel, 5-payline slot.  
It features wilds, free spins, and a bonus buy option, with multipliers up to x20 in super free spins.  
The reviewer feels the series is overextended, with little innovation beyond the 3-reel setup.  
Aesthetics maintain the aquatic theme with underwater visuals and sound elements typical of the series."
Chocolates,"Chocolates is a sweet-themed slot game by Big Time Gaming set in an Alpine environment. It offers a 4x4 grid with features like box symbols that increase win ways and a Golden Ticket Wild with multipliers. The reviewer appreciates its classic BTG feel and potential for big wins despite its unassuming appearance. The game boasts homely graphics, a tranquil Alpine setting, and a mix of slot and cuckoo clock sounds."
Pearl O Plinko Mermaid Cove,"Pearl O Plinko Mermaid Cove combines a Plinko-style game with an aquatic mermaid theme.  
The game offers features like Award Pockets, Bonus Pockets, Portal Gates, and a high RTP of 98.1%.  
The reviewer praises its originality and the seamless Plinko experience without traditional slot reels.  
The game features vibrant aquatic visuals and engaging audio, enhancing the playful theme."
Drill That Gold,"Drill That Gold is a mining-themed slot game by Pragmatic Play, set in an underground ore extraction environment.  
The game features high volatility, a 5x3 grid, 20 fixed paylines, and various features like Drill Feature, Spin Modifiers, and Gold Spins.  
The reviewer finds the game moderately engaging, with its features just enough to differentiate it from other mining slots.  
Aesthetically, it presents a standard mining scene with mechanical elements and a miner character, complemented by thematic audio."
Bow of Artemis,"Bow of Artemis immerses players in a hunting-themed slot inspired by the Greek goddess Artemis. The game features an 8x8 grid with cluster pays, tumbling mechanics, and progressive bonuses with multipliers. The reviewer finds the game interesting but notes it doesn’t deeply explore mythology. Aesthetically, it offers a mystical autumnal forest setting with divine visuals of Artemis overseeing the game."
come into the screen.Teal - awards the Wild Pack. All instances of one random symbol on the grid are transformed into wilds.Purple - awards Big Game Hunter. Random blocks of 2x2 of the same symbol are added to random positions on the grid.Red - awards Colossal Game. A random block of 3x3,"**Overview:** Bow of Artemis combines elements from Reactoonz and Gems Bonanza, focusing on symbol collection and level progression.  
**Features:** The game includes modifiers like Wild Pack, Big Game Hunter, and Colossal Game, with progression through levels enhancing multipliers.  
**Reviewer's Verdict:** The game effectively utilizes a proven formula, providing engaging gameplay, though it may not be groundbreaking.  
**Aesthetics and Audio:** Not explicitly detailed, but the gameplay is described as visually expansive and potentially appealing to fans of similar genres."
Tiki Treasures Megaways,"Tiki Treasures Megaways transports players to a Polynesian jungle with a 6-reel slot featuring up to 117,649 ways to win. Key features include cascading reels, Mystery Symbols, a free spins game with selectable volatility, and a randomly activated jackpot. The reviewer finds the game lacks originality, with better alternatives available, but appreciates the popular Megaways engine. Aesthetically, the game offers a jungle backdrop, totem poles, and intense drum-based music, enhancing the immersive experience."
World Darts Championship,"World Darts Championship by Blueprint Gaming brings the competitive excitement of the PDC World Darts Championship to the slot world.  
Features include a 5-reel, 10-payline grid with free spins and cash prizes collected by wild symbols.  
The reviewer appreciates the thematic integration but notes the game lacks originality, relying heavily on Fishin' Frenzy mechanics.  
The game captures the essence of a darts event with authentic visuals and sounds, appealing to darts enthusiasts."
Snake Arena,"Snake Arena, developed by Relax Gaming, is a modern slot with a nostalgic Snake game theme from Nokia phones. The game features a 5x5 setup, 30 fixed paylines, Wild Chase, and Free Spins rounds with high volatility and an RTP of 96.25%. The reviewer appreciates the originality of the bonus game but finds the base game slightly monotonous. The visuals are charming with Clash of Clans-like symbols and a fitting soundtrack."
The Invisible Man,"**1.** 'The Invisible Man' slot by NetEnt is inspired by the 1933 film, offering a cinematic, old Hollywood experience.  
**2.** The game features a 5-reel, 20-payline setup, with both-way pays, wilds, respins, and a bonus game with free spins.  
**3.** The review appreciates the engaging features and decent RTP but notes that the game's potential for massive wins is limited.  
**4.** The slot maintains a 1930s aesthetic with smooth animations, colorful characters, and a soundtrack from the film."
Riders of the Storm,"'Riders of the Storm' by Thunderkick features a steampunk theme with three characters navigating a turbulent journey. The game offers 243 ways to win, wild multipliers, and various free spins options, enhancing its replay value. The reviewer praises its engaging mechanics and potential for rewarding gameplay. Visually, it boasts detailed graphics set against a stormy backdrop, complemented by immersive audio."
Giants & Sheep,"Giants & Sheep is a whimsical slot game by Relax Gaming, blending folktale elements with a playful twist. It features a 5-reel, 40-payline setup with expanding wilds, giant symbols, and free spins with modifiers. The reviewer sees it as a rehash of existing mechanics, lacking originality but still offering decent entertainment. Visually, the game enchants with storybook-like graphics and a calming soundtrack."
The Falcon Huntress,"The Falcon Huntress is a Thunderkick slot themed around falconry with 5 reels and 9 paylines.  
It features expanding wins, a bonus game with up to 10 free spins, and a 96.1% RTP.  
The reviewer expects its popularity to rival Thunderkick's Pink Elephant due to its engaging features.  
The game offers a unique aesthetic with expanding symbols in both the main and bonus games, enhancing gameplay."
Sevens High Ultra,"Sevens High Ultra revisits the classic Vegas-style slot theme with a modern twist, offering both a nostalgic and fresh experience. The game introduces an 'Ultra' mode with increased volatility and potential rewards, alongside classic features like respins and a Wild Meter. The reviewer appreciates the enhanced features and seamless mode-switching without extra cost, making it appealing for fans of classic fruit slots. Aesthetically, it retains its glitzy visuals and an epic, dynamic soundtrack that transitions from ambient to energetic dubstep."
Big Bass Bonanza Megaways,"**Overview:** Big Bass Bonanza Megaways is a fishing-themed slot game by Reel Kingdom, continuing their popular bass fishing series.

**Features:** It includes Megaways mechanics, free spins with fish collection, and random features like Bazookas and Dynamite for added excitement.

**Verdict:** While offering higher RTP and volatility, the game's potential feels limited for a Megaways slot, appealing more to fishing enthusiasts than high-stake players.

**Aesthetics and Audio:** The game retains the original's visual charm with an expanded grid, set against deep blue waters and accompanied by a relaxed island soundtrack."
Hypernova Infinity Reels,"'Hypernova Infinity Reels' merges ReelPlay's Infinity Reels with the popular Hypernova theme.  
The game features Infinity Reels, Symbol Multipliers, and a Hypernova Respin Bonus with potential for high rewards.  
The review appreciates the game's mechanics but notes its similarity to 'Thor Infinity Reels,' questioning its originality.  
Visually, the game employs familiar nebula themes with recycled symbols, creating a cosmic aesthetic supported by dynamic audio."
Hex,"Hex, developed by Relax Gaming, explores a mystical, alchemical theme set in a potion-filled laboratory. It features a Mystery Reveal mechanic and expands from 243 to 1,024 win ways during free spins. The game, while seemingly conventional, offers solid potential and engaging gameplay. Aesthetically, Hex boasts a mysterious design with a magical soundtrack, enhancing its enchanting atmosphere."
Loot & Labyrinths,"**Overview:** 'Loot & Labyrinths' by Play'n GO is a fantasy-themed slot inspired by Dungeons & Dragons, featuring swords, dice, and adventure.  
**Features:** The game includes a 5x3 matrix with 20 paylines, wilds, and bonus features such as Random Encounter and free spins with various buffs.  
**Verdict:** The reviewer appreciates the game's tabletop RPG vibe and considers it an immersive experience for fans of fantasy roleplay.  
**Aesthetics & Audio:** The game is visually filled with miniatures, dice, and game sheets, enhanced by dramatic music and engaging voiceovers."
Blazin' Bullfrog,"Blazin' Bullfrog by Play'n GO features a theme centered around the intense and misunderstood bullfrog.  
The game is played on a 5-reel, 3-row setup with 243 ways to win and includes a simple wild respins feature.  
The reviewer finds the game lacking in excitement and originality, dubbing it a filler in Play'n GO's lineup.  
Aesthetically, it has an old-school look with a plain fiery red background, contrasting with gold-lined reels and jewels."
Born Wild,"Born Wild is a high-stakes slot game by Hacksaw Gaming, themed around dangerous animals and massive jackpots. It features free spins and Lion's Roar respins, offering a chance to win up to €10 million. The reviewer appreciates the game's ""badass"" appeal but notes its high volatility and low RTP of 93.80%. Aesthetically, Born Wild boasts a minimalist design with a stylish, simple visual style and audio that fits its theme."
Stepping Diamonds,"Stepping Diamonds combines classic fruit slot themes with features like Step 'N Win and Lock 'N Spin. It offers a 5x3 reel set with 20 paylines, medium volatility, and RTP configurations up to 96.2%. The reviewer finds it a standard experience without much novelty, despite the inclusion of unique features. Aesthetically, it features bold symbols, bright colors, and funky music, with a slight futuristic 80s/90s vibe."
Notre-Dame Tales,"Notre-Dame Tales Gigablox is an online slot by Yggdrasil Gaming, set in medieval Paris with a Notre-Dame backdrop. The game features 6 reels with Gigablox symbols, Treasure Chests, and a free spins round with multiple bonuses. The reviewer finds the game entertaining with a medium-high volatility and a top RTP of 96%. The game offers a captivating medieval aesthetic with vibrant visuals and a jaunty soundtrack."
Temple Tumble Megaways,"'Temple Tumble Megaways' features an Aztec theme with action-packed gameplay in a beautifully designed setting.  
It offers cascading mechanics, a 6x6 grid layout, and a choice of volatility modes in the free spins bonus.  
The reviewer appreciates its visual appeal and gameplay, noting it stands out with unique features despite not being highly innovative.  
Set in a jungle with stone sculptures and ceremonial flames, the game's graphics and audio create an immersive experience."
Blazing Wilds Megaways,"Blazing Wilds Megaways is a classic-themed slot game with a jazzy, joker-filled style. It features a 6-reel Megaways setup, expanding wilds, multipliers, and free spins, offering up to 117,649 ways to win. The reviewer finds it to be a typical Pragmatic Play slot with a clever twist, though not groundbreaking. The game sports a plasticky aesthetic with flashing lights and a funky disco soundtrack."
Scarab Cash Megaways,"Scarab Cash Megaways by Triple Edge Studios is themed around ancient Egyptian treasures.  
The game features the popular Megaways mechanic, promising dynamic gameplay and potential free spins.  
The reviewer is eagerly anticipating its release, highlighting its promise for immersive entertainment.  
While aesthetics and audio details are pending, anticipation is high for a visually engaging experience."
Fu 10K Ways,"Fu 10K Ways is an Asian-themed slot from ReelPlay, adding to their 10K Ways series. It features a bonus respins round with cash symbols and five bonus prizes, maintaining 10,000 ways to win. The reviewer finds it unoriginal, essentially a clone of Shamrock Money Pot 10K Ways. The game's visuals are adequate but not particularly memorable, featuring Asian-style buildings and golden sunlight."
The Ghost Father,"**Overview focusing on the game theme:**  
The Ghost Father is a slot game set in a cobwebbed mansion where Igor Vasilievich hunts spirits to unlock afterlife riches.

**Focus on the game features:**  
It features a 5-reel grid, 20 paylines, and options like Golden Bet and free spins with cash symbol collection.

**Summary of the reviewer's verdict:**  
The game is amusing with a whimsical, spooky theme that maintains a fun atmosphere despite its ghostly setting.

**Description of the game aesthetics and audio (if mentioned):**  
It boasts cartoonish, bouncy animations and a playful audio backdrop reminiscent of a horror/mystery film."
Outsourced Payday,"**Overview:** Outsourced Payday is a satirical slot game by Nolimit City, capturing the emotional highs and lows of payday with a capitalist twist.  
**Features:** The game includes unique mechanics with a conveyor belt and claw system, offering various bonus modes and volatility options.  
**Verdict:** The reviewer appreciates Nolimit City's innovative approach, noting the game's link to previous titles and its boundary-pushing design.  
**Aesthetics and Audio:** The slot features playful cartoon graphics and high-quality audio, creating an engaging and immersive experience."
Fizzy Pennyslot,"Fizzy Pennyslot takes players back to a nostalgic era with a retro theme and low-stakes appeal. The game features a 4x4 grid, 4 paylines, multipliers, free spins, and a bonus buy option. The reviewer appreciates its appeal for low-rollers despite its simplicity and high volatility. Aesthetically, the game has a vintage look and sound, reminiscent of 90s cartoons and classic gaming bleeps."
Agent Royale,"Agent Royale takes players into a straightforward spy-themed slot adventure, featuring spies, femme fatales, and explosive devices. The game includes sticky wilds and free spins, offering moderate excitement with a 95.77% RTP. The reviewer finds the game mildly entertaining but lacking in thrilling elements. Visuals are somewhat clichéd, with generic audio and familiar aesthetics reminiscent of other slots."
Dracula,"Dracula by Stakelogic is a vampire-themed slot set in a Transylvanian castle.  
The game features a 5x3 grid, Super Stake, free spins, and a pick-me bonus game.  
The reviewer appreciates the design, noting it's suitable for a relaxed gaming experience.  
The slot boasts gothic visuals and a dramatic soundtrack, enhancing its atmospheric quality."
Rockabilly Wolves,"Rockabilly Wolves is a 50s-themed slot with a rockabilly aesthetic and Disney-like cartoon graphics. It features a 5-reel, 3-row, 20-payline setup with high variance, offering Re-Spins, Sticky Wilds, and up to 6x multipliers in Free Spins. The reviewer finds the main game underwhelming and the free spins slow to trigger, making it less engaging. While the colorful visuals are decent, the overall presentation doesn't stand out in the competitive slot market."
Trolls Bridge 2,"Trolls Bridge 2 immerses players in a darker fairy-tale world filled with mischievous trolls. The game boasts features like colossal symbols, random multipliers, and a customizable free spins game with a Golden Bet option. The review praises the improved graphics and entertaining features but notes that base game payouts can feel underwhelming. The game’s aesthetics are enhanced with intimidating visuals and a sinister soundtrack, elevating the overall experience."
Merlin's Moneyburst,"Merlin's Moneyburst is a fantasy-themed slot with an enchanted forest setting, drawing on elements from previous games in the series. It features 60 paylines, a unique reel setup, and engaging features like respins, wild modifiers, and free spins with multiplier options. The reviewer finds it visually dated but appreciates the varied gameplay and potential for big wins. The game has a cartoonish aesthetic with playful animations, appealing to a younger audience."
Oops,"'Oops' is a humorous slot game by Shady Lady, themed around scientific mishaps and viral chaos.  
It features a 6x4 grid with up to 262,144 ways to win, flu-like surprise features, and a Pandemic free spins round.  
The reviewer appreciates its clever concept and engaging gameplay, despite a high volatility rating.  
Visually quirky with slapstick elements, it uses sound and design to enhance its comedic, dystopian theme."
2 Gods Zeus vs Thor,"'2 Gods Zeus vs Thor' pits Greek god Zeus against Norse deity Thor in a mythological showdown on a dual-themed 5-reel grid. The game features a unique Dual Spin mechanic with color-coded buttons, offering payouts that double when spins align with symbol colors, along with Win Spins that guarantee a win per spin. The review appreciates the innovative mechanics but questions if the complexity might overwhelm casual players. The aesthetics reflect a serious tone, capturing the grandeur of the divine battle, accompanied by fitting audio elements."
Sweet Bonanza 1000,"Sweet Bonanza 1000 is a revamped version of Pragmatic Play's sweet-themed slot, maintaining the classic candy land theme. The game features a scatter-pays system, tumble mechanics, multipliers up to x1,000, and options to buy free spins. The review appreciates the subtle enhancements but notes limited changes from the original. Visually, the game remains cheerful with vibrant colors, though not significantly different from its predecessor."
Cat Wilde and the Incan Quest,"Cat Wilde and the Incan Quest takes players on a South American adventure to discover Incan treasures. The game features Falling Wilds, respins, free spins, and a bonus game with lucrative prize multipliers. The reviewer appreciates the engaging gameplay and high-quality graphics typical of Play'n GO slots. The game delivers an immersive experience with its vivid visuals and atmospheric sound effects."
Stellar 7s,"Stellar 7s is a classic, retro-themed slot centered around the lucky number 7.  
The game features spreading wilds, a pick 'n click Gold Bonus Game, free spins, and super free spins.  
The reviewer found the slot unoriginal and lacking excitement, appealing mainly to classic slot enthusiasts.  
The aesthetics are dynamic with a blue animated background, but the art and sound do not stand out."
Moonshot,"Moonshot is a slot game by Pragmatic Play, themed around a mysterious, possibly Slavic festival.  
It features a 5x4 grid with 1,024 paylines, Golden Mask multipliers, and free spins with increasing levels.  
The reviewer finds the game peculiar and confusing, suggesting it may not appeal to everyone.  
The aesthetic includes unusual masks and a festive atmosphere, with unclear audio elements."
Gator Gold Gigablox Deluxe,"Gator Gold Gigablox Deluxe offers a vibrant African-themed slot experience. It features Gigablox reels, wild multipliers, free spins, and a symbol upgrade system. The reviewer views the Deluxe version as a positive enhancement, especially for fans of the original. The game's aesthetics include a colorful African landscape, with pleasant visuals and a soothing audio backdrop."
Cats of Olympuss,"Cats of Olympuss transports players to an Ancient Greek-themed feline world called Catcropolis.  
The game offers features like Stacked Wilds with multipliers, Instant Prize symbols, and free spins across multiple matrices.  
The reviewer finds the game charming with its unique theme and engaging features but notes it lacks the visual dazzle of other titles like Dinopolis.  
The game’s aesthetics feature cute cat characters and statues, with a focus on Ancient Greek-inspired design elements."
Clover Craze,"Clover Craze by Red Tiger is themed around the luck of four-leaf clovers, accompanied by classic slot icons like fruit and bells. The game features a 5-reel, 3-row format with 20 paylines, offering wild symbols, multipliers, and cash respins through Green and Golden Clovers. The reviewer appreciates its engaging features and potential for high payouts, noting a slightly reduced RTP when features are purchased. Visually, the game employs a lively green clover-filled backdrop with a Celtic-inspired soundtrack, enhancing its lucky charm theme."
Lucky Gold Pot,"Lucky Gold Pot is an Irish-themed slot centered around a free spins bonus with tripled win values. The game features 20 paylines, a low volatility model, and a Super Stake option for increased free spins chances. The reviewer appreciates its traditional vibe and engaging soundtrack, despite some unoriginal elements. Aesthetically, the game is set in a lush forest with a lively, traditional Irish soundtrack enhancing the atmosphere."
Release the Kraken,"Release the Kraken is a maritime-themed slot game by Pragmatic Play, inspired by the legendary sea monster. It features engaging Random Spin modifiers like Kraken Lockin Wilds, Colossal Kraken Wilds, and Infectious Kraken Wilds, alongside a Sunken Treasure Bonus and Roaming Kraken Free Spins. The reviewer finds the game potentially rewarding but notes it doesn't stand out significantly from other Pragmatic Play offerings. Set in the deep sea, the game boasts a visually appealing design with a wrecked galleon backdrop and a fitting nautical soundtrack."
Power Vault,"Power Vault is a classic 3-reel slot by Push Gaming's partner, Reel Hot Games, focusing on simplicity with a traditional theme.  
The game features Instant Prize symbols, Jackpot symbols, a Power Vault Burst feature, and a bonus game with Enhancer reels.  
The reviewer finds it an appealing option for fans of simpler slots, noting its very low volatility and straightforward gameplay.  
The aesthetics are basic but pleasant, with a funky soundtrack complementing the straightforward visual presentation."
Olympus Infinity Reels,"Olympus Infinity Reels features an Ancient Greek theme, following GamesLab's previous Asian-themed slot, Royal Dragon. The game includes Frenzy Spins, Infinity Bonuses, and free spins with a progressive symbol multiplier. The reviewer notes mixed feelings due to its high volatility and fluctuating RTP, but appreciates the engaging gameplay mechanics. Visually, it offers a captivating mythological atmosphere with dramatic soundscapes, setting it apart from typical Ancient Greek slots."
Golden Fish Tank 2 Gigablox,"Golden Fish Tank 2 Gigablox invites players into an aquatic-themed slot experience, maintaining its bubbly, fishy charm. The game incorporates Yggdrasil's Gigablox mechanic, offering features like free spins, a treasure chest, and a Golden Bet option. The reviewer appreciates the game's blend of old and new elements, noting its increased volatility and engaging features. The visuals, while older-looking, carry a Pixar-like charm, complemented by relaxing aquatic music and pleasant sound effects."
Los Muertos Locos,"Los Muertos Locos is a Day of the Dead themed slot filled with festive skulls and skeletons.  
The game features expanding multiplier wilds, free spins, and a feature buy option.  
The reviewer appreciates the vibrant theme and mechanics despite their familiarity.  
Set in a decorated street scene, the game offers colorful visuals and lively Mariachi music."
Crystal Prince,"Crystal Prince, inspired by Scandinavian folklore, offers a wintery slot experience with a non-traditional festive theme. The game features a 6x8 grid with expanding win ways, free spins, and unique mechanics like the Blizzard Mode and Wild Frost Multiplier Wilds. The reviewer appreciates its potential for massive wins despite high volatility, supported by a 96.04% RTP. The game's sparse, icy visuals complement a soothing soundtrack, creating a magical and relaxed atmosphere."
Shining King Megaways,"Shining King Megaways features a classic fruit theme combined with the Megaways engine. It offers cascading wins, mystery symbols, and free spins with an unlimited win multiplier. The reviewer finds it a generic rehash without novel features but appreciates its high potential. The game sports a simple, old-school aesthetic with 8-bit sound effects and a jazz soundtrack."
Tiny Toads,"Tiny Toads is a swamp-themed slot game by Pragmatic Play featuring frogs and firefly symbols.  
The game offers a 5x4 grid that can expand, with firefly symbols triggering free spins and modifiers.  
The reviewer finds the game charming but not groundbreaking, with a highly volatile math model.  
Aesthetics include wacky charm and amusing sound effects, though the visuals may seem outdated."
Book of Tut Megaways,"John Hunter and the Book of Tut Megaways is an Egyptian-themed slot game featuring the adventurous character John Hunter. The game combines 'book of' style features with the Megaways mechanic, offering up to 117,649 ways to win and a special expanding symbol feature. The reviewer finds it a familiar yet slightly unimaginative sequel in the series, but still enjoyable for fans. The game showcases a romantic depiction of Ancient Egypt with pyramids, a lush sky, and evocative audio."
Age Of Seth,"Age of Seth is a cluster-paying slot themed around ancient Egypt and the god Seth, blending mythology with casino excitement. The game features cascading wins, grid boosters, and a free spin with a potential Big Wild for enhanced payouts. The reviewer appreciates the engaging mechanics and high volatility, offering a thrilling experience. The game's aesthetics include a dim, statue-flanked grid with glowing green flames and an atmospheric shift to palm trees and pyramids during free spins."
Santa vs Rudolf,"Santa vs Rudolf is a Christmas-themed slot from NetEnt featuring a playful clash between Santa and Rudolf. The game includes 5 reels, 20 paylines, walking wilds, re-spins, and a free spins game with potential encore bonuses. The reviewer praises its execution despite its unoriginal premise, highlighting its engaging narrative and character. The slot is visually appealing with colorful cartoon graphics and exceptional audio, enhancing the festive atmosphere."
Willy Wonka Pure Imagination,"Willy Wonka Pure Imagination is a slot game inspired by the 1971 movie 'Willy Wonka and the Chocolate Factory'.  
The game features include a medium-high volatility model with RTP at 94.03%, expandable reels, and special features like Oompa Loompa bonuses and free spins.  
The reviewer finds the game underwhelming, citing uninspired graphics and limited rewards despite the nostalgic theme.  
Aesthetically, the game appears dated with garish visuals, lacking the vibrant imagination the original film is known for."
Mount M,"Mount M is a prehistorically themed slot set in an icy age, developed by Play'n GO. It features Shatter Respins with expanding reels and Evolution Free Spins with symbol upgrades. The reviewer finds the game engaging with its dynamic features and adventurous setting. The game boasts evocative visuals and a haunting soundtrack, enhancing the cold, survivalist atmosphere."
Xterminate,"Xterminate dives into a protest-themed slot experience with an anarchic spirit.  
Features include a 6x5 grid, scatter pays, Avalanche mechanic, multipliers, and Bomb/Charged Wild symbols.  
The reviewer finds the game highly volatile, lacking a bonus round, and offering unique gameplay elements.  
Visually, it uses graffiti-styled aesthetics with thematic symbols and a backdrop of an angry mob scene."
Purrfect Potions,"**Overview**: Purrfect Potions is a magic-themed slot game featuring a feline witch or sorcerer, blending whimsical charm with magical elements.

**Features**: The game includes 3 Wild Boost Bonuses, free spins with locked wild respins, and a bonus buy option, set on a 5-reel, 20-payline grid.

**Verdict**: Though the game presents a cheerful and friendly vibe, its highly volatile nature and substantial max win potential may appeal to risk-takers.

**Aesthetics and Audio**: Set in a magical-looking room with books and a glowing candle, the game offers a stirring soundtrack but may come across as slightly childish."
Deal or No Deal Golden Game,"Deal or No Deal Golden Game is a slot from Blueprint Gaming, themed after the TV show and inspired by slots like 9 Masks of Fire. It features a fixed jackpot, free spins with multipliers, and a Deal or No Deal exchange feature. The reviewer suggests it's appealing primarily to fans of the TV show, though it offers decent gameplay and excitement. The game presents a shimmering golden aesthetic with a pulsating soundtrack that enhances the show-like atmosphere."
The Wildos 2,"The Wildos 2 by Thunderkick is a Western-themed slot featuring masked bandits and sticky wild multipliers in a train setting. It offers a 5x4 grid with 20 paylines, multiplier wilds, a Bounty Poster feature, free spins, and high volatility. The reviewer appreciates the expanded gameplay and character continuity but notes a lower RTP of 94.19%. The aesthetics feature a dusty desert landscape with engaging visuals and audio, maintaining the rambunctious spirit of the original."
Druid's Magic,"Druid's Magic by NetEnt explores a mystical Nordic-themed slot, although its druidic ties are more British and European.  
The game features 5 types of wild symbols, free spins, and a buy feature, offering varied gameplay.  
The reviewer appreciates the game's imaginative elements but notes a missed opportunity for more outdoor action.  
Aesthetically, it features a magical forest backdrop with a mystical night sky, blending warm tones and modern design."
Tower Tumble,"Tower Tumble is set in a fantasy world with enchanted princesses, towers, and crystals. The game features a 6x6 grid, Tumble Reels, wilds, and Elemental tiles with special abilities. The reviewer finds it packed with features and has reasonable payout potential, making it intriguing despite its cutesy theme. Graphically, it uses bright, cartoon imagery, creating a cheerful and modern aesthetic."
Dwarven Gems Megaways,"'Dwarven Gems Megaways' by Iron Dog Studios immerses players in a dwarven world with a Steampunk twist. The game features tumbles, Dwarven Bombs, free spins, and progressive multipliers across up to 200,704 ways to win. The reviewer rates it highly for its volatility and standout RTP of 96.7%, despite some drab visuals in the base game. Aesthetically, it combines a grey rock backdrop with a dramatic choral soundtrack and mining sound effects for a heavy fantasy atmosphere."
Joyful Joker Megaways,"Joyful Joker Megaways features a jovial jester and fruit symbols set in a disco-themed slot environment. The game includes Rolling Reels, free spins, a progressive win multiplier, and a feature buy option across 6 reels with up to 117,649 ways to win. The reviewer finds the game enjoyable yet unspectacular, with a medium/high volatility and 96% RTP. The graphics are plain but sufficient, accompanied by a funky bass soundtrack that suits the theme."
Rock Vegas,"Rock Vegas combines gambling with a prehistoric theme, featuring a caveman and wild beasts.  
The game offers a base game with 20 paylines and a high-volatility Hold & Spin bonus feature.  
The reviewer appreciates the eventful bonus game, but notes the absence of wild symbols.  
The game has a playful aesthetic with a caveman character and an Ice Age-inspired jungle setting."
Primal Hunter Gigablox,"Primal Hunter Gigablox transports players to a prehistoric world filled with dinosaurs and ancient creatures.  
The game features Gigablox symbols, cascading wins, and a free spins round with an increasing win multiplier.  
The reviewer finds the game visually appealing but considers the gameplay to be basic and familiar.  
The aesthetics are praised for their detailed artwork, especially the impressive Gigablox symbols."
Big Bang Boom,"Big Bang Boom by NetEnt is an action-packed slot with an explosive theme featuring Bomb symbols and a unique hold 'n win bonus round. The game includes expanding reels, avalanches, and various explosive bomb features with an RTP of up to 96.07%. The reviewer appreciates the game's unpredictable nature and vibrant energy. Aesthetically, the game boasts neon colors and a dynamic, EDM-inspired soundtrack, enhancing its lively, rebellious vibe."
Arena of Gold,"**Arena of Gold** transports players to an ancient arena, reminiscent of a Mediterranean setting. The game features 5 reels, 25 paylines, a solid RTP of 96.20%, and exciting features like Golden Re-Spins and Free Spins with mega symbols. The reviewer feels the game lacks originality, borrowing heavily from other popular slots. Visually, it presents a sandy arena backdrop with cheering crowds, complemented by thematic audio."
Triple Jokers,"Triple Jokers by Pragmatic Play is a classic Vegas-style slot centered around a jester theme. The game features a Respin Until You Win mechanism, where stacked jokers transform into wilds to boost payouts. The reviewer appreciates its well-crafted simplicity, appealing mainly to fans of traditional slots. Visually, it mimics a classic one-armed bandit with a funky lounge soundtrack."
Bloodthirst,"Bloodthirst is a horror-themed slot game by Hacksaw Gaming featuring creatures like ghouls, vampires, and werewolves. Key features include expanding symbol instant payouts and Monster Reels that can transform into lucrative Monster Takeovers. The reviewer appreciates its atmospheric horror vibe and clever mechanics, rating it favorably. The game boasts a dark, ominous art style and atmospheric audio enhancing the horror experience."
Ivan and the Immortal King,"Ivan and the Immortal King immerses players in Russian folklore, featuring the hero Ivan Tsarevich in a quest against Koschei.  
The game includes a 5-reel, 3-row format with 20 paylines, Baba Yaga surprise features, and a level-up multiplier in free spins.  
The reviewer appreciates its unique math model and considers it a strong addition to Quickspin's lineup of fairy-tale themed slots.  
The game boasts colorful, hand-painted artwork and familiar Russian instrumentals, enhancing the immersive experience."
Genie Jackpots Megaways,"**Overview**: Genie Jackpots Megaways offers a magical and Arabian-themed slot experience centered around a genie character.

**Features**: The game includes dynamic reel setups with up to 15,625 ways to win, Genie Power Spins, and a Free Spins round with unique perks.

**Verdict**: The reviewer praises its engaging features and captivating gameplay, typical of Blueprint Gaming's quality.

**Aesthetics and Audio**: The slot boasts enchanting graphics with a mystical night-time setting, enhanced by vibrant symbols and animations."
Temple of Tollan,"Temple of Tollan is a Mesoamerican-themed slot game featuring a cluster-pay mechanic set in an Aztec-inspired world. The game boasts a 7x7 grid, cascading wins, special symbols, and a high volatility rating with an RTP of 96.2%. The reviewer appreciates the engaging slot features and thematic consistency, likening it to other exploration-themed games by Play'n GO. The game is praised for its compelling audiovisuals, with immersive voice-over work and dynamic music that transitions through different genres."
Big Bass Fishing Mission,"**Overview focusing on the game theme:**  
Big Bass Fishing Mission by Pragmatic Play and Reel Kingdom offers a nocturnal fishing adventure with a secret agent twist, continuing the Big Bass slot series.

**Focus on the game features:**  
The game includes free spins, Stack the Cash feature, high volatility, and a 96.5% RTP, with unique Money symbols and an Ante Bet option for more scatter symbols.

**Summary of the reviewer's verdict:**  
While it may feel repetitive for some, fans of the Big Bass series may enjoy the familiar mechanics and new features like the mission aspect.

**Description of the game aesthetics and audio (if mentioned):**  
The game presents a nocturnal setting with spy-themed symbol tweaks, creating a distinct yet recognizable atmosphere for series veterans."
Champions of Olympus,"Champions of Olympus is a slot game themed around Ancient Greek mythology, set on Mt. Olympus.  
The game features a 5x5 grid with Rolling Reels, wild symbols, and a Link&Win bonus round.  
The reviewer finds it visually appealing and notes its high volatility and varied RTP settings.  
The aesthetics are described as having a mystical sheen with a pleasant and celestial design."
Amazon Kingdom,"Amazon Kingdom takes players to a South American-inspired setting with Inca and Aztec themes. The game features a 5-reel, 4-row grid with 30 paylines, Wild Scrolls, Queen's Bonus, and free spins. The reviewer appreciates the blend of new and familiar features from Scarab Kingdom. The game's aesthetics include vibrant greens and an Aztec/Inca look, complemented by a panpipe and drumming soundtrack."
Granny vs Zombies,"Granny vs Zombies is a humor-filled slot game where grandmothers battle zombies using Molotov Cocktails.  
It features walking zombie wilds, body part wilds, free spins with a Disco Zombie, LockNWin, Jackpot LockNWin, and a Jackpot Wheel.  
The reviewer finds the game amusing and potentially rewarding with its engaging gameplay and high volatility.  
Set against a dimly lit street, the colorful game grid and lively audio bring the zombie mayhem to life."
Book of Ra Magic,"Book of Ra Magic is a classic-themed slot game with an Egyptian adventure motif. It features 5 reels, 3 rows, up to 10 paylines, and an enhanced free spins feature allowing multiple expanding symbols. The reviewer praises the game for its exciting bonus improvements despite its high variance, labeling it an enjoyable challenge for slot enthusiasts. The aesthetics retain a traditional retro feel, complemented by familiar audio, aligning well with its iconic status."
Aztec Wilds Megaways,"Aztec Wilds Megaways, designed by Iron Dog Studio, immerses players in an Aztec-themed jungle adventure centered around discovering mythical temples. The game features a 6-reel Megaways system, offering up to 117,649 win ways, with cascading reels, wilds, and free spins that enhance gameplay. The reviewer finds the game engaging but notes it isn't the most visually captivating Aztec slot available. Aesthetically, it combines neon symbols on a rock wall with a somewhat unclear temple backdrop, creating a functional yet not particularly striking visual experience."
Mining Fever,"Mining Fever by Rabcat is a fantasy-themed slot where players mine for gold with dwarves, featuring a unique, niche theme. The game includes 5 reels, 3 rows, 243 ways to win, and boasts features like free spins and unique dwarf character modifiers. The reviewer appreciates the entertaining gameplay but notes its low volatility and frequent small wins. Mining Fever offers visually appealing graphics reminiscent of Yggdrasil, set in a vibrant, animated mine environment."
Book of Books,"'Book of Books' is a medieval-themed slot game from Peter & Sons, diverging from the traditional Egyptian ""book of"" slots. It features a 5-reel grid that can expand and a Golden Bet option to enhance bonus chances. The reviewer appreciates its unique personality and high volatility, with an RTP up to 96.1%. The game boasts Peter & Sons' signature visual style with vibrant graphics and engaging audio."
Snowflake Sorcery,"Snowflake Sorcery features a charming theme with an ice witch and her sisters casting magic. The game includes added wild symbols, level-up features, and offers a choice of activating a Super Stake for increased free spin chances. The reviewer finds it a delightful, albeit potentially overly cutesy, escape with a mix of video game and slot elements. Visually, it presents a chilly, rock-strewn setting with a gentle wind chimes soundtrack, enhancing its adorable appeal."
Case Closed,"**Overview:** 'Case Closed' by Red Tiger is a crime-themed slot game set in an investigator's office, inviting players to solve cases while spinning reels.

**Features:** The game includes a 5x4 grid with 50 winlines, Clue and Evidence symbols for triggering Interrogation and Case features, but lacks a separate bonus round.

**Verdict:** The game offers a hit frequency of 54.01% and a default RTP of 96.02%, making it potentially appealing for wagering despite its high volatility.

**Aesthetics and Audio:** The game has a low-energy atmosphere with minimal music, featuring a detective voice-over for added immersion."
Gluttony,"**Overview**: Gluttony is a Nolimit City slot focusing on themes of excessive eating and indulgence.

**Features**: The game features a 5x5 reel setup with evolving symbols, extreme volatility, and multiple RTP options, including a maximum of 96.09%.

**Verdict**: The game is intense with its thematic portrayal and complex mechanics, appealing to players who enjoy volatile slots.

**Aesthetics & Audio**: The game is set in a room that is both classy and messy, with visuals that enhance the theme of chaotic feasting."
Zillard King Megaways,"Zillard King Megaways transports players to a Godzilla-like world near a stormy San Francisco coast.  
The game features Megaways mechanics, cascading wins, Zillard Wilds, Gold Coins, and Thunder Wilds.  
The reviewer appreciates the game's sharp visuals and engaging updates from its predecessor.  
Visually, the game looks sharper with a stormy aesthetic and dynamic audio enhancing gameplay immersion."
Wonderland Protector,
Xmas Drop,
Stars n' Sweets Hold & Win,
Puebla Parade,
Super 7s,
The Bandit and the Baron,
Lucky Lady’s Charm Deluxe,
Wanted Usual Suspects,
Rising Samurai Hold & Win,
9k Yeti,
Big Bamboo,
Irish Frenzy,
Canine Carnage,
Strawberry Cocktail,
Plenty of Presents,
The Crypt,
Apollo's Rings,
Sticky Sevens Megaways,
Boat Bonanza Colossal Catch,
Scudamore’s Super Stakes,
Guarana Eyes of the Amazon,
Archangels Salvation,
Gears of Eternia Megaways Dream Drop,
Fang's Inferno Dream Drop,
Majestic Megaways,
GigaGong GigaBlox,
Wisdom of Athena,
3 Powers of Zeus POWER COMBO,
Black Gold 2 Megaways,
Slingo Money Train,
Bounty Gold,
Royal Dragon Infinity Reels,
Year-Round Riches Clusterbuster,
Chronicles of Olympus II,
Anubis Rising,
Sizzling Spins,
Gold Money Frog,
Santa's Stack Dream Drop,
Rocky's Gold,
}); [smartslider3 slider=648]Rocky’s Gold: OverviewWhat is it with the mining theme at the moment? Like a pesky wall of rock stuffed with dynamite,
Twin Spin Megaways,
Double Lucky Line,
Book of Spies: Mission X,
Panda Bonanza,
Professor Clank’s Combinator,
Ozzy Osbourne,
Wilhelm Tell,
Dorks of the Deep,
Big Boom Riches,
Immortails of Egypt,
Hearts of Venice,
Foxpot,
}); Foxpot: Slot OverviewIndependent developer Foxium takes a break from designing slots full of quirky characters to create something slightly different. Foxium games tend to contain strong leading characters,
Aphrodite Goes Wild RushingWilds,
Thor 10K Ways,
Buffalo Blox Gigablox,
Gem Crush,
Crystal Quest: Deep Jungle,
William Tell & The Wild Arrows,
Magikspell,
Rainforest Magic,
Santa's Xmas Rush,
Jelly Multihops,
Grace of Ebisu,
Leprechaun Goes Wild,
Tiger Kingdom Infinity Reels,
Miami Rise,
Book of Oz Lock 'N Spin,
Piggy Cluster Hunt,
Baron Bloodmore,
Wonders of Christmas,
Cosmic Voyager,
Dio Killing The Dragon,
Magic Tricks,
Santa's Big Bash Megaways,
Candy Corner,
Sugar Bonanza Deluxe,
Love is in the Fair,
Sheriff of Nottingham 2,
Hero Clash,
Critter Pop,
Crystal Cavern Megaways,
Sweet Alchemy 2,
Klowns,
Aurora Wilds,
Reign Of The Mountain King,
Dungeons and Diamonds,
Star Staxx,
"""Dragon 50",
Shamrock Money Pot 10K Ways,
Temple of Fury Dream Drop,
Big Bam-Book,
Nitropolis 5,
Harlequin Carnival,
Freaked Out Fish,
Aurum Codex,
Frequent Flyer,
Eastern Emeralds,
Hockey Fever Penny Roller,
Let It Burn,
Multiplier Riches,
Nero’s Fortune,
Sugar Craze Bonanza,
Eagle Sun,
ReefPop,
Let It Snow,
The Great Pigsby Megaways,
Big Bass Return to the Races,
Hot Potato!,
FatStacks Miami Cash,
Big Cat Rescue Megaways,
Powerspin,
Gates of Glory,
Invading Vegas Revenge on Mars,
Wild Gladiators,
Big Bass Crash,
Shippy D Pop,
}); [smartslider3 slider=949]Shippy D Pop: Slot OverviewYou might have heard of Blackbeard the Pirate or William Kidd,
Snake Arena Dream Drop,
Gargantoonz,
Galactic Racers Dream Drop,
Empire Fortune,
Cluster Kingdom,
Cluedo Cash Mystery,
Benji Killed in Vegas,
Hot to Burn Multiplier,
Retro Sweets,
Vegas Dice Megaways,
Dracula Awakening,
Doom of Egypt,
Fire Joker 100,
Jewel of the Dragon,
Year of the Dragon King,
Buffalo Hunter,
Wolf Gold Power Jackpot,
Conan,
Mount Magmas,
Pirate Gold,
Origins,
Super Fruit Smash,
Pirates 2: Mutiny,
PopNoir,
Immortal Desire,
Dragon's Fire Megaways,
Don't Eat the Candy,
The Magic Cauldron Enchanted Brew,
Betty Bonkers,
Red Hot BBQ,
Totem Link,
}); Totem Link: Slot OverviewAccording to certain online sources,
Phoenix DuelReels,
Cash Of Kingdoms,
Boat Bonanza Down Under,
Feel the Beat,
Gates of Gatot Kaca,
Legendary Excalibur,
Space Wars XXXtreme Megaways,
Ruby Slippers,
Chilli Bandits,
Serengeti Kings,
Let's Get Ready to Rumble,
Vending Machine,
Emperor of India,
Super Boost,
Diamond Mine Extra Gold Megaways,
MonkeyPop,
Titan Thunder Wrath of Hades,
}); Titan Thunder: Wrath of Hades: Slot OverviewHades,
Space Donkey,
Smuggler's Cove,
3 Gladiators vs Caesar,
Tropical Wilds,
Charlie Chance In Hell To Pay,
Monster Superlanche,
Dragon's Luck Megaways,
Aztec Gold Extra Gold Megaways,
Avalon Gold,
Divine Links,
Dirty Dawgs of Nitropolis,
Centurion Megaways,
Roman Bonanza,
Sugar Rush Xmas,
Templar Tumble 2 Dream Drop,
Space Wars 2 Powerpoints,
Street Racer,
Book of Oz,
PixiePop,
Stargate Megaways,
Vault of Fortune,
Dino P.D,
Mega Don Feeding Frenzy,
Ancient Paws,
Mafia Gold,
Bounty Hunt Reloaded,
Big Catch Bass Fishing,
Net Gains,
Journey of the Gods,
Spinsane,
Buffalo Blow,
Ancient Warriors,
Big Bass Hold & Spinner Megaways,
WildPops,
Lucky Lady Moon Megaways,
}); Lucky Lady Moon Megaways: Slot OverviewLucky Lady Moon Megaways is a remake of a previous BGaming slot called Lucky Lady Moon which,
Robin Hood’s Heroes,
Dream Diver,
Wrigley's World,
Big Money Frenzy,
Geese With Attitude,
Grows on Trees Megaways,
Catrina's Coins,
Cat Clans 2 Mad Cats,
ZZ Top Roadside Riches,
The Pig Wizard Megaways,
Book of Monsters,
Pile 'Em Up Frosty Sweets,
Fruit Warp,
Wild Hogs,
Defenders of Mystica,
Heroic Spins,
Mining Rush,
Almighty Bear Megaways,
Rise of Samurai IV,
Commander of Tridents,
Gerard's Gambit,
Old Gold Miner Megaways,
Gemine,
Cai Shen 168,
Circle of Sylvan,
Nitropolis 3,
Christmas Morning,
Jewel Rush,
"""Jackpot Jester 200",
Trojan Kingdom,
1 Left Alive,
10000 BC 2 DoubleMax,
D-Day,
Gems of Serengeti,
Beat the Beast: Quetzalcoatl's Trial,
Maya U Max,
Royale With Cheese Megaways,
Fishin' Frenzy The Big Catch,
Knockout Diamonds,
Power of Merlin Megaways,
300 Shields,
Land of Zenith,
Aztec Treasure Hunt,
Cygnus 3,
Aldo's Journey,
Illogicool,
Canoe Trip,
Micro Knights,
Rumble Mutts,
Book of Vikings,
Xmas Spark,
Desert Legends Spins,
Wild Buzz,
Ze Zeus,
The Ripper,
Joker's Jewels Hot,
Viking Fury Spinfinity,
The Goonies Megaways,
Golden Gallina,
The Cage,
Rock The Reels Megaways,
}); Rock the Reels Megaways: Slot OverviewIf you're into music,
Ankh of Anubis,
Secret of Anubis DoubleMax,
King of Kings,
Big Catch Craze,
Goodfeathers,
"""Lights",
Joker Lux Megaways,
Jolly Roger Wild Kraken,
Monster Blox,
Hot to Burn Hold & Spin,
Visitors,
Book of Yuletide,
Easter Island 2,
Durian Dynamite,
Finn and the Swirly Spin,
Wild Elements,
Ronin's Honour,
Honey Rush,
Dragon's Fire,
Medusa Strike,
Highlander,
Solar Nova,
Mystery of the Nile,
Cirque De La Fortune,
Ted 2 Afterparty,
Candyways Bonanza 3,
Christmas Big Bass Bonanza,
Ancient Island Megaways,
Release the Kraken 2,
Gemix 100,
Blazing Mammoth,
Big Fin Bay,
Rick And Morty Strike Back,
Gold Mine Stacks 2,
The Final Countdown,
Morgana Megaways,
Animals Strike,
Western Gold,
Cyber Heist,
Sticky Bandits Unchained,
Magnetz,
Immortal Fruits,
Black Mamba,
10 Swords,
Book of Fallen,
Forever 7s,
Zeus vs Hades Gods of War,
Aztec Gems Megaways,
Wheel of Amp,
Fishin' Frenzy the Big Splash,
LooneyPop,
Zombie Carnival,
3021 AD The Bounty Hunter Gigablox,
Calavera Crush,
Helloween,
Rise of Ymir,
Devil's Number,
Book of Truth,
Desperate Dawgs,
ZapLab,
Wild Plunder,
Rasputin Megaways,
Sirens' Riches,
Royal Potato,
Coywolf Cash,
Mighty Arthur,
deadmau5,
Ocean's Treasure,
Giant’s Fortune Megaways,
Sticky Bandits Trail of Blood,
Genie's Link&Win 4Tune,
Asgard Warriors,
Johnan Legendarian,
}); Johnan Legendarian: Slot OverviewBased in Armenia,
Odin's Gamble,
Dynamite Riches,
Stallion Kingdom,
}); Stallion Kingdom: Slot OverviewWhy is it that when a Games Global studio's slot makes its way onto the review to-do list,
Golden Tsar,
The Secret of Machu Picchu,
Jammin' Jars 2,
Life and Death,
Benny The Beer,
Hansel & Gretel Candyhouse,
Disco Mania Megaways Merge,
King Carrot,
Fishin' Frenzy Even Bigger Catch,
Fighter Pit,
Forgotten Island Megaways,
Cauldron,
Gates of Hades,
Scepter of Anubis,
Riches of Rumpelstiltskin Megaways,
Jingle Ways Megaways,
Rome Fight For Gold Deluxe,
Invaders Takeover,
Giga Jar Cluster Link,
Barbarossa Revenge DoubleMax,
Tower Quest Legacy,
Firebird Spirit,
Giganimals Gigablox,
Apocalypse,
The Immortal Captain Rizk!,
}); The Immortal Captain Rizk: Slot OverviewDeveloper Microgaming pads out the exclusive slot range at Rizk Casino staring their dashing superhero Captain Rizk with a second branded slot to follow up on the release of Captain Rizk Megaways. If you like the look of the game but aren’t a customer,
Sparky & Shortz,
Fire and Roses Jolly Joker,
Dark Summoning,
Fred's Food Truck,
Cash Explorer,
Castle of Fire,
Wildfire Wins,
Secret City Gold,
Super Twins,
Pink Elephants 2,
Fishin' Frenzy Megaways,
6 Wild Sharks,
Roman Power,
Wheel of Wealth Deluxe,
Treats of Terror,
Barn Festival,
Mr Tain's Fishing Adventures,
Tiki Fruits,
Merry Christmas Megaways,
Poseidon Ancient Fortunes Megaways,
Treasure Skyland,
Mystic Wheel,
Lion's Hoard,
Warlords,
10000 BC DoubleMax,
Strength of Hercules,
Voodoo Hex,
Gold Boom,
Brooklyn Bootleggers,
Action Bank Plus,
Fire Joker Freeze,
Valletta Megaways,
Fire in the Hole 2,
Hounds of Hell,
Wings of Riches,
Aussies vs Emus,
Badge Blitz,
Multiplier Odyssey,
Pirots,
Sugar Bomb DoubleMax,
Golden Fish Tank,
Spark of Genius,
Disturbed,
Kraken's Cove,
Hugo Carts,
"""Betty",
Saxon,
Dragons of the North Megaways,
}); [smartslider3 slider=862]Dragons of the North Megaways: Slot OverviewUp for a quick trip back in time,
Yucatan's Mystery,
Jammin' Jars,
Olympus Hades Megaways,
Stumpy McDoodles 2,
4K Ultra Gold,
Legion Gold Unleashed,
Mystery Reels Deluxe,
Sticky Bandits 3 Most Wanted,
Buffalo Freedom,
Fangtastic Freespins,
Fortunium,
Monkeys Go Bananas MultiMax,
Break Bones,
Jack Hammer 3,
Piggy Blitz Disco Gold,
Dead Riders Trail,
Cazino Zeppelin Reloaded,
Wildhound Derby,
The Wiz,
Bull in a Rodeo,
Sakura Fortune Epic Bloom,
Book of Thieves,
Sugar Supreme Powernudge,
Cops N Robbers Megaways,
Stack 'Em,
Night Queen,
Vikings The Saga of Fenrir,
Medusa's Stone,
Bulls Run Wild,
Raging Rex 2,
Pokie Megaways,
Sakura Fortune 2,
Excalibur VS Gigablox,
Artemis vs Medusa,
Retro Reels Diamond Glitz,
Lost Riches of El Dorado,
Arcane Gems,
Blood & Shadow,
Wildfire Wins Extreme,
Age of Akkadia,
Cazino Cosmos,
Home of the Brave,
Ripe Rewards,
Fruit Party,
Fat Panda,
The Nemean Lion,
Queen of Wonderland Megaways,
Eye of Dead,
Blazing Piranhas,
Octobeer Fortunes,
Moon Princess 100,
Bronco Big Bounty,
Reno 7's,
Banana Rock,
Wild Worlds,
Viking Fall,
Dazzle Me Megaways,
Great Gold,
Legacy of Gems Blitzways,
Tsai Shen 10K Ways Dream Drop,
Machina Megaways,
Bigger Bass Bonanza,
Rambo,
San Quentin xWays,
Golden Realms,
Wildies,
Kingdom of the Dead,
Aztec Gems Deluxe,
Rise of the Sabertooth,
Clash of the Beasts,
Gemtastic,
Flappers,
Eternal Clash,
Eye of the Panda,
The Dog House Dog or Alive,
Pug Life,
Astronaut,
Mega Pyramid,
Rise of Olympus Origins,
Links of Ra 2,
Purrrminator,
Potion of Madness,
Regal Beasts,
Wins of Mermaid Multipower,
Reel Rush,
Casino Night,
Cock-A-Doodle Moo,
Diamond Inferno,
Sugar Rush 1000,
Christmas Multihops,
TNT Tumble,
Brew Brothers Xmas Brew,
Christmas Gold Digger,
Heart of Cleopatra,
Red Hot Luck,
Vikings Go Berzerk,
Mirror Joker,
Densho,
Fortune Pike Gold,
Dead or Alive 2,
Caribbean Anne 2,
Front Runner,
Rock Bottom,
Santa's Great Gifts,
Royal Mint Megaways,
Wild Dojo Strike,
Megahops Megaways,
}); Megahops Megaways: Slot OverviewWhen reviewing Megahops Megaways from developer Booming Games,
Monkey: Battle for the Scrolls,
Wanted Wildz,
Pink Elephants,
JunglePop,
Clover Gold,
Alive! Megaways,
Catemple,
Mega Don,
Willy's Hot Chillies,
Goat Getter,
Cash Goddess,
Snakes and Ladders Megadice,
Rally 4 Riches,
Cash Truck Xmas Delivery,
Tiger Rush,
Wonder of Ages,
Jungle Fortune,
Joker's Jewels Cash,
Shadow Society,
9 Enchanted Beans,
Zap Attack,
Pandastic Adventure,
Lucky Oktoberfest,
Age of Conquest,
Chambers of Ancients,
Fortunes of the Aztec,
Jackpot Hunter,
Magic Maid Cafe,
Wild Scarabs,
Santa Spins,
Mystic Spells,
Merlin: Journey of Flame,
8-Bit Quest,
Eye of Horus Megaways,
Jane Hunter and the mask of Montezuma,
Hot Fiesta,
Ultimate Slot of America,
Cash Crew,
Ragnarok 40K,
Moon Spirit Hold & Win,
Aztec Gold Megaways,
Bar-X Triple Play Megaways,
Kaiser,
Via Del Corso,
Snakes & Ladders Snake Eyes,
Fire Strike,
Immortal Romance Mega Moolah,
Dutch Flip,
Treasure Heroes,
Lock And Pop,
Fishin' Pots of Gold,
Chickenville Power Combo,
Jin Ji Bao Xi Megaways,
Wings of Ra,
Legend of the Ice Dragon,
Joker Maxima,
Dragon’s Domain,
Eye of the Storm,
Easter Eggspedition,
Shamrock Holmes Megaways,
Dwarf & Dragon,
Fortune Rewind,
Lightning Joker,
Ancients Blessing,
Clash of Camelot,
The Race Megaways,
Serial,
Xibalba,
}); [smartslider3 slider=648]Xibalba: Slot OverviewEver seen the film The Phantom Menace,
Blazing Bull 2,
Eternal Dawn,
Racetrack Riches Megaboard,
Raging Rex,
Hotel Yeti-Way,
Mustang Trail,
Egyptian King,
Double Rainbow,
Monkey's Gold xPays,
Wild West Gold Megaways,
Age of Huracan,
Ali Baba's Luck Megaways,
Roadkill,
Gems Gone Wild Supreme,
El Cowboy Megaways,
Drunken Sailors,
• Super Free Spins - unlock the super free spins round by paying 260x your stake.Burst ModeThis unique autoplay feature is available for all Slotmill games,
Valkyries,
Fat Banker,
Here Kitty Kitty,
Money Train 4,
3 Lucky Witches,
Night Roller,
Gems Bonanza,
Mammoth Gold Megaways,
West Coast Cash Infinity Reels,
}); [smartslider3 slider=629]West Coast Cash Infinity Reels: Slot OverviewImagine,
Sticky Bandits Thunder Rail,
Leprechaun's Vault,
The Ruby Megaways,
Testament,
CherryPop Deluxe,
Brick House Bonanza,
Chests of Cai Shen,
Jeff & Scully,
Winter Champions,
Abrakadabra,
Kitty POPpins,
Afterlife Inferno,
"}); [smartslider3 slider=862]Afterlife Inferno Slot: Introduction""""Afterlife Inferno"""" is a high-variance video slot by Leander Games featuring 5 reels",
The Dog House,
Jester Wheel,
Shark Frenzy,
Christmas Santa,
Miami Glow,
Rainbow Ryan 2,
Temple of Paw,
Extra Juicy Megaways,
Dynamite Frenzy,
Castle of Terror,
Mega Moolah Lucky Bells,
Harvest Wilds,
Crypt of the Dead,
4 Pirate Chests,
The Wildos,
King Arthur 10k Ways,
Xmas Magic,
Glyph of Gods,
Vikings Go To Egypt Wild Fight,
Gods Gone Wild,
Gemix 2,
Riddle Of The Sphinx,
NSYNC Pop,
Evil Eyes,
Pandora’s Treasure,
Cash Elevator,
Fishin' Christmas Pots Of Gold,
Chili Bonanza X UP,
Mummy Megaways,
Cygnus 4,
Money Cart 2 Bonus Reels,
Yokozuna Clash,
The Wolf's Bane,
Mayan Multi Mayhem,
Moon Princess Trinity,
Starlight Princess,
Raging Rex 3,
Attila The Hun,
Hanzo's Dojo,
Mahjong Wins Super Scatter,
Montezuma Megaways,
Revolution Patriot's Fortune,
Ragnarok,
Exotic Cats,
Wild Duel,
Cat Wilde and the Pyramids of Dead,
Precious 7,
Esqueleto Explosivo 3,
Masters Of Valhalla,
Monopoly Lunar New Year,
12 Bolts of Thunder,
Honolulu Nights,
Jasmine Dreams,
Midway Money,
Diamond Cascade,
Dr Fortuno,
Mystery Egg Surprise,
Rainbow Riches Power Pitch,
Queen of Riches Megaways,
Derby Wheel,
Rome Fight For Gold,
Fortune Hit 'N' Roll,
Cerberus Gold,
Money Cart 3,
Man vs Gator,
Winterberries 2,
Basketball King Hold & Win,
Scatter Monsters,
9 Masks of Fire,
Moley Moolah!,
Madame of Mystic Manor,
Ronin StackWays,
Shamrock Miner,
Captain Xeno's Earth Adventure,
Platooners,
Frozen Tropics,
Jewel Scarabs,
Gladius Death or Glory,
Crystal Wolf Infinity Reels,
Astros,
Glow Dig,
Peggy Sweets,
Buggin,
Machina Reloaded Megaways,
Apache Way,
RIP City,
Tanked,
Devilicious,
Crystal Catcher,
Dragonblox Gigablox,
Dork the Dragon Slayer,
Joker Gems,
Lucky Riches Hyperspins,
Gold Frontier Jackpots FastPot5,
The Stash,
Legion Gold,
Sinbad,
Who Wants to Be a Millionaire,
Goldaur Guardians,
Old Fellow,
Royal Nuts,
Gorilla Mayhem,
The Magic Orb Hold & Win,
Christmas Megaways,
}); Christmas Megaways: Slot OverviewUK based Iron Dog Studio decorate their Branded Megaways concept in tinsel and wrapping for punters looking for something to spin during the holiday season. For those of you who are unaware,
Buildin’ Bucks,
Towering Pays Excalibur,
Colt Lightning,
Ragnawolves,
Duck Hunt 500,
Divine Riches Diana,
}); Divine Riches Diana: Slot OverviewSoftware provider Just For The Win continues to display its penchant for 'riches' related slots with the mythologically minded release Divine Riches Diana. This one most closely resembles Divine Riches Helios,
Secrets of the Sorcerer,
Wild Hot Chilli Reels,
Horror Hotel,
Frozen Age,
The Big Dawgs,
Gator Gold Gigablox,
Christmas Carol Megaways,
Firefly Frenzy,
Safari King,
Game of Gladiators Uprising,
Free Reelin' Joker,
Tricks And Treats,
Multifly!,
Sidekick Jack,
Lost Vegas,
"""10",
Shields of the Wild,
Sweet Kingdom,
Nice Catch 2 DoubleMax,
Mental,
The most lucrative bonus is triggered from the main game if 3 Scorpion Symbols and 2 Spider Symbols hit,
Pharaoh's Dream,
Book of Shadows,
Moon Princess,
on which princess is standing beside the grid at the time:Love transforms one set of symbols into another type of symbol.Star adds one or two extra wilds symbols to the grid.Storm removes two sets of symbols from the grid.Keep an eye on the power meter to the left of the screen. When filled,
Revenge of Loki Megaways,
Rainbow Gold,
Rainbow Riches Cluster Magic,
Captain Rizk Megaways,
Cashoccino,
Samurai's Katana,
Gold Party,
Golden Fields,
Big Bass Christmas Bash,
Dungeon Tower,
Lobster Bob's Crazy Crab Shack,
Neptune Rising,
Rotten,
Lobster Bob's Sea Food and Win It,
Blood Lust,
Dystopia Rebel Road,
Undefeated Xerxes,
Majestic Gold Megaways,
Rumble Rhino Megaways,
}); [smartslider3 slider=862]Rumble Rhino Megaways: Slot OverviewRumble Rhino Megaways is the first use of Big Time Gaming's pervasive game engine in a Wizard Games online slot,
Gods vs Gigablox,
Mine Defender,
Wild Tome of the Woods,
11 Coins of Fire,
}); [smartslider3 slider=806]11 Coins of Fire: Slot OverviewIf you've been around the slot block one or two times,
Desert Temple,
Silverback Multiplier Mountain,
Blockchain Megaways,
Pug Thugs of Nitropolis,
Big Hits Blazinator,
CatPurry Epic Strike,
Curse of the Werewolf Megaways,
Megaways Jack,
Lucy Luck and the Temple of Mysteries,
Jurassic World Raptor Riches,
Lady Merlin Lightning Chase,
Wolf Canyon Hold & Win,
Giga Blast,
Lara Croft Tomb of the Sun,
5 Families,
Divine Riches Helios,
Das xBoot,
Outlaw,
Wicked Kitty,
Booty Bay,
Hot Chilliways,
Colossus Hold & Win,
Wild Wild Bananas,
Golden Scrolls,
Golden Grimoire,
Neon Villains,
Fish Eye,
Starquest,
Forest Fortune,
Village People Macho Movies,
Big Stack Lumberjack,
Savannah Pride,
Mayhem,
Gonzita's Quest,
God of Fire,
}); [smartslider3 slider=628]God of Fire: Slot OverviewBack in olden times,
The Shadow Order,
Raging Rhino MightyWays,
Deep Descent,
Viking Runecraft 100,
Gold Mine Mistress,
Almighty Gods,
Rainforest Gold,
Hot Chilli Fest,
Ever After,
Hunters Moon Gigablox,
Doom's Digging Machine,
Shadow Treasure,
Avalon 3,
Rad Maxx,
Doggy Riches Megaways,
Fireworks Megaways,
Orb of Destiny,
Sweet Candy Cash Megaways,
The Money Men Megaways,
Wild Wild Bass,
Viking's Ransom,
Star Gods,
Chip Spin,
Dragon's Flame,
Money Sleigh,
Piggy Bank Farm,
Clover Club,
Labyrinth Of Knossos,
Aztec Powernudge,
Rabid Randy,
San Quentin 2: Death Row,
Golden Genie,
The Great Pigsby Megapays,
Big Bucks Buffalo Gigablox,
Ladybug Luck,
Reel Spooky King Megaways,
Joker Flip,
7 Elements,
Tyrant King Megaways,
Baron Samedi,
Way of the Tiger,
Jack and the Beanstalk,
Hot to Burn Extreme,
Wild Falls,
Little Bighorn,
3 Magic Pots,
Dragon's Dawn,
D10S Maradona,
Wheel of Fortune Megaways,
Black Gold Megaways,
Canyon Riches,
Diamond Heist Hold & Win,
Big Bot Crew,
Extreme Megaways,
Pearls of Aphrodite,
Tic Tac Take,
Mr Toad Gold Megaways,
Riviera Star,
Book of Relics,
Big Sugar Bonanza,
Templar Tumble,
Rich Wilde and the Tome of Insanity,
Fairytale Legends Mirror Mirror,
Jawbreaker,
Joe Exotic,
Spartan King,
Blazing Clusters,
Branded Megaways,
Viking's Legacy Everyway,
Florageddon!,
Blue Fortune,
Champion of the Underworld,
Apes of Doom,
Transylvania Night of Blood,
Lava Lava,
Suncatcher Gigablox,
Shields of Lambda,
Big Bass Bonanza 1000,
Highway Legends,
"""The Good",
Max Elements,
Bankin' More Bacon,
Boss Bear,
Turn Your Fortune,
Pillars of Asgard,
Dragon’s Mirror,
Fox Mayhem,
The Wild Kiss,
Pots O'Riches,
Fruit Combinator,
The Equalizer,
Frozen Gems,
Lil' Devil,
Le Bandit,
Frogs & Bugs,
The Sword and the Grail Excalibur,
Big Bass Xmas Xtreme,
Jin Chan’s Pond of Riches,
Mega Flip,
Lost Boys Loot,
Bulldozer,
Lucky Lemons,
Beef Up the Bonus,
TikiPop,
North Storm,
China River,
Luck of the Devil POWER COMBO,
Wolf Gold Ultimate,
Line Busters Dream Drop,
Silverback Gold,
Court of Hearts,
Wonder Woods,
Fate Of Fortune,
Robopocalypse,
Knight Rider,
Spin & Score Megaways,
Craps,
Lucky Otter,
Buffalo Win Infinity Reels,
}); Buffalo Win Infinity Reels: Slot OverviewWe gotta come clean. When Buffalo Win Infinity Reels popped up on the radar,
Legacy of Inca,
JuicyPop,
777 Volt GigaBlox,
Rock Star Santa MultiMax,
Eagle Storm,
Big Bad Bison Megaways,
Brilliant Diamonds Hold & Win,
Gorilla Kingdom,
Cash Truck 3 Turbo,
Honey Hunters,
Christmas Catch,
Big Bounty Bill,
Festive Indulgence,
Seven 7s,
Perfect Gems,
Legacy of Dynasties,
Wins of Winter,
Sultan Spins,
Rich Wilde and the Tome of Dead,
Titan Strike,
Jackrabbit Jackpots,
Snakebite,
Gemstone Mine,
Wild Flower,
Big Bass Day at Races,
Ancient Eclipse,
Arrr! 10K Ways,
Dr Reactive,
African Quest,
Wild Luchador,
Super Rainbow Megaways,
Fishin’ Frenzy Christmas,
Hot Pots,
Kodiak Kingdom,
Temple of Medusa,
Loner,
Dear Santa,
Dragons’ Lock,
Merry Megaways,
Blinged,
Banquet of Dead,
Gods of Rock,
Book of Fusion,
Gallo Gold Bruno's Megaways,
Fortunes Of Ali Baba,
Buckshot Wilds,
Nitropolis,
Tombstone,
Maradona El Pibe Oro,
Mahjong 88,
Jolly Dicers,
Duel At Dawn,
Deadly 5,
Animal Madness,
Loki's Riches,
Super Lion Megaways,
Bigger Bass Splash,
MGM Grand Gamble,
Pickle Bandits,
volatile,
Dam Beavers,
Tiger’s Glory Ultra,
Amazing Miceketeers,
Knight Fight,
"""10",
Gems of Adoria,
Wild Frames,
Lucky Clucks 2 Rooster Respins,
Leprechaun Joy,
Midas Golden Touch 2,
333 Fat Frogs Power Combo,
Cyclops Smash,
Sumo Sumo,
Knights of Avalon,
Tropicool 4,
Wild Bison Charge,
Aliya's Wishes,
Land Of The Free,
Monsters Unchained,
Fruit Smash,
Dead Man's Fingers,
Hit It Hard,
Bar-X Safecracker Megaways,
Finn and the Dragon Tales,
Boom Pirates,
Rainbow Jackpots Megaways,
DonKey & the GOATS,
John Hunter and the Book of Tut,
5 Wild Buffalo 2,
E-Force,
Journey to Paris,
Happy Apples,
Mighty Munching Melons,
Mystical Santa Megaways,
Gronk’s Gems,
Wild Mantra,
"""10",
Mercy of the Gods,
Merlin's Mania,
All About the Bass,
Rainbow Wilds Megaways,
Ignite the Night,
5 Frozen Charms Megaways,
El Patron,
Brick Snake 2000,
Chilli Heat Megaways,
Thor's Vengeance,
Blazing Bison Gold Blitz,
Dreamzone,
Wild Catch,
TNT Tumble Dream Drop,
Merlin And The Ice Queen Morgana,
Manhattan Goes Wild,
Bison Battle,
Legacy of Dead,
Tombstone RIP,
Space Invaders,
Rubies of Egypt,
Reel Star,
Money Train 3,
Pushy Cats,
Blood Diamond,
Wild Harlequin,
Book of Captain Silver,
Leprechaun’s Magic Megaways,
Gold Digger,
Robin Hood's Wild Forest,
The Great Stick-up,
Cash Mine,
Payday Express,
Farmtastic,
Cannonball Cash,
Robber Strike,
Bompers,
Towering Fortunes,
Blirix Workshop,
Tiki Tiki Hold 'n' Win,
Raven Rising,
Luck O' The Irish Go For Gold,
Ticket To Wild,
Aladdin and the Sorcerer,
Jester Spins,
Pearl O' Plinko Fire & Bones,
Bubble Beez,
4 FOXX Crew,
Sherwood Gold,
Gates of Aztec,
Gunpowder,
Olympus Zeus Megaways,
Dragon Hero,
Deal or No Deal Banker's Bonanza,
Aurora Beast Hunter,
ThunderCats Reels of Thundera,
Superstars,
Rabbit Garden,
Phoenix Paradise,
Giza Infinity Reels,
Wild Wild Riches,
Pirates Party,
Hell's Hogs 2 Squelin' Wheels,
Hula Balua,
Bankin' Bacon,
Thor's Rage,
Turtle Paradise,
Aztec Wilds,
Aztec Pyramid Megaways,
}); [smartslider3 slider=862]Aztec Pyramid Megaways: Slot OverviewTaking a look through developer Booongo's back catalogue reveals a strong interest in all things Asian. A vast chunk of the studio's output has an Eastern focus,
The Lost Boys,
King Of Babylon,
Warp Wreckers Power Glyph,
Troll Hunters 2,
Cloud Corsairs,
The Wild Chase: Tokyo Go,
Freaky Friday,
Akiva: Claws of Power,
Book of Golden Sands,
Treasure Wild,
Farm Yarn Favourites,
Spinjoy Society Megaways,
}); [smartslider3 slider=862]Spinjoy Society Megaways: Slot OverviewAfter signing what Lady Luck Games calls a 'landmark licensing agreement with Big Time Gaming',
Unusual Suspects Cartel Cash,
WWE Clash of the Wilds,
Wild Swarm,
Esqueleto Explosivo 2,
Rise of Atlantis 2,
xWays Hoarder xSplit,
Gems Gone Wild Power Reels,
Trigger Happy,
Midnight Thirst,
Wishbringer,
7 Gold Fruits,
Secret Riches of the Irish,
Queen's Day Tilt,
Cowboy Coins,
Fa Fa Babies 2,
Forge of Olympus,
Emerald Gold,
Rascal Riches,
Martian Miner Infinity Reels,
Mega Pearl Gigablox,
Hugo Goal,
King's Mask Eclipse of Gods,
Get The Gold InfiniReels,
Pack & Cash,
Wolf Power Megaways,
Sugar Cubes,
Monkey Bonanza,
Hot Pepper,
Spinions Xmas Party,
Gold of Fortune God,
Gaze of Gold Mega Hold & Win,
Diamond Fruits Megaclusters,
Supermania,
Vikings vs Trolls,
Magic Jokers,
Cyber Attack,
Crown of Valor,
}); Crown of Valor: Slot OverviewCrown of Valor from developer Quickspin takes players back to the Dark Ages,
Sylvan Spirits,
3 Tiny Gods Bonanza,
Tomb of Gold,
Keep 'Em,
Lightning Horseman,
Stone Gaze of Medusa,
Generous Jack,
"""Dead",
True Grit Redemption,
Da Vinci's Treasure,
Eye of Horus Power 4 Slots,
The Bomb,
Dark Waters Power Combo,
Flaming Tiki,
Detroit Red Wings Winged Reelers,
Gates of Troy,
Prism of Gems,
Bali Vacation Infinity Reels,
Purr Power,
Strolling Staxx: Cubic Fruits,
Vikings Go Berzerk Reloaded,
Jungle Jamboree,
Cosmic Rush Dream Drop,
Epic Fish Adventure,
Fat Rabbit,
Serengeti Gold,
Warrior Graveyard,
Deadwood,
Hot Dog Heist,
Katmandu Gold,
Cubes,
Beat The Beast: Mighty Sphinx,
Starburst Galaxy,
Risqué Megaways,
Monopoly Heights,
Ark of Mystery,
Ark of Mystery is comparably simplistic in design,
Poison Eve,
Anna Van Helsing Monster Huntress,
Legion Gold Victory,
Vampire Riches DoubleMax,
Samurai Code,
Drop 'Em,
Banana Odyssey,
Super Cash Drop,
Roman Emperors,
Sonic Links,
Saint Nicked,
Fruit Duel,
Christmas Tree,
Ghost Glyph,
Oasis of Dead,
Eye of Atum,
Flaming Fox,
Money Stacks,
Fruitopolis Fortune Play,
Age of Asgard,
Legion X,
Diamonds Of Egypt,
Cat Clans,
Viking Runes,
Lion Saga Odyssey,
Sticky Bees,
Dragon's Luck Deluxe,
Infective Wild,
Chilli Master,
Oink Bankin',
Wild Unicorns,
Mega Party Bucks,
Cash Bonanza,
Chase for Glory,
Honey Rush 100,
"""10",
Brainwashed,
Fruit Blox,
Little Gem,
Pimped,
Big Cat King Megaways,
Arabian Nights,
Sugarlicious EveryWay,
Santa's Wonderland,
Golden Goose Megaways,
Cash Patrol,
Bones & Bounty,
Star Wild Blaster,
Gates of Xibalba,
Squealin' Riches,
Book of 99,
Hades Gigablox,
Santa's Stack,
Big Bad Wolf: Pigs of Steel,
Jiggly Cash,
Wild Fishin Wild Ways,
Slugger Time,
Treasure Rain,
Return of the Dead,
Panda's Fortune 2,
USA Flip,
Buffalo King Megaways,
Boilin' Pots,
Narcos Mexico,
Rainbow Riches Pots of Gold,
Diablo Reels,
Naughty Nick's Book,
Mafia Clash,
Diamond Symphony DoubleMax,
Viking Forge,
Vikings Unleashed Megaways,
Break Da Bank Again Megaways,
Starlight Princess Pachi,
Lady Luxe Joker,
Crab Trap,
Dead Man's Trail,
Tales of Asgard Freya's Wedding,
Iron Bank,
Tomb of Nefertiti,
Montezuma,
For those who don’t know,
Joker's Jewels Wild,
Outlaw Saloon,
Master Joker,
Savannah Legend,
Super Lucky Charms,
POP Royale,
Big Bad Wolf Megaways,
Reel Keeper Power Reels,
Peppe's Pepperoni Pizza Plaza,
Big Bass Halloween,
Celestial Sisters Megaways,
Jumanji,
Leprechaun Heist,
Rich Raptors,
Immortal Romance Video Bingo,
Stars of Orion,
Witch Heart Megaways,
Anubis 2 DoubleMax,
Mega Mine,
Tales of Silver Megaways,
Fury of Odin Megaways,
Zeus Lightning Power Reels,
Kings of Crystals,
El Dorado The City of Gold Megaways,
Tucanito,
300 Shields Mighty Ways,
"}); <span style=""""display: inline-block; width: 0px; overflow: hidden; line-height: 0;"""" data-mce-type=""""bookmark"""" class=""""mce_SELRES_start"""">﻿</span>300 Shields Mighty Ways: Slot OverviewJust like the Spartan warriors this game was styled around",
Irish Pot Luck,
Arthur’s Fortune,
Joker Drop PopWins,
Piggy Bank Bills,
Legion Gold and the Sphinx of Dead,
Lucky Clucks,
Wild Wild Bass 2,
Unusual Catch,
3 Secret Cities,
Divine Lotus,
Maze Escape Megaways,
Safari Gold Megaways,
Ted Megaways,
Reel Desire,
Sheriff's Gold Megaways,
Voodoo Gold,
Savage Buffalo Spirit Megaways,
}); While pondering Savage Buffalo Spirit Megaways from developer BGaming,
Golden Leprechaun Megaways,
Monkey Frenzy,
Fire Toad,
Bill & Coin,
Juicy Joker Mega Moolah,
}); Juicy Joker Mega Moolah: Slot OverviewThe mighty Mega Moolah machine rolls on with another slot wired into the lucrative network. If you are new,
Books of Tao,
Agent Destiny,
House of Doom 2 The Crypt,
The Wild Gang,
Helios' Fury,
Rise of Gods Reckoning,
Yeti Quest,
Snake's Gold Dream Drop,
Piggy Bank Megaways,
Mega Magic Spell,
Hellcatraz,
The Vault,
Le Kaffee Bar,
Plataea,
Cherry Bomber,
Misery Mining,
5 Rabbits Megaways,
Gold Rush Frenzy Megaways,
Milk The Cow,
Bouncy Bombs,
Lara Croft Temples and Tombs,
Untamed Wilds,
Buffalo King,
Crusader,
Gong Hei Gong He,
Wanted Outlaws Nobleways,
Playboy Gold Jackpots,
Fruit Flash,
Desperate Dawgs 2 Gigablox,
PiggyPop,
Scrooge Megaways,
Street Magic,
Funky Buddha,
Toro Shogun,
Star Clusters Megaclusters,
Clover Fortunes,
Stolen Treasures,
Hola Frutas,
Juicy Fruits,
Hound Hotel,
Emberfall,
Peaky Pigs,
Office Party,
Frank's Farm,
Midnight Marauder,
Annihilator,
888 Bonanza,
Reel ‘Em In A Bit Fishy,
Fire Stampede,
1001 Mystery Genie Fortunes,
Royal Family,
Money Mariachi Infinity Reels,
Ninja Ways,
Folsom Prison,
Beam Boys,
Hell's Hogs,
Hotline,
The Expanding Wild remains on the reels until the end of the ReSpins. Re-Spins end if no new Wild symbols land on an activated Hotline.3 Scatter symbols appearing anywhere on reels 1,
Rabbit Fields,
Cleocatra,
Elven Gold,
}); Elven Gold: Slot OverviewDespite a rapidly growing range of options,
The Green Knight,
Queen of Alexandria WOWPOT!,
Bruce Lee,
So,
Fortune Llama,
Piggy Bankers,
Dragon King Legend of the Seas,
Big Bass Halloween 2,
5 Monsters,
Viking Wilds,
Majestic Express Gold Run,
Fortress Charge,
Diamond Staxx Multipays,
Lucky Fridays,
Rooster Mobs,
Fishin Frenzy Big Catch Megaways,
Perfect Potions Megaways,
Midas Coins,
Jungle Spirit Megaways,
Wild West Gold Blazing Bounty,
Ecuador Gold,
It barely needs to be said - the first thing that comes to mind upon loading the slot is Bonanza. There's even a mention of 117,
Aside from the regular wild symbols there's also a Ghosting wild symbol. Only appearing in column 3,
Pork Knox,
Merlins Alchemy,
Wild Stocking,
Motörhead,
Reel Big Fish,
Greta Goes Wild,
Phantasmic Fortunes,
Spicy Meatballs Megaways,
Megaways Respin,
Disco Diamonds,
Money Stacks Megaways,
Free Spins with Random Wild MultipliersIf the round was triggered by 3,
Mad Cabs,
WitchyPoppins,
War Of Gods,
Cash Pump,
Sweet Bonanza Xmas,
Diamond Vortex,
Tut's Twister,
Royal Potato 2,
Keep 'Em Cool,
4 Fantastic Fish,
Night Trax,
Fire and Roses Joker,
Triple Pot Gold,
Dropz,
Jellycious DoubleMax,
Temple Stacks,
Musketeer Megaways,
Wolf Hunters,
Peak Power,
Wild Outlaws,
Loot Boost,
Magic Journey,
Sky Bounty,
Mystery Spin Deluxe Megaways,
Egyptian Fortunes,
Roar of the Bear Megaways,
Deco Diamonds Deluxe,
Living with Stan,
Medallion Megaways,
Worms of Valor,
The Wild Class,
Coba Reborn,
xWays Hoarder 2,
Fishin' BIGGER Pots Of Gold,
Break Da Bank Again 4Tune Reels,
Reactoonz 2,
Brazil Bomba,
Mad Blast,
Toro 7s,
Gems Inferno Megaways,
Super Joker,
Immortal Romance Vein of Gold,
Spiñata Piñata,
Brawlers Bar Cash Collect,
Moon Princess Power of Love,
Reef Raider,
Playboy,
Pray For Three,
Clash of the Seraphim,
Shadow Strike,
Cashed in Stone,
Thoro,
Planet Fortune,
Gladiator Ways,
}); Gladiator Ways: Slot OverviewJust the other day,
Diamond Empire,
Retro Galaxy,
Christmas Bonanza,
Frost Queen Jackpots,
Rise of Samurai 3,
The Fruit Megaways,
Cornelius Milk Hunter Megaways,
The Expendables Megaways,
Neptune's Riches Ocean of Wilds,
Racing Joker,
Jade of the Jungle,
Asgardian Fire,
CherryPop,
Hyper Star,
Book of Toro,
Hyper Burst,
Amped,
The Dog House Royal Hunt,
Cash Truck 2,
Cursed Treasure,
Good Luck & Good Fortune,
Hercules & Pegasus,
Nitro Circus,
The 3 stunt jumps are scored by judges and awarded 5-625 coins depending on the tricks performed. Players can also collect 0-6 of the following features in the 3 stunt jumps.25 coin prizeSpeed boost for the final jumpFinal Jump Multiplier10 Free SpinsAfter completing the 3 stunt jumps,
Mega Dragon,
Muertos Multiplier Megaways,
Pixel Paws,
Crystal Golem,
Cosmic Cash,
Cash Vandal,
Dragon Shard,
Top Cat Most Wanted,
Gods of Glory,
Rhino Rampage,
777 Strike,
Crystal Quest Frostlands,
Valkyrie Splitz,
Agent Jane Blonde Max Volume,
Thor Infinity Reels,
Monopoly Grand Hotel,
Curse of Ra,
Arctic Sorcerer Gigablox,
Hope Diamond,
Big Bite,
Gorilla Madness,
Evil Goblins xBomb,
Wild Turkey,
Dog Town Deal,
Wild Wild Bison,
Max Megaways,
Mining Pots of Gold,
Guardian of Athens,
Tombstone Slaughter El Gordo's Revenge,
Joker Megaways,
}); [smartslider3 slider=862]Joker Megaways: OverviewThe brains behind Joker Megaways is the UK based developer Games Inc who is a bit of a dark horse in the industry. Despite having formed in 2012,
Riches of Midgard: Land and Expand,
5 Doggy Millionaires Dream Drop,
Atlantis,
Ragnaravens WildEnergy,
Legend of the Sword,
Big Bite Push Ways,
Forge of Fortunes,
Gods of Giza,
Gold Strike Bonanza,
}); [smartslider3 slider=629]Gold Strike Bonanza: Slot OverviewGold Strike Bonanza is a slot developed by Blueprint Gaming exclusively for LeoVegas. It seems to be a case of,
Charlie Chance in the Curse of Cleopatra,
Bonus Bunnies,
Robin Nottingham Raiders,
Wild Expedition,
Baker's Treat,
I Hate Fairytales,
Cazino Zeppelin,
9 Masks of Fire Hyperspins,
Spin Spin Sugar,
Om Nom,
Wheel O'Gold,
Pacific Gold,
Holy Hand Grenade,
60 Second Heist,
Wild Wildebeest Wins,
Immortal Romance 2,
The Flintstones,
Cannonade!,
777 Mega Deluxe,
Vault Cracker,
Bull In A China Shop,
Reel King Mega,
Miner Donkey Trouble,
Dragons Playground,
Gems of Egypt Connecta Ways,
Bounty Belles,
Whispering Winds,
Medusa Megaways,
Wild Bandolier,
Dwarf Mine,
Coin Bash,
Master of Atlantis,
Cornelius,
Lilith's Inferno,
Mystic Panther Treasures of the Wild,
Bee Hive Bonanza,
The Alter Ego,
Mars Attacks!,
Gates of Olympus,
3 Cherry Frenzy,
Hammer of Vulcan,
Bison Wilds DoubleMax,
Anvil & Ore,
11 Enchanting Relics,
Zicke Zacke,
Super Dice Megaways,
Sticky Candyland,
Sands of Eternity 2,
Well of Wishes,
Book of Duat,
Golden Haul Infinity Reels,
Rome - The Conquerors,
Cowboys Gold,
Get The Cheese,
Payday Megaways,
Stormforged,
Slot Vegas Megaquads,
Sweet Alchemy 100,
Starfire Fortunes,
Milkshake XXXtreme,
Vegas Diamonds,
Mystic Staxx,
Bronco Spirit,
Hypernova 10K Ways,
Mine & Melt,
Gods of Olympus 3 Megaways,
Pine of Plinko 2,
LeoVegas Megaways,
}); [smartslider3 slider=629]LeoVegas Megaways (Blueprint Gaming): OverviewEvery now and then you'll see LeoVegas release an exclusive slot under its Original series. Not long ago it was Wild Mantra,
Ruff Heist,
Brood of Gods,
Rex The Hunt,
Wild Wild Riches Megaways,
Bass Boss Megaways,
A Flight of Fortune,
Fishin' Pots of Gold Gold Blitz,
Empress of the Shadows,
Grim Reaper Supermatch,
Golden Hook,
Grand Spinn,
Cash Surge,
Idol of Fortune,
Moon Princess Origins,
Mine Blown,
Penguin City,
Chocolate Rocket,
Panther's Reign,
Beware The Deep Megaways,
Cossacks: The Wild Hunt,
Bounty Showdown,
Cairo Link & Win,
Savannah Drums,
Buffalo Power Megaways,
}); Buffalo Power Megaways: Slot OverviewIs it just us,
Break Da Bank Again,
Pirates Charms,
Top Dawg$,
Laser Fruit,
Gladiatoro,
Fire Hopper,
Tasty Treats,
Wheel of Wonders,
Long Pao,
Bandits Thunder Link,
Diamond Miner DuoMax,
4 Masks of Inca,
Beast Mode,
Joker Millions,
Demon,
Razor Shark,
Free spins feature in actionIn Push Gaming's latest release,
Wins of Nautilus Megaways,
Bloodaxe,
Tivoli,
Reactor,
Wolf Call,
}); Wolf Call: Slot OverviewYou'd imagine hiking through the majestic North American countryside and hearing an actual wolf call to be quite a scary experience,
Fishing Deeper Floats of Cash,
Undead Fortune,
Rising Royals,
Cat Wilde and the Doom of Dead,
Mayan Eagle Nobleways,
Shifting Seas,
Hyper Gold All In,
Irish Riches Megaways,
Pirates' Plenty Megaways,
Holiday Spirits,
Three Star Fortune,
Hot Spin Deluxe,
Cat Wilde in the Eclipse of the Sun God,
Cursed Crypt,
Ivory Citadel,
Totem Guardians Dream Drop,
Piggy Luck,
Beheaded,
The Trolls' Treasure,
Lucy Luck and the Crimson Diamond,
Megaways Jack Frost,
Sweet Gummy,
Chicken Chase,
Vampires vs Wolves,
12 Trojan Mysteries,
Blue Wizard,
Big Burger Load it up with Xtra Cheese,
Cotton Gang Affair,
Big Game Fishing TopHit,
Hearts Highway,
Buzz Thrill,
Asgardian Stones,
Bonsai Dragon Blitz Dream Drop,
Rabbit Royale,
Fire Archer,
123 Boom!,
Woolly Wilds,
Tahiti Gold,
Robbin' Robin,
The Paying Piano Club,
Shaker Club,
Wild Depths,
6 in the Chamber,
Nugget,
Fruit Gemz Splitz,
Rocco Gallo,
Love Joker,
Vegas Night Life,
Emperor's Rise,
Fruityways Bonanza Megaways,
The Dog House Multihold,
Jawsome Pirates,
Fireborn,
Big Bass Secrets of the Golden Lake,
Bass Boss,
The Hand of Midas,
Twister,
2 Wild 2 Die,
7x7 Zeus,
Treasure Horse,
Raging Rhino Megaways,
Dwarfs Gone Wild,
Vikings Go To Valhalla,
Culinary Clash,
Dr Wildshock Mad Loot Lab,
Contact,
Divine Dreams,
Olympus Unleashed,
Outsourced,
Fishtastic,
Dragonfall,
Split Happens,
Olympus Raging Megaways,
Gargoyle Infinity Reels,
}); [smartslider3 slider=629]Gargoyle Infinity Reels: Slot OverviewVisit an old Gothic structure and you are likely to see hordes of gargoyles poking their mugs out to ward off evil spirits. They also have a practical secondary role as an elaborate drain pipe to divert water off the roof to minimise rain damage. Not quite so mystical a function that one. Whether gargoyles possess a metaphysical quality or are simply an attractive way to solve drainage problems,
Beriched,
Mega Masks,
Joker Bombs,
Big Benji Bonanza,
Wild Storm Legionnaire,
Pirate Pays Megaways,
Wild Wild Bass 3,
Gates of Olympus 1000,
Xpander,
Pond of Plinko,
Treasure Mine Power Reels,
Lucha Maniacs,
Syncronite Splitz,
Phoenix Graveyard,
Candy Glyph,
Himalayan Wild,
Sweet Spotz,
Cats Megaways,
Count Jokula,
Money Jar,
Super Striker,
Phoenix Forge,
DJ Fox,
Wild Wild Pearls,
Rise of Dead,
Reactoonz,
Carol of the Elves,
Crank It Up,
Golden Catch,
Depths of Fortune,
Razor Ways,
Crabby's Gold,
Blademaster,
Chronos Joker,
FloridaMan,
Paddy's Pot Mega Moolah,
Reel Keeper,
Romanov Riches,
Mega Moolah The Witch's Moon,
Anubis Wild Megaways,
Triple Royal Gold,
Big Bass Splash,
Armageddon 10k Ways,
Book of Sheba,
Mutant Trawlers,
The Library,
Book of Power,
Splendour Forest,
Space Stacks,
3 Clown Monty,
Devil's Finger,
Propaganda,
Cash Noire,
Skate or Die,
Respin Mania Megaways,
Arctic Valor,
Wild Trigger,
Genie's Arabian Riches,
Pilgrim of Dead,
Chicken Drop,
Volatile Egypt Dream Drop,
Bison Bonanza,
Ultra Rich,
Diamond Duke,
Beastly Burglars,
Extra Chilli Megaways,
Mahjong Wins,
9 Blazing Cashpots Megaways,
Cresus Fortunes,
Legion Hot 1,
Trillionaire,
Apex Strike Megaways,
The Rave,
Piranha Pays,
Nile Fortune,
LeoVegas Cluster Gems,
}); LeoVegas Cluster Gems: Slot OverviewOnline casino LeoVegas expands the number of exclusive slots in their Originals series,
Octo Attack,
Captain Glum Pirate Hunter,
Immortal Guild,
Nikola Tesla’s Incredible Machine,
Hooligan Hustle,
Game of Thrones 243,
Regal Knights,
Mega Moolah,
Flower Fortunes Supreme,
Nightmaker,
That's Rich,
Dragon Gold 88,
Crabbin for Christmas,
Sleeping Dragon,
Money Mayweather,
Mystery Mission to the Moon,
Temple Tumble 2,
1 Million Fortunes Megaways,
Wild Buccaneers Megaways,
Wolf Howl,
African Legends,
Holy Diver,
Diamonds Up,
Atlantis Crush,
Blitz Super Wheel,
Cygnus 5,
4 Fantastic Fish Amazon Adventure,
Mystery Reels Megaways,
Wheel of Wishes,
Brew Brothers,
Ugliest Catch,
Castaway Cove,
Wild Hike,
Bison Rising Megaways,
HelioPOPolis,
Dragon Hot Hold and Spin,
Cluster Tumble,
Slashimi,
Panda Money Megaways,
Floating Dragon Megaways,
King Spin Deluxe,
Crown of Fire,
Gods of Olympus Megaways,
Deal or No Deal Golden Box Megaways,
Lucky Apocalypse,
Juicy Fruits Multihold,
Mustang Gold Megaways,
Eldritch Dungeon,
John Hunter and the Quest for Bermuda Riches,
Book of Kingdoms,
Coils of Cash,
Shadow Summoner Elementals,
Alpha Eagle,
Mustang Gold,
Fat Santa,
Squid Game - One Lucky Day,
5 Lions Megaways 2,
Faces of Freya,
Finn and The Candy Spin,
Star Pirates Code,
More Unusual Suspects,
Rogue Rats of Nitropolis,
Curse of the Mummies,
Temple of Torment,
Good Old 7’s,
Cash Carts Western Wagons,
Gods of Asgard Megaways,
The Great Albini,
Icarus Wilds,
Dragon King Hot Pots,
Sheriff of Nottingham,
Chomplings,
Whacked!,
Barbarossa DoubleMax,
Crazy Digginz,
8 Tigers Gold Megaways,
Hot Spin Megaways,
Golden Buffalo Double Up,
Funk Master,
Gates of Etherea,
Fire Gnomes,
6 Jokers,
4 Fantastic Fish in Egypt,
Mad Cars,
Blender Blitz,
Space Miners,
Tombstone No Mercy,
Howling Wolves Megaways,
Squeeze,
Davey Bones,
John Hunter and Galileo's Secrets,
Candy Cashcades,
Reel Steal,
Have you ever wondered what it would be like to be a part of a huge bank heist? One that will see you escape with both cash and diamonds from the huge bank vault? Well,
Invading Vegas Las Christmas,
Gangster Paradise,
Stumpy McDoodles,
Hockey Bonanza,
Candy Blitz Bombs,
Jackpot King Prize Lines,
Floating Dragon,
Release the Bison,
Bust the Mansion,
Krazy Klimber,
John Hunter and the Aztec Treasure,
Dia Del Mariachi Megaways,
Free Reelin Joker 1000,
Jolly Roger 2,
Diamond Mine Extra Gold Megaways: All Action,
Western Wilds,
Azticons Chaos Clusters,
Tiki Infinity Reels Megaways,
"""Pizza!",
Yummy Wilds,
The Incredible Balloon Machine,
Bushido Ways xNudge,
Reel Nightmare,
Hot Shots 2,
Danger! High Voltage,
Fluffy Favourites Megaways,
}); [smartslider3 slider=809]Fluffy Favourites Megaways: Slot OverviewWith offices in Australia and the Channel Islands,
Big Money Wheel,
Wild Donuts,
Beetlejuice Megaways,
Halloween Horrors Megaways,
In the Zone,
Rainbow Reels,
Black River Gold,
Mutagenes,
Ramses’ Revenge,
The Catfather,
Dragon Hopper,
Arthur's Gold,
Ashoka,
Elemental Princess,
Fruity Treats,
Barrel Bonanza,
Eternal Dusk,
Legend of Athena,
Gods of Troy,
Savanna Roar,
Marlin Catch,
Dawn of Egypt,
Jelly Slice,
The Bowery Boys,
Africa X UP,
Dragon Chase,
Lucky Nuggets Megaways,
Crystal Mirror,
Bust the Bank,
Temple Frenzy Lightning Chase,
Apollo Pays Megaways,
Time Travel Tigers,
Twisted Lab RotoGrid,
Fishin' Reels,
Ring of Odin,
Win-O-Mart,
The Knight King,
Cops'n'Robbers,
Dynamite Diggin Doug,
Towering Pays Valhalla,
Charlie Chance XreelZ,
4 scatters award Inferno Free Spins with multipliers of x5,
Floating Dragon Boat Festival,
1 Million Megaways BC,
Big Top Bonanza Megaways,
8 Golden Dragon Challenge,
Bookie of Odds,
Gates of Valhalla,
Tai The Toad,
Aloha! Christmas,
Firewins Factory,
Spirit of Adventure,
Vampires,
The Sword and The Grail,
The Sword and The Grail (Play'n GO): FeaturesAside from performing its regular substituting duties,
Bon Bomb Bonanza Hyperboom,
Elemental Gems Megaways,
Lion Strike,
Saint Nicked 2,
Jack Frost’s Winter Infinity Reels,
Street Fighter 2: The World Warrior Slot,
Turn It Up!,
When this enhancement is collected,
Pirates' Frenzy,
Buffalo Collector,
Luchamigos,
Rudolph Gone Wild,
Egyptian Tombs,
Arctic Magic,
Divine Showdown,
Fire Forge,
Greek Gods,
Flower Fortunes Megaways,
Brute Force,
Rotiki,
The Goonies Hey You Guys,
Beef Lightning Megaways,
Gem Rush,
Legendary Battle of the Nian,
Pirates' Plenty,
Gonzo's Quest Megaways,
Temple of Treasure Megaways,
Mighty Empire Hold & Win,
Voodoo Reels,
Infernus,
Fire My Laser,
Rome Supermatch,
Wild Corral,
Wild Hop & Drop,
Book of Shai,
Elysian Jackpots,
Hyper Respins,
Robin Sherwood Marauders,
Phoenix Reborn,
Epic Fish Net of Fortune,
For players eager to up their odds,
Midas Golden Touch,
Pineapple Pop,
Dragonfate's Favor,
Spinions Game Day,
Serpent King,
Mega Cherry,
Primal Megaways,
Fortunes of Sparta,
Atlantean GigaRise,
Golden Ticket 2,
Infectious 5,
King of Sweets,
Dragon’s Fire InfiniReels,
Cyberslot Megaclusters,
Twin Spin,
Cash Lab Megaways,
Valley of the Gods,
Astro Newts Megaways,
Word of Thoth,
Barnyard Megahays Megaways,
Dawn of Kings,
24 Hour Grand Prix,
Buffalo Toro,
Skulls UP,
Ancient Fortunes: Zeus,
Dragonfire Chamber of Gold,
Birthday!,
Flying Hippo,
Spirit of the River,
4 Diamond Blues Megaways,
Diamond Sands,
Thunder Screech,
Chaos Crew,
Caishen's Cash,
The Watcher,
J-POP,
Rainbow Riches Midnight Magic,
Hall of Gods,
Chaos Crew 2,
Country Farming,
Dark Vortex,
Dionysus Golden Feast,
Kiss Reels of Rock,
The Last Sundown,
Magic Merlin Megaways,
Vikings Go To Hell,
Each time a Viking wins the fight,
Jungle Jim and The Lost Sphinx,
Snoop Dogg Dollars,
Nitropolis TV,
Bounty Raid 2,
Gimme the Honey Megaways,
Sanctuary,
Valkyrie,
Treasure Ireland,
Wild Heist At Peacock Manor,
Galactic Invaders,
Duel of the Dead Megaways,
Popeye,
"""Lucky",
Gems Infinity Reels,
Voodoo Magic,
Shimmering Woods,
Oishii Bonanza,
The Cursed King,
Hercules Unleashed Dream Drop,
Dragon Kingdom - Eyes of Fire,
King Kong Cash Even Bigger Bananas 2,
Gonzo's Gold,
Don't Hit Plz!,
Fly Cats Dream Drop,
Lock A Luck,
Joker Troupe,
Age of Beasts Infinity Reels,
Lady Earth,
Wild Yield,
Beach Invaders,
Pub Kings,
Raiders of Fortune,
Wolf Blaze Megaways,
Primate King,
Devour The Weak,
Rise of Olympus,
Cash-A-Cabana,
Fruit Party 2,
Wild Hot Chilli Reels 2,
Dolphin Coast,
Alchemy Fortunes,
Amazon Lost Gold,
Bonanza Falls,
Mermaids,
7x7 Thor,
Jackpot Express,
Sherlock Bones,
Rich Wilde And The Amulet of Dead,
7s On Fire,
Toshi Video Club,
Spectre Estate,
Mystery Drop,
Legacy of Egypt,
Wildest Gambit,
Cash Truck Begins,
Shining Hot,
Sweet PowerNudge,
Deal or No Deal Megaways,
The Expendables New Mission Megaways,
Vampy Party,
Casino on the House,
Club Tropicana,
Path of Destiny,
Jungle Spirit: Call of the Wild,
5 Doggy Dollars,
Vikings,
Hammer of Gods,
4 Secret Pyramids,
Colt Lightning Firestorm,
Rise of Olympus 100,
Who Wants To Be A Millionaire Megapays,
Big Juan,
Safari of Wealth,
Rich Wilde and the Shield of Athena,
Alice in Adventureland,
Legends Battle Of Earth,
Ally 1: 20 Attack Power,
Enemy 1: 50 Attack Power,
Last Chance Saloon,
Fat Drac,
A Tale of Elves,
Fruit Shop Megaways,
Crystal Robot,
Raging Riches,
Hand of Anubis,
Space Zoo,
Devil's Crossroad,
Triple Fruit Deluxe Megaways,
Napoleon Megaways,
Darkness,
4 Fantastic Fish Gold Dream Drop,
Fruit Snap,
Kingdom Below,
Pearl Harbor,
Temple of Wealth,
The Golden Pot & Pints,
The Goat,
Wild West Gold,
Muerto En Mictlán,
Camelot Cash,
Jaguar SuperWays,
A Dark Matter,
1K Yeti,
Pirots 3,
Fortuna Gold,
Rumble Ratz Megaways,
Jin Ji Bao Xi: Endless Treasure,
Dragon Match Megaways,
Big Bass Floats My Boat,
Ali Baba's Luck,
Cludeo Mightyways,
Lordi Reel Monsters,
Jaguar Strike,
1942 Sky Warrior,
Big Bucks Bandits Megaways,
Diggin' For Diamonds,
Pirate Kingdom Megaways,
Gods of Gold INFINIREELS™,
FRKN Bananas,
Sabaton,
Cyber Vault,
Rage,
Brides of Dracula Hold & Win,
Book of Gods,
A Winter's Tale,
Super Wild Megaways,
Book of Atem,
Candy Blitz,
Moonshine Riches,
Munchies,
Vicky Ventura,
Game of Gladiators,
Sticky Bandits Wild Return,
Agent Jane Blonde Returns,
Donut Division,
Emerald's Infinity Reels,
Knights of Fortune,
Moleionaire,
Super Money World,
The One Armed Bandit,
Western Gold 2 Double Barrel,
Fatz's Diner,
Gimme Gold! Megaways,
Wild Cauldron,
Babylon Riches,
The Godfather,
Escape the Pyramid Fire & Ice,
Megaways Mob,
Mermaid Queen,
Pirates’ Plenty 2: Battle for Gold,
Feather Fury,
The Demon Code,
Tyrant's Fall,
Congo Cash XL,
Wild Survivor,
80sPop,
Fish 'n' Nudge,
High Street Heist,
Great Rhino Deluxe,
Dead Man's Gold,
Bounty Raid,
Gladiator Clash,
Aquanauts,
Barbarian Fury,
Sweetopia Royale,
The Finer Reels of Life,
Bomb Bonanza,
Druids' Dream,
Junkyard Kings,
Treasures of Ra,
Golden Glyph,
Guns N' Roses,
Alien Antix,
Starz Megaways,
Kiss My Chainsaw,
Banker's Gold Epic X,
Cleopatra 2,
Fiesta Fortune,
Halloween Jack,
The 3 Bears,
Magic Mirror Deluxe II,
Floating Dragon New Year Festival Ultra Megaways Hold & Spin,
Cash Box,
Book of King Arthur,
Reel King Megaways,
Atlantean Treasures Mega Moolah,
Alexander The Great World Conqueror,
Tons of Suns,
Golden Wheels of Egypt,
Spinny McWinnagin Loot Boost,
Atlantis Megaways,
Lucky Dragon,
Honey Honey Honey,
Fruit Rainbow,
Secrets of Cleopatra Infinity Reels,
Mega Fortune Dreams,
Jelly Belly Megaways,
Jurassic Park Gold,
Good Luck Clusterbuster,
Rome The Golden Age,
Blazing Mammoth XL,
Chilli Pepe Hot Stacks,
Gorilla Gold Megaways,
Donny Dough,
Boat Bonanza,
Delicious Candy PopWins,
Amazon Island Megaways,
BountyPop,
Playboy Fortunes,
Happy Riches,
Fire Strike 2,
Stone Gaze of Medusa 2,
Forging Wilds,
Old Gun,
Volts And Bolts,
PigsVille,
Sweet Alchemy,
Fruity Megaways,
Sleepy Grandpa,
Hugo's Adventure,
PapayaPop,
Gold Volcano,
Eric's Big Catch,
Persian Jewels,
Sands of Destiny,
Tesla's Invention,
Walk of Shame,
Queenie,
Chronicles of Olympus X UP,
Beat The Beast: Cerberus’ Inferno,
Mr. Pigg E. Bank,
Angel vs Sinner,
Rainbrew,
Ancient Disco,
Pine of Plinko,
Spaceman,
Tiki Totems Megaways,
Punk Rocker,
Mystery Mice,
9 Pots of Gold King Millions,
Wild Walker,
Highway to Hell,
Wild Toro,
The Wild Machine,
Mighty Stallion,
Money Train 2,
Secret of Troy Jackpot Wars,
Disco Danny,
Pile 'Em Up,
Golden Osiris,
Golden Glyph 2,
Book of Destiny,
Bone Raiders,
Sisters of the Sun,
Cats of the Caribbean,
Legacy of Rome,
Max Megaways 3,
Victoria Wild,
Masters Of Olympus,
Regal Streak,
Moon Spell,
Judge and Jury Megaways,
Prime Zone,
Carnival Queen,
Super Joker Megaways,
Greedy Wolf,
Monster Truck Madness,
Star Bounty,
Blazing Bull,
Sword of Khans,
Peaky Blindera,
Buffalo King Untamed Megaways,
Wild Link Frenzy,
Dice Spinner Megaways,
Whole Lotta Love,
Ashoka Eternal,
The Grand,
Celebration of Wealth,
Zeus II,
Candy Blast,
Crazy Mix,
Dragonz 2,
Monsters vs Gigablox,
Dead or Alive,
As is common for Netent,
Big Catch Bass Fishing Megaways,
Fugly Pets,
Demon Pots,
Wicked Tales: Dark Red,
Feeding Fury,
Viral Spiral,
Big Bad Wolf Christmas Special,
East Sea Dragon King,
Big Top Terror,
Treasures of Lion City,
Bonanza,
NFT Megaways,
Victoria Wild Deluxe,
9k Kong in Vegas,
Yeti Battle of Greenhat Peak,
5 Lions Reborn,
Sails of Fortune,
Riches of Robin,
Into The Storm,
Reign of Rome,
Rick and Morty Megaways,
Cash Chips,
Agnes Mission Wild Lab,
Sword Of Shoguns,
Max Win W.P.D,
Diamond Royale,
Book of Inti,
Candy Stars,
Enchanted Waters,
Le Viking,
Midas King of Gold,
Gem Fire Frenzy,
Bugsy's Bar,
Secret of the Stones MAX,
The Dog House Muttley Crew,
Taco Brothers Derailed,
Book of Dead,
Beat the Beast: Kraken's Lair,
Lure of Fortune,
Book of Inferno,
Christmas Tree 2,
Monopoly Megaways,
Lions GigaBlox,
The Bird House,
Pompeii Megareels Megaways,
King Kong Cash Even Bigger Bananas,
Spellbinding Mystery,
Thunderstruck Wild Lightning,
Athens Megaways,
Egypt Clusterbuster,
Stickermania,
Shinobi Spirit,
Kluster Krystals Megaclusters,
21 Thor Lightning Ways,
Mystery Motel,
Solar Wilds,
Football Penny Roller,
Animal Carnival,
Wild Rails,
Wild Rails (Play'n GO): FeaturesBonus round in actionOn every base game spin,
Clumsy Cowboys,
Majestic Mysteries Power Reels,
Gifts of Fortune Megaways,
Hammer Gods,
The Goonies,
Wild Wild Joker,
Burn 'Em Up,
Super Massive Infinity Reels,
Dragons Clusterbuster,
Pop O' Gold PopWins,
Nightmare Family Megaways,
ArcanaPop,
Zodiac Infinity Reels,
Cash Compass,
Tundra's Fortune,
Voodoo Temple,
7 Lucky Gods,
Moriarty Megaways,
Punk Toilet,
The Grand Galore,
Scruffy Duck,
Medusa,
Rocket Fellas Inc,
Return of Kong Megaways,
10 Kings,
Imperial Riches,
Beat the Beast Dragon’s Wrath,
Thor's Lightning,
Diamond Force,
Niagara Falls,
Kings of Gold,
Joker Super Reels,
Rock'N'Lock,
Dynamite Riches Megaways,
Avatars: Gateway Guardians,
Astro Pug,
Divine Drop,
Valley of the Dead,
Cloud Princess,
Wolfkin,
Battle Royal,
Christmas Plaza DoubleMax,
Zulu Gold,
Over The Moon,
Vampire Senpai,
WaterBlox Gigablox,
Fishin' For Gold,
Parthenon Quest For Immortality,
Mayan Stackways,
Van Der Wilde & The Outlaws,
Candy Island Princess,
5 Lions Dance,
Pyramid King,
Butterfly Staxx 2,
Primate King Megaways,
Firekick! MultiMax,
Buster's Bones,
Slurpy,
Midas Golden Touch Christmas Edition,
Sausage Party,
Sausage Party is a lively game up there with the busiest of Blueprint's branded slots. All in all,
HippoPop,
Ocean Hunter,
Bombuster,
Aztec Bonanza,
Book of Cleopatra,
Big Bass Vegas Double Down Deluxe,
Adventures Beyond Wonderland Magical Maze,
Goblin Heist Powernudge,
Dragon Maiden,
Sakura Masks,
Heart of Rio,
Prison Escape,
Wild Swarm 2,
Raging Rhino,
Animals will always stand out as being a great theme to utilise for online slots,
Nine To Five,
Wild Stack Frenzy,
Monkey Warrior,
Electro Cubes,
Sea of Riches,
Caveman Bob,
Just to add,
Gears of Horus,
St Louis 1904,
The Wild 3,
Smooth Sailing,
Wild Booster,
Treasure of Tengshe,
Sheep Gone Wild,
Phantom of the Opera Link & Win,
Genie Jackpots Wishmaker,
Viking Runecraft Apocalypse,
Golden Jokers Double Up,
Candy Paradise,
Sweet Bonanza,
Raging Rhino Rampage,
Goat Rush,
Tiger Tiger,
Fortune Pandas,
Andvari The Magic Ring,
24 Stars Dream,
Chronicles of Olympus II - Zeus,
Miss WildFire,
Barbarian Gold,
Quackin' Reels,
Cluster Slide,
4 Fantastic Fish Gigablox,
Frutz,
Legacy of Ra Megaways,
The Gunman of Goldwood,
Torii Tumble,
Cash Volt,
Respin Circus,
ELK Studios has visited many compelling places throughout the years,
Jungle Mega Moolah,
Knight's Life,
Temple of Nudges,
Warrior Ways,
Dream Destiny,
Fulong 88,
Scales of Dead,
The Mask,
Atlantis The Forgotten Kingdom,
Neon Links,
Lady of Fortune Remastered,
Blade & Fangs,
IO,
Big Bass - Keeping it Reel,
Dragonz,
Retro Tapes Cluster Link,
Eastern Emeralds Megaways,
Crystal Falls Multimax,
White Wolf Moon,
Trees of Treasure,
Primal Spirits,
Wild O'Clock,
Joker Split,
Mighty Griffin Megaways,
Grand Melee,
Beasts of Fire Maximum,
London Tube,
Lotsa Lines,
Alice Cooper and the Tome of Madness,
3 Devils Pinball,
Adventure PIGGYPAYS El Dorado,
Wanted Wildz Extreme,
Fire In The Hole,
Out of the Ice,
Diamonds of the Realm,
Los Cuatro Esqueletos,
Beast of Wealth,
Fruit Shop Frenzy,
Lord Merlin And The Lady Of The Lake,
Sisters of Oz,
Wings of Ra Megaways,
Starburst XXXtreme,
Scarab Kingdom,
Jungle Gorilla,
Thunder Hawk,
Rainbow Riches Megaways,
Dragon Horn,
Aztec Ascent,
Tiki Fruits Totem Frenzy,
Magician's Secrets,
Jungle Jim: El Dorado,
Sugar Twist,
The Big Hit,
Sobek's Godly Spins,
Penguins Christmas Party Time,
101 Candies,
Fat Frankies,
Rise of Maya,
Pop Cop,
Tree of Riches,
True Kult,
Orbitfall,
Hugo Legacy,
Monster Catch,
Big Win 777,
Gold King,
Gold Cash Free Spins Megaways,
Dueling Jokers Dream Drop,
Tarzan and the Jewels of Opar,
Jaguar Drop,
Wild Portals Megaways,
Of Sabers and Monsters,
Leprechaun Links,
Wings of Horus,
The Choice Is Yours Megaways,
Tales of Asgard Loki's Fortune,
Golden Dragons,
Bison Rising Reloaded Megaways,
Zombie Hoard,
Arcane Reel Chaos,
The Sorcerers Shuffle,
King of Samba,
Magawa VS Mines,
Cash Quest,
Marlin Masters,
Megaways of Rock,
Buffalo Mania Megaways,
Legacy of Oz,
Rolling In Gold,
Midas Treasure,
Lucky Multifruit,
Mystic Chief,
Mystic Chief: Slot FeaturesAs mentioned previously,
Heroes Hunt Megaways,
Frogblox,
Magic Piggy,
Book of Muertitos,
Last Man Standing,
Jelly Jillions,
Jackpot Quest,
Monsters of Rock Megaways,
Redline Rush,
Crabbin' For Cash Extra Big Splash,
Hypernova Radial Reels,
Lord of the Wilds,
Majestic Fury Megaways,
Rabbit in the Hat 2,
New Year Riches,
Ultimate Ink,
Land 3,
Rage of the Seas,
Zillard King,
Cygnus 2,
Hot Zone Wild,
Shamrock Saints,
Wild Chapo 2,
Cabin Crashers,
Mermaid Reef,
Golden Gorgon,
Rainbow Burst,
777 Diamond Strike,
Max Megaways 2,
Millionaire Rush Megaclusters,
to 10 wild symbols are added to the reels.Multiplier WildsWilds with up to x5 multipliers are placed on the grid.Symbol to WildEvery instance of the displayed symbol type is transformed into wilds.Mega WildA grid of 4 wilds is added to the reels,
Britain's Got Talent Megaways,
Aztec Magic Megaways,
Sakura Fortune,
East Coast vs West Coast,
Joker King,
Gold Oasis,
10000x Gold,
Pyramids of Giza,
Golden Castle Titanways,
Feasting Fox,
Reptizillions Power Reels,
Nitropolis 2,
Odin Protector of Realms,
Win Win,
"""10",
Road Rage,
Ways of Athena,
Tropical Bonanza,
Magic Money Maze,
Aquatic Treasures,
Ice Joker,
Gates of Olympus Super Scatter,
Celtic Gold,
Absolootly Mad Mega Moolah,
The Border,
Mayan Rush,
Napoleon vs Rabbits,
Happy Hooves,
Forge of Gems,
Rusty & Curly,
Oxygen,
Oink Farm 2,
Cupcakes,
Wild Chapo Dream Drop,
Vikings Go To Olympus,
Imperial Opera,
The Princess symbol is Wild,
Gemix,
Twisted Sister,
Raptor Doublemax,
Everest,
Dragon's Treasure,
Napoleon 2,
Disco Dawgs,
In The Rabbit Hole,
Excalibur Unleashed,
Karen Maneater,
Luck of Ra,
Nyjah Huston - Skate For Gold,
Friends,
WWE Legends Link & Win,
Candyfinity,
Wild Moon Saloon,
Wild Joker Stacks,
Temple of Prosperity,
Santa King Megaways,
John Hunter and the Tomb of the Scarab Queen,
With a rhythmic Egyptian-inspired soundtrack playing,
Reapers,
Magic Powers Megaways,
Pirates Bounty Megaways,
DJ Cat,
Blazin' Rails,
Gonzo’s Quest,
Pirate Bonanza,
Trillionaire Megaways,
Pop,
Getaway Gangsters,
Celestial Beauty,
Gnomes & Giants,
JinglePop,
Fruity Wild Bonanza Hold & Spin,
Hellapenos,
Tarasque,
King of the West,
Bigger Bass Blizzard,
The Golden Sail,
Dansband På Turné,
Deadwood RIP,
Viking Smash,
Wild Pixies,
Wild West Duels,
Cash Truck,
Octopus Armada,
Narcos,
Kingmaker,
Kingmaker Megaways (Big Time Gaming): FeaturesIn Kingmaker,
King of Cats Megaways,
5 Wild Buffalo,
MexoMax!,
Stockholm Syndrome,
The Haunted Circus,
Gods of Troy Megaways,
Piggy Blitz,
Fortune Cats Golden Stacks,
Heroes Hunt 2 Megaways,
Jackpot Raiders,
Tippy Tavern,
Sword of Ares,
The Ultimate 5,
Serpent Shrine,
Thunderstruck II,
Tropicool,
Wild Falls 2,
Big Bass Amazon Xtreme,
Banana Town,
PopRocks,
4 Fantastic Lobsters,
King of 3 Kingdoms,
Tropicool 3,
KokeshiPop,
Wild Tundra,
Win-A-Beest,
Vikings Go To Vegas,
Money Track 2,
Silicon Spinners,
Beellionaires Dream Drop,
Pandora's Box of Evil,
2 Sweet 4 U,
Book of Blarney GigaBlox,
Volatile Vikings 2 Dream Drop,
Reptoids,
Hotline 2,
3 Lucky Leprechauns,
Tik Talkers,
Star Joker,
Raging Reindeer,
Bandit Megaways,
Golden Colts,
Build the Bank,
Candy Fall,
Eternal Phoenix Megaways,
Heist for the Golden Nuggets,
Our Days,
3 Clown Monty 2,
Pizza Fiesta,
Mystery of the Orient,
Lost City of the Djinn,
Wisdom of Athena 1000,
Steam Squad,
Sword Stomp,
Gravity Bonanza,
Dave Lame Bad Magician,
Hercules 10K Ways,
Beat The Beast: Griffin's Gold,
Euphoria,
Cash or Nothing,
Immortal Romance,
Mysterious Egypt,
Epic Joker,
Dragon Tiger,
The Mafiosi,
Neon Rush Splitz,
Gold Megaways,
Vikings Fight For Honour,
Golden Cryptex,
Phoenix Fire Power Reels,
Outsourced Slash Game,
Masks of Fortune Megaways,
Candy Jar Clusters,
Rise of Khepri,
Might of Zeus,
Book of Ba'al,
Sea God,
Hellcatraz 2 Dream Drop,
Lady of Avalon,
Massive Gold,
Golden Gods,
}); Golden Gods: Slot OverviewGolden Gods is an online slot from Max Win Gaming powered by the more experienced software provider Relax Gaming. When two studios work together,
Sabertooth,
Mochimon,
Ancient Egypt Classic,
Huntress Wild Vengeance,
7’s Luck,
Knight Hot Spotz,
Jingle Balls,
Medusa's Madness,
Piggy Riches 2 Megaways,
Bounty Hunters,
15 Crystal Roses A Tale of Love,
5 Lions Gold,
5 Lions Gold (Pragmatic Play): FeaturesFree spins options5 Lions Gold has 3 jackpots available,
Cash Pandas,
Twisted Turbine,
Legend of Cleopatra Megaways,
}); [smartslider3 slider=629]Legend of Cleopatra Megaways: Slot OverviewCombining two unstoppable forces of slots nature,
Savanna Stampede,
Dragon Tribe,
Dazzle Me Christmas,
"""10",
Hall of the Mountain King,
9 Pots of Gold Megaways,
Hazakura Ways,
Electric Wilds,
The Great Albini 2,
Twilight Princess,
Robin of Sherwood,
Timber Stacks,
4 Deals With The Devil,
Raging Dragons,
Fire Portals,
Book of Jones,
Bugs Money,
Aztec Spins,
Grizzly Gold,
Shah Mat,
90's Mania Megaways,
Rich Wilde and the Wandering City,
King Kong Cash Go Bananas,
Neptune's Fortune Megaways,
Tomb of Dead Power 4 Slots,
Greedy Fox,
Rise of Giza PowerNudge,
Mahjong X,
Not Enough Kittens,
Codex of Fortune,
Hades River of Souls,
Scroll of Dead,
Cowabunga Dream Drop,
Mysterious,
Lamp Of Infinity,
Sherlock & Moriarty WowPot!,
Magic Lab,
Alice in WildLand,
Diamond Blitz 2,
Chicken Man,
Chests of Gold Power Combo,
Fintastic Fishing,
Dream Drop Diamonds,
Assassin Moon,
Wish Upon a Leprechaun Megaways,
Animafia,
Colossal Cash Zone,
Pigeon Hut,
Rise of Athena,
Rat King,
Vegas Megaways,
Rocket Blast Megaways,
Great Rhino Megaways,
Book of Ra Deluxe,
HipHopPop PopWins,
Iron Girl,
Big Buffalo Megaways,
Day Of The Dinero,
Champions of Mithrune,
Invading Vegas,
Rise of the Mountain King,
Majestic Megaways Extreme 4,
10 Pharaohs,
Candyways Bonanza 2 Megaways,
Return of The Green Knight,
Feline Fury,
Shogun of Time,
The Tumbles,
Playboy Fortunes King Millions,
Great Aztec,
LolliPop,
Flodder,
Gus Goes Fishin',
Dick The Farmer,
Adventures of Captain Blackjack,
Reel Banks,
Noble Sky,
Divine Divas,
Floating Dragon Year of the Snake,
Tiger's Glory,
Rise of Merlin,
Pyramid Pays,
Multi Joker PopWins,
Vault Cracker Megaways,
Wild Toro 2,
5 Lions Megaways,
Ducks Till Dawn,
9 Pots of Gold,
Legend of the Dragon Wins DoubleMax,
Wild Coyote Megaways,
Money Cart 4,
Pirate Golden Age,
Realm of Legends,
Full Moon Fever,
The Red Queen,
Mental 2,
Pied Piper,
Ternion,
Rainbow Jackpots Power Lines,
Desert Shark,
Diamond Mine Megaways,
Cygnus,
Odin's Riches,
8 Golden Skulls of the Holly Roger Megaways,
}); 8 Golden Skulls of Holly Roger Megaways: Slot OverviewA mouthful of a title,
Manimals,
Punk Rocker 2,
Fish 'Em Up,
North Guardians,
Eagle Riches,
Neko Night Dream Drop,
Rabbit Hole Riches,
Elk Hunter,
Santa Express,
Shadow Raiders MultiMax,
Cash in Transit,
Book of Ra - Temple of Gold,
Nunchucks Chicken,
Dork Unit,
Cursed Seas,
Slayers Inc,
Dog Days,
Badger Miners,
Poke The Guy,
Coin Quest,
African Elephant,
The Runemakers DoubleMax,
Ms Robin Hood,
Dragon Stone,
Rhino Rilla Rex,
Flip Royal,
Safari Sun,
Taco Fury XXXtreme,
Almighty Aztec,
Drive: Multiplier Mayhem,
Piñata Popper Dream Drop,
Nightmares VS GigaBlox,
Timelines,
Rio Stars,
Beavis and Butt-head,
Kingdom's Edge,
Time Spinners,
4Squad,
Bigger Bass Splash,"Bigger Bass Splash offers a fishing-themed slot experience, reminiscent of its predecessors in the Big Bass series. The game features a 5-reel setup with 12 paylines, free spins with modifiers, and an ante bet option. The reviewer finds it lacks novelty, feeling too similar to previous titles, and questions its redundancy. The aesthetics include a bubble-lined grid with elevator music, maintaining a familiar yet unexciting visual and audio design."
MGM Grand Gamble,"MGM Grand Gamble is themed around the iconic MGM Hotel in Las Vegas, offering a luxurious casino experience.  
The game features a 5-reel, 6-row grid with 50 paylines, high volatility, and includes Mystery MGM symbols, Grand Gamble features, and various free spins options.  
The reviewer finds the game to be a competent reskin of Big Bamboo, though lacking originality and failing to provide a unique identity.  
Visually, the game replicates the grandeur of the MGM Hotel but misses the engaging character charm found in Big Bamboo."
Pickle Bandits,"Pickle Bandits is a Wild West-themed slot featuring quirky pickle characters instead of human bandits. The game offers 14 paylines, mystery symbols, multiplier wilds, and a free spins feature with a global multiplier system. The reviewer appreciates the game's unique theme and potential for high payouts but notes it's not as inventive as other Bullshark releases. The aesthetics include a desolate Wild West setting with a twangy soundtrack enhancing the theme."
Super Lion Megaways,"Super Lion Megaways blends a cosmic theme with a crystal lion, reminiscent of NetEnt's Starburst.  
The game features up to 117,649 ways to win, wild respins, jackpots, and a buy-in for free spins.  
The reviewer finds it a straightforward, albeit peculiar slot, lacking innovation but offering high stakes.  
Visuals are described as cosmic cubism with minimal focus on aesthetics or audio details."
Tiger’s Glory Ultra,"Tiger's Glory Ultra by Quickspin immerses players in a gladiatorial theme featuring fierce tigers in a Roman circus setting. The game offers a choice between Classic and Ultra modes, with Ultra mode increasing volatility and payout potential, especially during free spins. The reviewer praises the game for its heightened excitement and potential for massive wins, though notes the challenges of high volatility. The game's aesthetics remain consistent with its predecessor, featuring a 6x4 grid and an engaging audio-visual experience."
Dam Beavers,"Dam Beavers is a uniquely themed slot featuring beaver characters collecting symbols through various levels using ELK Studios' CollectR mechanic. The game offers multiple features, including free spins, feature symbols, and an evolving grid that expands from 5x5 to 8x8 as levels progress. The reviewer praises its innovative gameplay and captivating animations but notes its low RTP and high volatility might not appeal to everyone. The game is visually engaging with cartoon-like aesthetics and a relaxing audio backdrop that transforms as the game intensifies."
Amazing Miceketeers,"Amazing Miceketeers is a slot game by Bullshark Games, inspired by Dumas' Musketeers but featuring heroic mice.  
The game features a 7x7 grid, cluster pays, cascading symbols, Sticky Walking Wilds, and multiple bonus buy options.  
The reviewer finds the game compelling for its dynamic features and potential, despite some similarities with Hacksaw Gaming's previous release.  
Visually, the game has a classic cartoon style, set in an autumnal castle courtyard, with lively audio complementing the theme."
Knight Fight,"Knight Fight is a medieval-themed slot game by ELK Studios, featuring a quirky and humorous knightly adventure.  
It utilizes a unique CollectR mechanic with four knight collectors, high volatility, and an RTP of 94%.  
The reviewer finds it nearly as entertaining as Pirots 2, though it feels like a reskin rather than a fresh experience.  
The game boasts eccentric aesthetics reminiscent of Monty Python, with engaging visuals and playful audio elements."
"10,000 Wonders MultiMax","10,000 Wonders MultiMax immerses players in a fantasy Middle Eastern world inspired by One Thousand and One Nights. The game features a 5x3 grid with 243 ways to win, cascading wins, and a hold 'n win bonus round. The reviewer found it unique but not overwhelmingly impressive, citing creative features and a high win potential. Visually, it offers typical Arabian themes with domed cityscapes and treasure-filled caves, accompanied by fitting audio."
Gems of Adoria,"Gems of Adoria is a sci-fi fantasy-themed slot featuring NetEnt's innovative Real Time 3D graphics. The game includes wilds, Striking Wilds, Flipping Symbols, and Free Spins, offering a unique gameplay experience. The reviewer finds the game visually intriguing but notes its low volatility and modest potential may not appeal to thrill-seekers. The aesthetics present a modern look with a retro-wave soundtrack, enhancing the overall immersive experience."
Wild Frames,"Wild Frames by Play'n GO merges a classic fruit slot vibe with modern grid slot features.  
Key features include cascading wins, a Charge Meter, and Wild Frames with multipliers up to x9.  
The reviewer finds it well-balanced but not visually exciting, with potential for significant payouts.  
Aesthetically, it uses a minimalist design with classic symbols on a simple purple background."
Lucky Clucks 2 Rooster Respins,"Lucky Clucks 2 Rooster Respins is a barnyard-themed slot featuring quirky animals and a cartoonish style. The game boasts features like The BIG BuildUp and Rooster Respins, offering multipliers and wild symbols. The reviewer finds it similar to its predecessor, with only minor changes and enhancements. The game maintains a lively aesthetic with kooky visuals and a playful audio backdrop."
Leprechaun Joy,"Leprechaun Joy is a leprechaun-themed online slot by NetEnt, set in a charming, pastoral Irish landscape. The game features a 5-reel, 25-payline grid with an increasing multiplier and free spins. The reviewer finds the game soothing but lacking excitement, catering mainly to fans of Irish folklore. Enchanting visuals and a soft ambient soundtrack enhance the relaxing atmosphere."
Midas Golden Touch 2,"Midas Golden Touch 2 embraces the legendary Midas theme, transforming objects into gold with a majestic setting.  
The game features include wild symbol multipliers, free spins with Sticky Respins, and a feature buy option.  
The reviewer finds the sequel visually enhanced but criticizes its lower RTP compared to the original.  
Graphically, it offers sharper, more defined artwork with a regal ambiance, complemented by reflective visuals."
333 Fat Frogs Power Combo,"333 Fat Frogs Power Combo is a slot game centered around a lively frog-themed pond party. It features three free spins bonus features, multipliers, jackpots, and mystery symbols. The reviewer found the game unexpectedly enjoyable, praising its music and noting its charm despite lacking a feature buy option. The graphics include charming frog animations with a retro lounge soundtrack enhancing the experience."
Cyclops Smash,"Cyclops Smash is a cartoon-themed online slot game by Pragmatic Play, set in a beachside location with a cyclops character.  
The game features a 7x7 grid, cluster pays, a Tumble mechanic, the Smash feature, free spins, and a buy bonus option.  
The reviewer finds the Smash mechanic intriguing, adding a fresh twist for cluster pay enthusiasts, though it may not be memorable long-term.  
The game's visuals are polished with cartoon-style graphics, complemented by fitting audio, enhancing the mythological theme."
Sumo Sumo,"Sumo Sumo is a slot game by ELK Studios themed around the Japanese sport of sumo wrestling, set in a backstreet environment reminiscent of a secret tournament. The game features include Wild Sumo Stacks, Brawls, a Speedboat Bonus, and free spins, with a high volatility and 25,000x max win potential. The reviewer finds the game engaging, especially during free spins and the unique Speedboat Bonus, despite its complexity. Visually, the game combines blocky fruit symbols with a Street Fighter-like aesthetic and an energetic audio backdrop."
Knights of Avalon,"Knights of Avalon immerses players in an Arthurian-themed slot, focusing on knights with a combat element, excluding King Arthur.  
The game features a 5-reel, 4-row grid with 1,024 ways-to-win, offering Knights Drop and free spins as key features.  
The reviewer finds the game engaging but notes the fighting element is subdued, praising its winning potential of up to 17,729.8x the bet.  
Visually, it's vibrant and colorful, with a heroic soundtrack enhancing the experience, especially during the free spins round."
Tropicool 4,"Tropicool 4 transports players to a snowy, exotic locale with vibrant bird characters and cascading wilds.  
The game features a 6x6 grid, Cool Reel mechanics, multiple bonus buys, and 46,656 ways to win.  
Reviewers praise its engaging gameplay and polished visuals, noting it as a worthy sequel in the series.  
The game combines lively tunes with slick visuals, enhancing the unique cold-meets-tropical aesthetic."
Wild Bison Charge,"Wild Bison Charge immerses players in a pre-modern American wilderness, featuring bison and other wildlife.  
The game offers scatter-paying mechanics, wild multipliers, and free spins with sticky wilds.  
The reviewer finds it a solid but unremarkable addition to Pragmatic Play's lineup, lacking standout innovations.  
Aesthetically, it combines slick visuals with a rock 'n roll Western soundtrack for an engaging experience."
Aliya's Wishes,"Aliya's Wishes is a video slot game set in a mystical Middle Eastern world featuring a savvy heroine, a magical genie, and a royal adventure. The game incorporates Rolling Reels and a Multiplier Trail, enhancing gameplay with dynamic win potential and an optional Win Booster for higher multipliers. The reviewer praises the game's aesthetic appeal and engaging mechanics, while noting its high volatility and maximum win potential. Visually, Aliya's Wishes stands out with its vibrant design and thematic audio, creating an immersive slot experience."
Land Of The Free,"Land Of The Free is a slot game by Nolimit City that humorously critiques American society.  
It features a highly volatile math model, with multiple features like Conveyor Belt, Tsunami Spins, and feature buys.  
The reviewer finds it either hilariously entertaining or potentially offensive, depending on the player's perspective.  
The game’s aesthetics include a mountainous landscape and an intense heavy metal soundtrack during free spins."
Monsters Unchained,"Monsters Unchained is a slot game with a dark, dungeon-themed setting featuring mythological creatures like the Minotaur, Medusa, and Cerberus. The game offers dynamic reels, Chain Breaker symbols that trigger modifiers, and a free spins feature. The reviewer praises its engaging mechanics and the potential for high rewards, though it may not appeal to those averse to progression-based gameplay. The game is visually striking, showcasing Red Tiger's high-quality graphics and atmospheric audio."
Fruit Smash,"Fruit Smash is a vibrant slot game featuring a fruit-themed Avalanche-style mechanic with scatter pays and multipliers. Key features include Giant Fruit symbols, free spins, win multipliers, and Fast Track options like Burst Mode. The reviewer appreciates the game's fun factor and potential, despite it feeling derivative of other games. Aesthetically, the game offers disarming visuals paired with a cheerful soundtrack and interesting fruit facts."
Hit It Hard,"'Hit It Hard' is a neon-themed slot game from ELK's Classic Series, reminiscent of 90s visuals and music. It features a unique dice game that unlocks a board full of mini-games and offers strategic betting options. The reviewer finds it an entertaining addition to the series, though it falls short of others in potential payouts. The aesthetics capture a retro vibe with dynamic audio, enhancing the overall gaming experience."
Bar-X Safecracker Megaways,"Bar-X Safecracker Megaways features a ""break-the-bank"" heist theme set in a bank vault.  
The game includes Mystery Symbols, Cascading Symbols, and a Free Spins feature with increasing multipliers.  
The reviewer finds it a solid, medium variance slot that, while not groundbreaking, offers engaging gameplay for Megaways fans.  
The aesthetics boast a sleek design with a deep red color palette and fitting audio, enhancing the heist atmosphere."
Dead Man's Fingers,"Dead Man's Fingers is a pirate-themed slot featuring a skeletal hand collecting cash symbols. The game offers 25 paylines, Quickhit Money symbols, and a free spins bonus round with retriggers. The reviewer finds it a modest improvement over Tiger Tiger but lacking innovation compared to competitors. The aesthetics are well-executed with a moody Caribbean backdrop, enhancing its visual appeal."
Boom Pirates,"Boom Pirates by Foxium is a pirate-themed slot game set on a tropical island, offering adventure and mystery.  
It features innovative mechanics like Wonderways™, with up to 10,077,696 ways to win, and unique elements such as the Boom Pirate feature and Mary's Swashbuckling Attack.  
The reviewer finds it fun and visually impressive, despite some limitations like the absence of wilds and payout caps.  
The game boasts vibrant aesthetics and an engaging pirate soundtrack that enhances the adventurous atmosphere."
Finn and the Dragon Tales,"Finn and the Dragon Tales combines a whimsical leprechaun theme with a dragon-filled fantasy world.  
The game features a swirling grid, Avalanches, scatter wins, and multiple free spins options.  
The reviewer notes improved graphics and features over its predecessor but criticizes its modest win potential.  
Visually, the game boasts an engaging fantasy aesthetic with attractive landscapes, accompanied by fitting audio."
Rainbow Jackpots Megaways,"Rainbow Jackpots Megaways immerses players in a leprechaun-themed world with magical entities and green landscapes. The game features Megaways mechanics with up to 117,649 ways to win, including free spins, Beer Bonuses, and Fairy Bonuses, enhanced by the Lucky Leprechaun's pipe. The reviewer appreciates the variety of features and the ability to purchase them, noting the game's high potential max win of 20,000x the bet. Aesthetically, the game offers pleasant visuals of sunny, green hills, creating a familiar yet appealing experience."
DonKey & the GOATS,"DonKey & the GOATS is a surprise boxing-themed slot featuring legendary promoter Don King and famous boxers as its stars.  
The game offers a highly volatile experience with features like the Vegas Reel Multiplier, ZapReel, and an array of bonus buy options.  
The reviewer appreciates the game’s originality and potential for a 20,000x max win, despite its lack of the typical PopWins mechanic.  
Aesthetically, it presents a Pop Art style with a fast-paced, engaging design, balancing multiple features without overwhelming players."
5 Wild Buffalo 2,"'5 Wild Buffalo 2' is a sequel slot game set in the North American wilderness, featuring new additions like the Golden Buffalo symbol. The game offers enhanced features such as Power Bet, Golden Buffalo stacks, Buffalo Thunder, and multiple free spin options. The reviewer appreciates the updates but notes the game isn't drastically different from its predecessor, though still a worthwhile upgrade. The game maintains a bold aesthetic similar to the original, with minor graphical tweaks and a consistent RTP of 96.01%."
John Hunter and the Book of Tut,"John Hunter and the Book of Tut is an Egyptian-themed slot game inspired by the classic Book of Ra. It features a 5-reel, 3-row grid with 10 paylines, expanding symbols, and free spins triggered by the book symbol acting as both wild and scatter. The game offers improved visuals and a high RTP of 96.5%, making it a solid choice for fans of the genre. Aesthetically, it boasts a bright desert backdrop with fitting audio, enhancing the immersive experience."
E-Force,"'E-Force' is an Easter-themed slot featuring rabbit soldiers defending Easter Eggs from Dr. Zeppelin.  
The game offers a free spins bonus round with a growing win multiplier and a bonus buy option.  
The reviewer finds the theme amusing, though the features are sparse and not particularly innovative.  
The game boasts an 80s action movie aesthetic with playful cartoon characters and engaging audio."
Journey to Paris,"Journey to Paris offers a charming Parisian theme, immersing players in the romance and allure of the French capital. The game features a 5x5 grid with a unique pay mechanism, free spins, and a win multiplier that can significantly boost winnings. The review highlights its potential for large payouts but notes its similarity to Play'n GO's Golden Ticket series. Visually, the game captures Paris’s essence with tasteful design and a familiar yet engaging aesthetic experience."
Happy Apples,"Happy Apples is a fruit and Asian-themed slot game featuring vibrant oil-painted backgrounds and adorable animal characters. It includes a 6x6 grid with chain reactions, a Fortune Tree, Golden and Diamond Apples, and free spins. The reviewer finds it creatively different from Red Tiger's usual style, with modest symbol values but potential for large multipliers. The game offers an artsy aesthetic with soft, candy-floss clouds and charming audio, appealing to a specific audience."
Mighty Munching Melons,"Mighty Munching Melons is a surreal slot game featuring Pacman-like watermelons eating coins and Ghost Melons. The game offers a 5-reel, 10-payline setup with a bonus round, but the base game lacks engaging features. The reviewer finds the game amusing but flawed, with questionable design choices and slow gameplay. Aesthetically, it evokes memories of past Reel Kingdom releases, with quirky visuals and a peculiar audio experience."
Mystical Santa Megaways,"Mystical Santa Megaways by Stakelogic embraces a thoroughly festive Christmas theme with its glittering 6-reel setup. The game features Megaways mechanics, cascading wins, random elf bonuses, and a gamble option for added excitement. The reviewer finds it a decent slot with solid audiovisuals and entertaining gameplay, though lacking groundbreaking innovations. The aesthetics include a festive design with snow-coated trees, a purplish night sky, and cheerful symbols, complemented by a solid audio experience."
Gronk’s Gems,"Gronk's Gems is a fantasy-themed slot featuring a charming troll named Gronk, reminiscent of Shrek, with a focus on mobile gameplay. The game offers cluster pays, cascading wins, and two bonus rounds: Gronk's Treasure and Gem Hoarder, along with several bonus buy options. The reviewer appreciates its blend of charm and intensity, delivering excitement through features like the Epic Gem and X-Gems. Visually, Gronk's Gems combines quirky audio-visuals with a mobile-optimized design, offering an engaging experience across devices."
Wild Mantra,"Wild Mantra by Yggdrasil Gaming is a 5x4 slot with a Tibetan Buddhist theme, set against a Himalayan backdrop. The game features Mantra Respins and Free Spins with sticky wilds and potential for wild reels. The reviewer finds the slot visually appealing but notes its basic design and modest payouts. The game includes meditative music and unique cylindrical spinning wheels for an immersive experience."
"10,001 Nights Megaways","'10,001 Nights Megaways' revamps the original Arabian-themed slot with the Megaways engine, offering up to 117,649 ways to win. Key features include Magic Lamps, Imperial Spins, Random Wilds, Multi-Pick, and Mega Wilds, enhancing gameplay with progression-based unlocks and free spins. The review appreciates the smooth transition to Megaways but notes a lack of bold innovation, with the max win remaining at 10,347x the bet. The game maintains its captivating graphics and sound, delivering an engaging visual and auditory experience."
Mercy of the Gods,"Mercy of the Gods by NetEnt is set in ancient Egypt with a theme featuring pyramids and Egyptian deities. The game offers features like Gift of Life Re-Spins, Gift of Double Wilds, and a progressive jackpot through the Gift of Wealth Jackpot game. The reviewer finds it similar to Divine Fortune but notes enhanced payouts and slightly increased volatility. The game boasts excellent graphics and a detailed design, complemented by a fitting faux-Arabic soundtrack."
Merlin's Mania,"Merlin's Mania immerses players in a magical theme centered around the legendary wizard Merlin. The game features a 6x5 grid with scatter pays, cascades, wild symbols, mystery symbols, and bonus rounds including Wizard's Favor and Merlin's Insanity. The reviewer notes that while Merlin's Mania offers solid gameplay, it lacks significant innovation compared to its predecessor, Merlin's Alchemy. The game boasts dark, mysterious aesthetics with a fitting audio backdrop, enhancing the magical ambiance."
All About the Bass,"All About the Bass is a fishing-themed slot game by Crazy Tooth Studio, inspired by the popular trend of bass fishing slots. The game features a 5-reel setup with wild multipliers, a fish money symbol collection, and a unique bonus round called All About The Bonus. The reviewer appreciates the game's distinct style and creative features, although it may not rival top-tier fishing slots. Visually, the game combines a quirky character design with soothing guitar music and dynamic reel sounds, creating an engaging atmosphere."
Rainbow Wilds Megaways,"Rainbow Wilds Megaways is a fantasy-themed slot game set in an enchanted woodland, blending Celtic and Irish elements. It features a Megaways engine, cascading reels, free spins, and three types of wilds, including sticky and mushroom wilds. The reviewer appreciates the unique twist on the common Irish theme but notes the high volatility may not suit all players. The game offers visually appealing graphics, though the audio and big win celebrations are less engaging."
Ignite the Night,"Ignite the Night by Relax Gaming is a Hawaiian-themed slot set on a beautiful paradise island.  
The game features the Fire Multipliers and Free Spins, offering multipliers up to 50x on high-paying symbols.  
The reviewer finds it a refreshing, simple 10-payline slot with substantial win potential, despite being somewhat repetitive.  
The game boasts scenic aesthetics with a sunset beach backdrop and traditional Hawaiian-themed symbols."
5 Frozen Charms Megaways,"5 Frozen Charms Megaways is a leprechaun-themed slot set in a snowy landscape, offering a twist on traditional Irish motifs.  
It features a Megaways engine with up to 117,649 ways to win, wild multipliers, free spins, and a buy option.  
The reviewer found the game less charming and overly volatile, with limited win potential compared to other slots.  
The game has a cooler aesthetic with a slightly sinister leprechaun, complemented by a snowy backdrop."
El Patron,"El Patron centers on a crime lord theme, evoking the lifestyle of infamous figures like Pablo Escobar.  
Features include bonus reels with wild modifiers, free spins, and a gamble option for extra excitement.  
The reviewer finds the game enjoyable but not groundbreaking, with a focus on quantity over quality in gameplay.  
The game combines crime-themed visuals with a slinky backing track, creating a contrasting yet immersive experience."
Chilli Heat Megaways,"Chilli Heat Megaways takes players to a vibrant Mexican fiesta with a mariachi theme, upgraded by Pragmatic Play. The game features a Megaways mechanic, respins, tumbles, and the Ante Bet, but removes free spins. The reviewer finds it somewhat underwhelming as an upgrade, with limited appeal compared to other high-potential games. The game impresses with its bright visuals and uplifting soundtrack, capturing a lively Mexican atmosphere."
Brick Snake 2000,"Brick Snake 2000 is a retro device-themed slot reminiscent of early mobile games, particularly Snake.  
The game features a 5x5 grid with 3,125 ways to win, extreme volatility, and various bonus features like Snek Spins.  
The review praises its unique, unconventional gameplay, catering to those seeking bold, intense slot experiences.  
Aesthetically, it offers playful, nostalgic pixelated graphics and audio that evoke memories of early 2000s mobile gaming."
Thor's Vengeance,"Thor's Vengeance by Red Tiger is a Norse mythology-themed slot featuring the god Thor.  
The game includes features like cascading wins, Thor’s modifiers, and free spins with progressive multipliers.  
The reviewer finds it enjoyable, though not groundbreaking, noting its higher potential compared to Thor’s Lightning.  
Visually pleasing, the game is set against a backdrop with Art Deco elements and engaging audio effects."
Blazing Bison Gold Blitz,"Blazing Bison Gold Blitz is a buffalo-themed slot game with lively visuals and sound. It features a 6x4 grid with 4,096 win ways, free spins, Gold Blitz spins, and a Collect feature for jackpots. Despite being a clone, it entertains with energetic graphics and high volatility. Its aesthetics include high-octane graphics and a dynamic rock soundtrack, enhancing the gaming experience."
Wild Catch,"Wild Catch by Stormcraft Studios immerses players in a fishing-themed adventure set on tranquil Canadian waters. The game features a 5x5 reel setup, 50 paylines, Rolling Reels, free spins, and three fixed jackpots. The reviewer appreciates its engaging blend of classic mechanics and innovative features but notes a preference for a different setup. Aesthetically, the game boasts naturalistic visuals and a cohesive audio-visual experience, enhancing its appeal."
TNT Tumble Dream Drop,"TNT Tumble Dream Drop is a slot game with a mining theme, offering players the chance to win up to €10,000,000 through Relax Gaming's Dream Drop jackpot network. The game features drilling wilds, TNT blocks, and free spins with multipliers, in addition to five progressive jackpots. The review highlights the unique gameplay style and the high potential rewards, making it appealing to jackpot enthusiasts. Set in an alpine location, the game boasts majestic visuals with mountains and meadows, complemented by dynamic audio effects like drilling and explosions."
Merlin And The Ice Queen Morgana,"Merlin and the Ice Queen Morgana combines Arthurian legends with 'book of' slot themes, featuring Merlin's icy quest for Morgana. The game offers standard Book-style gameplay with added features like Morgana Wild multipliers and expanding symbols during free spins. The reviewer praises Play'n GO's execution and style, noting the game's predictable yet engaging elements. The aesthetics are highlighted for their attractive ice world visuals, maintaining Play'n GO's reputation for visually appealing games."
Dreamzone,"Dreamzone by ELK Studios takes players on a cosmic journey through an interstellar-themed grid slot. The game features cluster pays, cascades, and Dream features like wilds and symbol upgrades. The reviewer finds it competent but not overly exciting, with its 512x multiplier offering potential yet limited by a 2,500x max win. The visuals are simple and reminiscent of retro gaming, paired with a modern twist."
Bison Battle,"Bison Battle is a North American wildlife-themed slot featuring wild bison and a changing seasonal backdrop. The game offers highly volatile gameplay with features like the Green Valley and Ice Park, which include free spins, sticky wilds, and multipliers. The reviewer praises its entertaining features and potential for big wins, despite occasional frustrations. The game aesthetics include a high-quality presentation with cultural Native American touches and atmospheric seasonal changes."
Manhattan Goes Wild,"Manhattan Goes Wild transports players to a bustling 1920s-30s Manhattan, featuring iconic landmarks and a Film Noir atmosphere.  
The game includes features like Bugsy Goes Wild, Betty Goes Wild, Bugsy & Betty Respins, and Manhattan Free Spins with a 5x max payout.  
The reviewer praises the slot's impressive graphics and engaging features, though notes the 2000x max win is modest.  
High-quality Art Deco visuals and vibrant audio enhance the nostalgic aesthetic of Manhattan Goes Wild."
Rubies of Egypt,"Rubies of Egypt offers an Egyptian-themed slot experience, reminiscent more of Las Vegas than ancient Egypt.  
The game features include Ruby Respins and free spins with Pharoah Power and Ruby Upgrade bonuses.  
The reviewer notes the game’s lack of cultural depth but acknowledges its potential for winning up to 5,000 times the bet.  
Aesthetically, the game mixes Egyptian iconography with a subtle, sultry soundtrack and a Celtic-esque background design."
Reel Star,"Reel Star offers a retro theme with a modern twist, drawing on classic slot iconography. It features a 5x3 grid, high volatility, and special features like Ladder Up, Upgrade, and free spins with multipliers and moving wilds. The reviewer finds it simple yet engaging, though not groundbreaking, with potential for significant wins. The game combines vibrant, classic visuals with a laid-back audio experience."
Legacy of Dead,"Legacy of Dead transports players to an Ancient Egyptian temple filled with classic symbols like Tutankhamen and Anubis.  
Features include high volatility, free spins with expanding symbols, and a unique twist with retriggering potential for up to 9 special symbols.  
The reviewer finds the game a solid entry, though it feels like a familiar rehash, appealing to fans of the Dead/Ra series without offering groundbreaking innovation.  
The game boasts crisp, high-resolution graphics and an immersive, temple-like atmosphere with thematic audio elements."
Money Train 3,"Money Train 3 takes players on a futuristic journey with a sci-fi twist, diverging from its Western-themed predecessors. The game offers a volatile 5-reel setup, featuring a Respins feature and a Money Cart Bonus Round with numerous special symbols and multipliers. The reviewer praises the game's evolution, noting its enhanced features and high potential rewards of up to 100,000x the bet. Visually, the game impresses with its advanced aesthetics and a Western-inspired soundtrack that ties back to the series' roots."
Pushy Cats,"Pushy Cats by Yggdrasil is a cat-themed slot set in a lively game show environment. It features walking wilds, sticky wild respins, and a progressive win multiplier, alongside a high volatility math model. The reviewer found the game intriguing but with mixed impressions, highlighting the game's unique elements and high max win potential of 20,000x. The cartoonish graphics and upbeat audio contribute to its quirky, light-hearted aesthetic."
Tombstone RIP,"Tombstone RIP is set in a grim monochrome Western town, offering a brutal gaming experience. It features intricate mechanics such as xNudge Wilds, xRIP, and two types of free spins with a 300,000x win potential. The reviewer praises its challenging nature and thrilling gameplay, despite high volatility and unpredictable outcomes. The game boasts a bleak aesthetic and intense audio, enhancing its harsh, immersive atmosphere."
Blood Diamond,"Blood Diamond explores the dark side of the diamond industry, with a narrative rooted in conflict diamonds.  
The game features include synced reels, xNudge Wilds, and multiple bonus rounds with modifiers like Chained Reels.  
The reviewer finds the game lacks mechanical originality but appreciates its thematic depth and potential for big wins.  
Aesthetically, the slot is a serious and sobering experience, intentionally leaving out humor to focus on its heavy themes."
Wild Harlequin,"Wild Harlequin explores a vintage circus theme with a Vegas twist, featuring harlequin wilds central to gameplay. The game offers features like nudges, free spins, and progressive multipliers, enhancing the excitement. The reviewer finds Wild Harlequin more predictable in its base game but highly volatile and rewarding during free spins. Visually, it combines minimalistic graphics with a jazz club soundtrack, adding to its unique charm."
Book of Captain Silver,"Book of Captain Silver is a pirate-themed slot from All41 Studios, featuring a classic 'book of' game mechanic. It offers free spins with expanding symbols and includes four fixed jackpots for additional excitement. The reviewer finds it a satisfactory entry in the genre, with its unique pirate theme and challenging jackpot feature. The game features gritty, realistic aesthetics, immersing players in a seafaring environment."
Leprechaun’s Magic Megaways,"Leprechaun’s Magic Megaways blends an Irish theme with a Megaways engine for an engaging slot experience. Key features include Expanding Symbols and a Magic Wheel that awards free spins. The reviewer finds it a solid Megaways adaptation with high win potential, despite limited innovations. The game's aesthetics retain a Celtic charm with overgrown landscapes and a unique soundtrack."
Space Invaders,"Space Invaders by Inspired Gaming transforms the iconic 1978 arcade game into a vibrant 5-reel slot with a retro aesthetic. Featuring a medium-high volatility, it offers 20 paylines, multiple reel modifiers, and six bonus games inspired by the original. The reviewer appreciates the nostalgic elements but finds the overall presentation and gameplay somewhat lacking in coherence and excitement. Visually, the slot retains an 8-bit charm with rhythmic audio, though it struggles to maintain long-term player engagement."
Gold Digger,"Gold Digger, developed by iSoftBet, revolves around mining for gold with a quirky prospector.  
The game features include dynamite wilds, symbol transformations, and a Gold Link Respin feature with boosters.  
The review suggests it's suitable for casual players with patience, offering moderate excitement and potential winnings.  
Aesthetically, it has a cheerful vibe with a banjo soundtrack, enhancing the mining adventure theme."
Robin Hood's Wild Forest,"Robin Hood's Wild Forest is a slot game themed around the legendary outlaw, featuring wild symbols tied to characters with unique modifiers. The game lacks free spins or bonus games, focusing instead on character wilds that trigger specific features. The reviewer finds the game light-hearted but criticizes the infrequent appearance of character wilds and low payout potential. Visually, the game offers appealing cartoon-style graphics set in a rich forest backdrop."
Payday Express,"Payday Express is a Western-themed slot set on a train track, featuring gun-slinging action. It includes a Payday Wild feature, free spins with a sticky symbol respin, and a bonus buy option. The reviewer finds it a lighter, less complicated Western slot with a jolly, comical vibe. Aesthetically, it uses a unique setting with dynamic visuals and engaging audio."
Cash Mine,"Cash Mine is a mining-themed slot game that lacks distinctiveness in a crowded genre. It features a 5-reel, 3-row grid with 10 paylines, a Double Chance feature, and a highly volatile math model. The reviewer finds the game entertaining but notes its lack of originality and common features. The aesthetics include standard mining symbols and a banjo-led soundtrack, adding a pleasant, albeit mass-produced, vibe."
The Great Stick-up,"The Great Stick-up is a 1960s crime-themed slot game set in a small North American town. It features a 5-reel, 3-row layout with 20 paylines, offering free spins with sticky mystery symbols and a progressive feature. The reviewer finds the gameplay thin and less exciting, relying heavily on its bonus rounds for action. Despite its debonair appearance and lively soundtrack, the game’s aesthetics can't fully compensate for its frequent, low-value bonus rounds."
Farmtastic,"Farmtastic is a farm-themed slot game by Red Tiger, featuring animals and crops in a countryside setting. It includes cluster pays, wild symbols, multipliers, and free spins, with a medium-high volatility math model and a 95.76% RTP. The game is described as cheerful with limited winning potential, offering a light-hearted gaming experience. Visually, it presents a cutesy farmyard with playful audio, enhancing its whimsical and relaxed atmosphere."
Cannonball Cash,"Cannonball Cash is a pirate-themed slot game set in a vibrant, sunny world filled with classic pirate imagery. The game features chain reaction wins, a Cannonball Bonus, free spins with merging wilds, and two feature buys. The reviewer found the game initially underwhelming but warmed to it due to its potential for sizable wins and engaging features. Visually, it uses bright colors and lively pirate music to create a cheerful atmosphere."
Robber Strike,"Robber Strike is a heist-themed slot game set in a luxurious banking environment. It features a 6-reel, 4,096 ways to win grid with high volatility, expanding wilds, and a choice between two free spins modes. The reviewer notes that while the features seem familiar, they are executed well, enhancing the game's appeal. The game includes rich visuals and a lively bongo-driven soundtrack, adding to its immersive experience."
Bompers,"Bompers by ELK Studios merges a disco pinball theme with classic slot elements using their gravity mechanic. The game features include a 6x4 grid, special wilds, mystery bombs, shooting stars, free spins, and the X-iter feature for buying bonus rounds. The reviewer appreciates the engaging gameplay, highlighting the synergistic elements and the excitement when several mechanics activate. Visually understated, Bompers compensates with dynamic, genre-blending audio that enhances the overall experience."
Towering Fortunes,"Towering Fortunes, by Pragmatic Play, is themed around wealth and luxury with an urban backdrop reminiscent of Hong Kong. The game features a 5-reel, 20-payline setup and includes a unique Hold & Spin feature with progressive multipliers. The reviewer appreciates the bold, retro aesthetics and finds the Hold & Spin feature engaging despite the overall garish theme. The design includes flashy, dated symbols that enhance the game's charm, paired with a lively audio experience."
Blirix Workshop,"Blirix Workshop is a slot game themed around a quirky scientist and his alchemical adventures. The game features a Magic Book that triggers modifiers, free spins, and a Cauldron Combo Bonus. The reviewer finds the features underwhelming and lacking in impact, despite the game's charming setting. Aesthetically, it offers a cozy, magical atmosphere with a fantasy soundtrack."
Tiki Tiki Hold 'n' Win,"Tiki Tiki Hold 'n' Win invites players to a tropical paradise with its vibrant island theme. Key features include a cluster paying grid, free spins, Fortune Wheels, and a Hold 'N' Win Bonus Game. The reviewer finds the game enjoyable, highlighting its engaging mechanics and potential for substantial wins. Visually, the slot boasts colorful, eye-catching artwork, complemented by cheerful audio that enhances the immersive experience."
Raven Rising,"Raven Rising immerses players in a Viking-themed adventure with a focus on mythical stones and Thor's powers. The game features include tumbling reels, increasing multipliers, Ragnarök Free Spins, and a buy feature option. The reviewer appreciates the engaging gameplay and features, though notes the max payout might not meet high expectations. The game boasts striking visuals and audio, delivering a comic book-like quality that enhances the Viking theme."
Ticket To Wild,"Ticket To Wild is a travel-themed slot game from NetEnt, centered around global exploration rather than traditional farming.  
The game features a 5-reel, growable grid with a Credit Card feature, Ticket Wilds, and a progress bar unlocking enhancements.  
The reviewer finds the game well-thought-out but potentially unappealing to hardcore players due to its unromantic settings and complex mechanics.  
Aesthetically, the game portrays mundane travel scenes with amusing charm, although it lacks glamour and high visual appeal."
Jester Spins,"Jester Spins is a classic 3x3 fruit-themed slot with medium to high variance and 5 paylines. The game features Jester-triggered free spins, offering random cash wins up to 500x, with a maximum potential of 1900x. The reviewer appreciates the design but criticizes the repetitive theme and poor payouts. The aesthetics feature high-intensity neon lights, typical of Red Tiger slots."
Aladdin and the Sorcerer,"Aladdin and the Sorcerer transports players to a Middle Eastern adventure filled with iconic battles.  
The game features high volatility, wild symbols, and engaging re-spin rounds with multipliers.  
The reviewer appreciates the game’s potential but notes it requires patience and isn’t ideal for casual players.  
Visually stunning, it boasts vivid colors, beautiful artwork, and an exotic soundtrack, enhancing the experience."
Luck O' The Irish Go For Gold,"Luck O' The Irish Go For Gold is an Irish-themed slot by Blueprint Gaming, reminiscent of traditional Rainbow Riches-style games.  
The game features a 5-reel, 10-payline setup with a medium volatility math model, Mystery symbols, and the Rainbow Trail prize system.  
The reviewer suggests it appeals to fans of retro slots but may lack innovation for players seeking cutting-edge designs.  
Visually, it offers a lush Irish landscape with charming harp sounds, though it feels somewhat dated compared to modern slots."
Bubble Beez,"Bubble Beez is a bee-themed slot game by Crazy Tooth Studio, featuring a honeycomb-shaped game area. It includes Tumble Reelz, Triangular Multipliers, Bee Boost features, and a Honey Prize Award system. The reviewer finds it unique but suggests it might struggle against other bee-themed competitors. The game boasts a classic Crazy Tooth Studio aesthetic with a jazzy oompah soundtrack."
Pearl O' Plinko Fire & Bones,"Pearl O' Plinko Fire & Bones is a pirate-themed Plinko slot featuring galleons, shipwrecks, and a volcano. Players can launch 1-100 balls with betting options up to $/€1,200, aiming for Award Pockets and Bonus Games. The reviewer appreciates the high RTP of 98.1% but notes the game's low payout potential. Aesthetically, it boasts detailed animations and a lively ska/reggae soundtrack."
Sherwood Gold,"Sherwood Gold by Play'n GO is a Robin Hood-themed slot set in a sun-drenched medieval scene. The game features 5 reels, 20 paylines, Cash Bag scatters, free spins, and an Archery Game with multipliers and boosters. The reviewer finds it a solid entry in the scatter prize genre, though not groundbreaking. Aesthetically, it offers bright visuals and a treasure-filled atmosphere during free spins."
4 FOXX Crew,"'4 FOXX Crew' by Yggdrasil revolves around a heist theme featuring law-abiding and law-breaking animals. The game includes cluster pays, wilds, multipliers, free spins, and non-winning spin features. The reviewer finds it solid but lacking innovation compared to other MultiMax slots. The aesthetics present a light-hearted, urban heist setting with vibrant visuals and engaging audio."
Gates of Aztec,"Gates of Aztec is an Ancient American-themed slot game by Pragmatic Play, featuring a warrior in a Central American-inspired scene. It includes scatter pays, multiplier symbols, free spins, and an Ante Bet option, maintaining a 96.5% RTP. The reviewer finds the game visually appealing but notes its predictability compared to previous iterations like Gates of Olympus. The aesthetics and audio are functional, providing a satisfactory gaming experience without groundbreaking innovations."
Olympus Zeus Megaways,"Olympus Zeus Megaways immerses players in an Ancient Greek theme with Zeus as the central figure. The game includes features like Cascading Wins, Max Megaways, wild conversions, and free spins with an increasing win multiplier. The reviewer finds the game solid and reliable, though not particularly innovative, with a notable win cap of 50,000x the bet. Aesthetically, it offers a grand presentation with celestial imagery and a detailed ancient world setting."
Gunpowder,"Gunpowder is a naval warfare-themed slot game featuring sticky wilds and multipliers. The game includes features such as respins, Phantom Power, and free spins with sticky wilds, alongside a bonus buy option. The reviewer finds the features potent but not overwhelming, with potential for big wins, although not consistently thrilling. The game's charming graphics and naval animations provide an aesthetically pleasing experience, softening the explosive theme."
Dragon Hero,"Dragon Hero is an Asian-themed slot game by Pragmatic Play featuring dragons and a mystical setting. It includes features such as wilds, Super Wilds, and free spins, with high volatility and a maximum RTP of 96.13%. The reviewer finds the game entertaining yet not particularly groundbreaking, highlighting its potential for rewarding free spins. The game boasts glossy visuals and a familiar Asian aesthetic, though it lacks distinctive originality."
Aurora Beast Hunter,"Aurora Beast Hunter offers a nostalgic 90s-themed adventure, featuring a heroine battling mutant worms in the desert. With high volatility, 40 paylines, and diverse features like modifiers and three free spins options, it provides engaging gameplay. The reviewer praises its retro charm and dynamic features, though it may not appeal to everyone. The game boasts vibrant graphics, heroic symbols, and a heavy metal soundtrack, capturing the era's essence."
Deal or No Deal Banker's Bonanza,"Deal or No Deal Banker's Bonanza is a slot game inspired by the popular TV show, featuring Noel Edmonds' voice in the bonus round. It uses a 6-reel, 5-row grid with a scatter pays system and cascading wins, offering various bonus rounds based on consecutive cascades. The reviewer finds the game familiar and predictable, with the novelty of Edmonds' voice being a highlight. Visually, it stays true to the show's theme with glowing lights and a pulsating soundtrack, though it feels somewhat repetitive."
ThunderCats Reels of Thundera,"ThunderCats Reels of Thundera is themed around the '80s animated series, featuring iconic characters and settings. The game includes 5 reels, 20 paylines, multiple bonuses, and reel modifiers like wilds and free spins. The reviewer notes it's a reskin of other Blueprint slots but praises its engaging features for fans of multi-bonus games. The slot's vibrant graphics and dynamic soundtrack effectively capture the series' action-packed essence."
Superstars,"Superstars by NetEnt is a slot themed around an award ceremony, featuring popular characters like Finn and Gonzo. The game offers a 5x5 grid with 45 ways to win, medium/high volatility, and a unique bonus round involving multipliers and a board game. The reviewer finds the base game average but praises the engaging bonus features, making it appealing to fans of NetEnt characters. The slot has vibrant aesthetics, with a fun and immersive audio experience that complements its star-studded theme."
Rabbit Garden,"Rabbit Garden by Pragmatic Play is a farm-themed slot set on a vibrant, feel-good farm. It features a 7x7 grid with tumble wins, Coin collections, and free spins with win multipliers. The review finds it a decent farm slot, though lacking the unique spark of some competitors. The game offers bright, cheerful visuals and a light-hearted audio experience."
Giza Infinity Reels,"Giza Infinity Reels transports players to Ancient Egypt with its desert-themed setting.  
Key features include Infinity Reels, a Gamble feature, and a 15-reel jackpot offering up to 888x the stake.  
The reviewer appreciates the engaging gameplay and enhanced features, making it a strong sequel.  
Aesthetically, the game boasts custom symbols and a unique Egyptian soundtrack blending traditional and modern sounds."
Phoenix Paradise,"Phoenix Paradise is a mythologically themed slot game featuring mythical creatures and a paradisiacal setting. The game includes features like Wild Payline Multipliers, Mystery Wild Activations, Walking Wilds, free spins, and a bonus buy option. The reviewer appreciates the game's inviting environment and effective, though somewhat familiar, features. Phoenix Paradise offers vibrant aesthetics with a bright garden backdrop and magical visual effects."
Wild Wild Riches,"Wild Wild Riches is an Irish-themed slot by Pragmatic Play, offering a twist with its unorthodox reel setup and lack of leprechauns. The game features a 5-reel grid, 576 ways to win, and includes a Money Collect Bonus and free spins. The reviewer finds the game stands out with its Celtic imagery and logical integration of features, though the Ante Bet option seems less effective. The visuals are complemented by a dynamic soundtrack, enhancing the Emerald Isle's spirit."
Pirates Party,"Pirates Party by NetEnt presents a lively, cartoonish pirate theme with a light-hearted twist.  
The game offers a 5x3 grid with 243 ways to win, featuring wilds, scatters, and three free spin options.  
The reviewer finds it a spirited yet casual game, with engaging features but predominantly low prizes.  
Visually, it boasts bright colors and humorous elements, with a warm, feel-good atmosphere and playful audio."
Hell's Hogs 2 Squelin' Wheels,"Hell's Hogs 2 Squealin' Wheels is a retro-themed slot featuring pig bikers in an urban setting. The game offers a 5-reel, 20-payline setup with features like Biker Bash bonuses, free spins, and wild modifiers. The reviewer notes the sequel's reduced max win potential and increased volatility, questioning its appeal compared to the original. The visuals maintain a retro style with engaging audio, enhancing the game's quirky atmosphere."
Hula Balua,"Hula Balua features a tropical Hawaiian theme, continuing the storyline from Tropicool 2 with Elmo the Sloth.  
The game includes scatter pays, Sticky Redrops, Big Symbols, Multipliers, and various bonus modes, enhancing gameplay.  
The reviewer finds Hula Balua a refreshing and engaging take on scatter pay slots, praising its innovative mechanics despite a lower RTP.  
The aesthetics are beautifully presented with a vibrant tropical setting and audio that complements the enchanting atmosphere."
Bankin' Bacon,"Bankin' Bacon is a wealth-themed slot game by Blueprint Gaming, featuring a luxurious bank setting with a piggy bank twist. The game offers a 6-reel, 4,096 ways to win setup, with features like Banker Spins and a Mystery Choice option. The reviewer finds the game similar to Fishin' Frenzy but criticizes its low RTP of 94%, which detracts from its appeal. The game boasts bright cartoon graphics and a jazzy soundtrack, enhancing its playful theme."
Thor's Rage,"Thor's Rage is a Norse-themed slot game by Red Tiger featuring Thor, with a 6x5 grid and a scatter pays mechanic. The game includes wild symbols that transform into multipliers, cascading wins, and a free spins bonus round. The reviewer finds Thor's Rage to be a solid, albeit familiar, addition to the scatter pays genre. Graphically, the game offers snowy landscapes, statues, and dynamic lightning effects, enhancing the immersive experience."
Aztec Pyramid Megaways,"Aztec Pyramid Megaways explores an Aztec theme with a Megaways twist.  
The game features cascading reels, MaxMegaways, and free spins with multipliers.  
The reviewer finds it reliable yet unimaginative, highlighting its safe approach.  
Visually, it maintains standard aesthetics, reusing elements from previous games."
Turtle Paradise,"Turtle Paradise transports players to a serene, undiscovered tropical island, focusing on the preservation of turtles. The game features include Turtle Respins, Baby Turtle Wilds, and free spins with sticky wilds and global multipliers. The reviewer finds the game charming but lacking excitement, suggesting more impactful multipliers could enhance the experience. Visually, it offers a soothing aesthetic with sounds of waves and moonlit beaches, evoking a tranquil holiday vibe."
Aztec Wilds,"Aztec Wilds features an Aztec theme, though it feels underutilized compared to other games in the genre. The game offers a 5-reel, 4-row grid with 1,024 win ways, free spins, and various wild features. The reviewer finds the game lacking in originality and memorable elements, despite its decent 6,000x potential. Aesthetically, the game presents exotic imagery, but it doesn't strongly differentiate itself from other similar slots."
The Lost Boys,"The Lost Boys slot by Blueprint Gaming draws inspiration from the 1987 cult classic film, set in an amusement park with a nostalgic vampire theme. It features modifiers, Cash Collects, free spins, and a Rapid Fire Jackpot, with a 5x3 grid and 10 paylines. The reviewer finds the game lacks originality, reusing similar features seen in other Blueprint games, despite a potential 10,000x win cap. Aesthetically, it includes familiar characters and locations from the film, though the execution feels somewhat half-hearted."
King Of Babylon,"King of Babylon slot takes players back to ancient Mesopotamia, focusing on the reign of Nebuchadnezzar II.  
The game features expanding wilds, a Golden Wild that triggers Action Spins, and free spins with a prize pot mechanic.  
The reviewer finds the game enjoyable but lacking standout qualities, labeling it as a middle-of-the-road option.  
The slot offers high-definition graphics with a biblical feel and an epic soundtrack, enhancing its ancient theme."
Warp Wreckers Power Glyph,"Warp Wreckers Power Glyph is a science fiction-themed slot featuring cloned robots that explode in a futuristic world. The game includes a 5x5 grid with an Erase-3 mechanic, Power Glyph Wilds, and free spins triggered by clearing the grid. The reviewer finds it a fun and engaging game with satisfying gameplay, despite occasional setbacks. The game boasts cute, cartoon-like aesthetics and a compelling audio-visual experience."
Cloud Corsairs,"Cloud Corsairs is a steampunk-themed slot game with an adventurous sky-pirate motif. It offers features like Free Spins, Super Free Spins, Zeppelin Respins, a Lightning Mystery feature, and a Multiplier Reel. The reviewer finds the game delightful with exciting progressive elements but notes its win potential is capped at 7,690x the bet. The game boasts lush steampunk visuals, dynamic cloud animations, and a rousing soundtrack."
Troll Hunters 2,"Troll Hunters 2 offers a fantasy-themed adventure with warrior characters and a mountainous backdrop. The game features a 5x5 grid, cascading wins, multipliers, and a bonus game with free spins and troll wilds. The reviewer acknowledges the game's improved graphics and sound but notes similarities to the original, suggesting fans of the first will enjoy it. The aesthetics include nicely drawn symbols and a powerful fantasy soundtrack enhancing the gaming experience."
The Wild Chase: Tokyo Go,"The Wild Chase: Tokyo Go transports players to Tokyo's neon-lit streets for a thrilling heist-themed slot adventure. It features a 5-reel setup with expanding paylines and the Moving Reel Respin and Super Respin features for continuous action. The reviewer finds the game visually stunning but notes its high variance and challenging win potential may not appeal to all players. Despite its impressive animations and soundtrack, the game’s mechanics may not fully satisfy seasoned gamblers."
Freaky Friday,"Freaky Friday by Stakelogic is a 'Book of Ra' inspired slot set in a diabolical laboratory with a nefarious scientist. The game features 5 reels, 4 rows, 20 fixed paylines, and a Super Stake option for enhanced features, including the Fixed Symbols Feature during free spins. The reviewer finds the game intriguing yet hindered by toned-down symbol values, balancing innovation with limitations. The aesthetics present an eccentric lab scene with a fittingly quirky soundtrack, enhancing the game's unique theme."
Akiva: Claws of Power,"Akiva: Claws of Power is an African wildlife-themed slot game by Foxium that combines elements like Link&Win, jackpots, and free spins. It features medium volatility, a 96.2% RTP, and includes mechanics like Claws of Power and Akiva Sandstorm for creating winning combinations. The reviewer finds it pleasant but not unique, with standard features and a max win of 2,500x the bet. The game offers appealing graphics and a fitting soundtrack, enhancing its aesthetic experience."
Book of Golden Sands,"Book of Golden Sands is an Egyptian-themed slot featuring expanding symbols and set in the exotic sands of Ancient Egypt. The game offers a 6-reel, 729-win-all-ways format with high volatility, random wild multipliers, and a bonus buy option. The reviewer finds it a clever twist on the 'Book of' genre, though not as straightforward as some iconic slots, with potential for exciting wins up to 10,000x the bet. The aesthetics are typical of Egyptian slots, with a unique, synth-driven soundtrack adding an unexpected 1980s vibe."
Treasure Wild,"Treasure Wild, developed by Pragmatic Play, combines a treasure and wild theme with a focus on money symbol collection. The game features include a 5-reel, 20-payline setup, free spins, and a money collection feature, with high volatility and an RTP up to 96.53%. The reviewer finds the game lacks depth and long-term appeal, despite its cheerful appearance and soundtrack. The game's aesthetics include a colorful, albeit superficial, design with a dramatic, Disney-esque soundtrack transitioning to a Star Trek-like audio during free spins."
Farm Yarn Favourites,"Farm Yarn Favourites features a whimsical farm theme with symbols resembling knitted farm animals and toys. The game includes adjustable paylines, free spins with multipliers, and the Power Play option enhancing wild multipliers up to x10. The reviewer finds the game's potential surprising but notes the lower RTP and unique theme may not suit all players. The visuals are colorful and reminiscent of a children's TV show, enhancing its playful, cuddly appeal."
Spinjoy Society Megaways,"Spinjoy Society Megaways invites players into a vibrant spring-themed world with colorful floral elements.  
The game features up to 117,649 ways to win, a coin collection mechanic, cascades, free spins with a progressive multiplier, and a gamble feature.  
The reviewer finds it a decent, albeit not groundbreaking, debut Megaways slot from Lady Luck Games, noting potential for substantial wins.  
Aesthetically, the game is simple yet pleasant, using a strong color scheme and floral decorations to enhance its visual appeal."
Unusual Suspects Cartel Cash,"Unusual Suspects Cartel Cash transports players to Mexico for a vibrant, cartel-themed adventure. Featuring a 5-reel, 10-payline setup with various symbols and a new Link&Win 4Tune round, it offers an engaging twist on traditional free spins. The review praises the game for keeping the series fresh, though some may miss the classic free spins. Visually, the slot is lively with colorful aesthetics and a fiesta-like atmosphere enhanced by a live band audio."
WWE Clash of the Wilds,"WWE Clash of the Wilds is a wrestling-themed slot featuring iconic WWE stars like John Cena and Charlotte Flair. The game boasts unique features with stacked wilds triggering various free spins based on the reel they land on. The reviewer finds the game somewhat underwhelming in terms of excitement, but acknowledges its diverse features and budget-friendly bonus buys. The visuals and audio are considered low-key, with a simple cracked concrete background and a hip-hop soundtrack adding some attitude."
Wild Swarm,"Wild Swarm is a bee-themed slot game with a fairy tale forest backdrop and charming graphics. It features 5 reels, 20 paylines, and includes wild symbols, pick features, free spins, and a unique Swarm Mode. The reviewer appreciates the game's high production quality and engaging structure but notes its medium variance compared to other Push Gaming titles. The game is visually appealing with a relaxed feel, enhanced by its high-quality graphics and sound design."
Esqueleto Explosivo 2,"Esqueleto Explosivo 2 by Thunderkick is themed around the festive Mexican Dia de Muertos celebration. The game features expanded paylines, high volatility, a Mucho Multiplier, and a new Free Spins round. The reviewer praises the sequel for its increased potential and engaging features compared to the original. The game retains its colorful aesthetics with singing mariachis and vibrant skull symbols."
xWays Hoarder xSplit,"xWays Hoarder xSplit takes players to a dystopian future filled with eccentric characters and survival themes. The game features a 5x3 grid with up to 95,760 ways to win, utilizing xWays and xSplit mechanics, free spins, and sticky symbols. The reviewer appreciates the game's unique theme and innovative features, though notes its potential is slightly lower than recent Nolimit releases. The game's aesthetics are distinct, with a transistor radio-style rockabilly soundtrack enhancing the post-apocalyptic atmosphere."
Rise of Atlantis 2,"Rise of Atlantis 2 immerses players in an underwater world with Poseidon, offering a Greek mythology-inspired theme. The game features Rising Multipliers, Poseidon's Call, free spins, and a bonus buy menu with enhanced multipliers. The reviewer praises the sequel for improving upon the original, highlighting its creativity and enhanced gameplay elements. Visually appealing and paired with fitting audio, the game successfully presents a captivating Atlantis aesthetic."
Gems Gone Wild Power Reels,"Gems Gone Wild Power Reels is a Starburst-themed slot with an 8x6 grid, set in outer space.  
The game centers on wild symbols, featuring Super Wilds and Locked Wilds for potential wins.  
The reviewer finds it lackluster, with minimal features and no bonus games, making it unexciting.  
Visually, it has a spacey swirl effect with a house/jazzy/funk soundtrack that is pleasant but not memorable."
Trigger Happy,"**Overview:** Trigger Happy is a cluster pays slot with a fairground theme, featuring fluffy critters instead of gunslingers.  
**Features:** It includes wilds, multipliers, bombs, and free spins with a 5x5 grid and high volatility.  
**Verdict:** The game offers substantial rewards with unique mechanics, though it may not appeal to everyone.  
**Aesthetics & Audio:** The slot boasts vibrant colors and quirky characters, resembling an arcade adventure."
Midnight Thirst,"Midnight Thirst, a vampire-themed slot by Max Win Gaming, features a unique twist where dead spins are advantageous for triggering multipliers and free spins. The game employs a 1,024 ways to win system with chain reactions and a progress bar multiplier, along with a feature buy option for accessing free spins. The reviewer finds the game intriguing but notes it's not for everyone due to its reliance on dead spins for potential big wins. The cartoonish visuals and playful soundtrack enhance the game's engaging and slightly eerie atmosphere."
Wishbringer,"Wishbringer is a genie-themed slot game from Hacksaw Gaming, featuring a classic One Thousand and One Nights atmosphere. It offers a 6x4 matrix with 4,096 ways to win, a medium volatility math model, and several bonus buy options. The reviewer finds it a typical reskin lacking Hacksaw Gaming's usual originality and creativity. The game includes Arabian-themed aesthetics and an exotic soundtrack, though the presentation feels conventional for the developer."
7 Gold Fruits,"7 Gold Fruits is a vibrant slot game themed around classic fruit symbols, set against a backdrop of gold and bank vault imagery. It features 5 reels, 10 paylines, and includes exciting elements like Gold Cash Stacks, Cash Bombs, respins, and free spins. The reviewer commends 7 Gold Fruits for its unique twists on traditional fruit slots, though it may not be groundbreaking. The game boasts a bright aesthetic with juicy fruit symbols and a funky backing track to enhance the atmosphere."
Secret Riches of the Irish,"Secret Riches of the Irish is a leprechaun-themed slot set in the mystical landscapes of Ireland.  
Features include Pot of Gold money collections, free spins with reel multipliers, and a bonus buy option.  
The reviewer finds the game unremarkable, lacking intrigue and excitement, though it has decent winning potential.  
The game offers pleasant aesthetics with Celtic patterns and a soft musical backdrop, though it feels generic."
Queen's Day Tilt,"Queen's Day Tilt by Play'n GO is a medieval-themed grid slot set in a festival camp with knights competing.  
The game features include extra wilds, the Queen's Day Free Spin with premium symbols, and multiple random trigger bonuses.  
The reviewer finds it initially complex but ultimately straightforward, with a high volatility offering up to 5000x max win.  
Visually appealing, the game boasts rich graphics and sound, consistent with Play'n GO's high standards."
Cowboy Coins,"Cowboy Coins by Pragmatic Play is a Western-themed slot game featuring a dusty frontier town setting. It offers a 3-4-4-4-4-3 grid with 2,304 ways to win, multiple bonus features, and a high volatility level. The reviewer finds the game engaging but not groundbreaking enough to surpass its competitors. The game is visually appealing with bright artwork, though its aesthetic is somewhat conventional."
Fa Fa Babies 2,"Fa Fa Babies 2 from Red Tiger is an Asian-themed slot with a vibrant presentation and cultural elements. It features a 5-reel, 3-row grid with 243 ways to win, Lucky Envelopes, Fortune Prizes, and a Fortune Bonus round. The reviewer notes that while the game maintains the spirit of its predecessor, it disappoints with reduced winning potential. The game's aesthetics are lively, with bright colors and traditional symbols, complemented by a decent audio-visual experience."
Forge of Olympus,"Forge of Olympus is a mythologically-themed slot centered around Hephaestus, the Greek god of metalworking. The game features a scatter pays system, tumbling reels, and multiplier symbols, with options to trigger or buy free spins. The reviewer finds it a familiar yet appealing game, despite being a clone of Santa's Great Gifts. Aesthetically, it presents a vivid, fantastical realm with Hephaestus in a dynamic, temple-like setting."
Rascal Riches,"Rascal Riches centers around mischievous raccoons on a heist for a golden rubbish bin.  
The game features wild symbols, multipliers, mystery symbols, and free spins with significant multiplier potential.  
The reviewer finds the game charming yet slightly dated, noting its ability to surprise with high win potential.  
Aesthetically, the game maintains a playful and cute vibe, complemented by feel-good animations and engaging audio."
Emerald Gold,"Emerald Gold transforms the Western Gold slot with an Irish theme, featuring leprechauns and Celtic symbols. The game offers a high volatility experience with scatter wins and free spins, boasting a potential 25,000x top prize. The reviewer praises its increased potential over Western Gold and suggests fans of the latter will enjoy it, provided they appreciate the theme shift. The aesthetics are highlighted by an oil painting-style backdrop of Ireland, balancing traditional Irish imagery with quality visuals."
Hugo Goal,"Hugo Goal is a 3-reel football-themed slot game with 5 paylines, launched to coincide with major football events.  
Key features include Action Replay, Free Kick, and Penalty Shoot-Out bonuses that offer re-spins and win multipliers.  
The game is light-hearted with low variance, appealing more to casual players than high-stakes gamblers.  
Aesthetically, it features cartoonish graphics and whimsical audio, aligning with its playful theme."
