Title,Cluster,Summary,Provider
Squealin' Riches,8,"Squealin' Riches is a money-themed slot with a jazzy, New York vibe centered around wealth symbols and piggy banks. It features a 5-reel, 1,024 ways-to-win setup with hold-and-win mechanics, bonus wheels, jackpots, free spins, and a feature buy option. The reviewer finds it lively and engaging but not innovative, noting its high volatility and frequent hits can distract from losses. The game boasts bright, upbeat visuals reminiscent of a gold vault, complemented by energetic sound effects highlighting every action.",
Book of 99,7,"Book of 99 is an Ancient Greece-themed slot that follows the classic 'book of' style. It features a 99% RTP, expanding special symbols in free spins, and a unique wild collection system to trigger bonuses. The reviewer praises its high RTP and rewarding gameplay, making it a standout despite a familiar formula. Visually, it offers a sunlit Arcadian bonus game with cartoonish heroes and a throbbing, exotic soundtrack.",
Santa's Stack,7,"Santa's Stack is a Christmas-themed slot with a retro 8-bit style, delivering a nostalgic festive vibe. It features an 8x8 cluster pay grid, Secret Santa Respins, free spins with increasing wilds, and a bonus buy option. The reviewer praises its originality and charm but warns of its high volatility and tough gameplay. The game’s pixelated graphics and cozy Christmas setting combine with a simple yet intense audio-visual experience.",
Hades Gigablox,1,"Hades Gigablox dives into Greek mythology with a dark, cinematic journey through the Underworld. The game features the transformative Gigablox mechanic, Hades Wild Hunt wilds, and a free spins round with increasing multipliers. The reviewer praises its seamless design, engaging gameplay, and strong replay value despite a low free spins trigger rate. Visually stunning with high-quality animations, a dramatic soundtrack, and sinister voice acting bring Hades and the infernal setting vividly to life.",
Slugger Time,5,"Slugger Time is a subway gang warfare-themed slot featuring quirky masked hooligans and odd objects.  
Key features include sticky multiplier wilds, four free spin fight modes, and a buy feature option.  
The reviewer finds it a solid, entertaining clone of Cabin Crashers with familiar gameplay and strong win potential.  
The game sports a comic book style with humorous, slightly dark visuals and fitting audio that balances toughness with fun.",
Big Bad Wolf: Pigs of Steel,5,"Big Bad Wolf: Pigs of Steel is a slot themed around the classic Three Little Pigs tale, set in a picturesque countryside with a steel-constructed gaming grid. It features Tumbling Reels, Piggy Wild transformations, protected symbols, and three escalating bonus rounds with multipliers and free spins. The reviewer praises its engaging gameplay flow, successful blend of old and new mechanics, and high max win potential of 18,081x the bet. The game boasts charming, peaceful visuals and fitting audio that maintain the series' warm, porky atmosphere.",
Wild Fishin Wild Ways,5,"Wild Fishin' Wild Ways is a fishing-themed slot set in a seaside town with an evolving reel grid and aquatic adventure vibe. It features a unique Wild Fishin' money symbol collect mechanic, expanding reels, and a Wild Ways activation, alongside free spins with growing win ways. The reviewer finds the game offers a distinctive twist on fishing slots with solid gameplay but notes its high volatility and modest max win of 2,000x bet. Visually, the game boasts a Pixar-like, vibrant seaside and underwater aesthetic with immersive audio enhancing the angling atmosphere.",
Treasure Rain,7,"Treasure Rain is an Asian-themed slot by NetEnt, featuring a clichéd Chinese motif centered around the God of Wealth, Caishen. The game includes Avalanche mechanics, increasing multipliers, and free spins with enhanced multipliers for bigger wins. The reviewer finds it enjoyable for fans of Gonzo’s Quest or Asian slots but ultimately uninspired and repetitive. Visually, it uses traditional red and gold colors with simple symbols and a modest background, matched by straightforward audio.",
Return of the Dead,4,"Return of the Dead is a classic Egyptian-themed slot closely resembling the popular Book of Ra style. It features a 5-reel, 10-payline setup with high volatility, free spins triggered by a special expanding symbol, and a notably high RTP of 96.71%. The reviewer finds it a straightforward, nostalgic game with solid free spin potential but lacking innovation among numerous similar slots. The game sports a vintage land-based aesthetic with an Arabic-Western soundtrack and simple, old-school sound effects.",
Panda's Fortune 2,6,"1. Panda's Fortune 2 is an Asian-themed slot featuring gentle giant pandas set against a mountainous backdrop with traditional Chinese elements.  
2. The game offers 5 reels, 25 fixed paylines, golden symbol prizes, and a free spins feature with sticky golden symbols for enhanced winning potential.  
3. The reviewer finds it a decent sequel with improved winning possibilities but overall familiar and targeted mainly at fans of Asian slots or the original game.  
4. Visually, it boasts high-definition symbols and a soothing traditional Chinese soundtrack, creating a rich and calming atmosphere.",
USA Flip,3,"USA Flip is a stunt-themed slot featuring a patriotic eagle performing bike tricks in a lively American arena. It offers free spins with flipped reels, near-win re-spins, and walking wilds that move across the reels. The reviewer finds it a fun but modestly rewarding game with a medium volatility and a max 1,000x stake payout. The game sports bold red, white, and blue visuals with a dynamic stadium atmosphere, matching its energetic theme.",
Buffalo King Megaways,8,"Buffalo King Megaways features a North American wildlife theme with iconic beasts like buffalo and eagles set against rugged outdoor landscapes. The game offers up to 200,704 ways to win, cascading tumbles, an Ante Bet for increased free spin chances, and multipliers attached to wilds during free spins. The reviewer finds it a faithful, solid remake with a unique multiplier system but notes the max win of 5,000x is modest compared to the original's exaggerated figures. A rustic visual style and outdoorsy soundtrack maintain the original’s atmospheric charm without drastic changes.",
Narcos Mexico,8,"Narcos Mexico is a Red Tiger slot based on the Netflix series, continuing the Narcos franchise with a cartel war theme. It features a 5x3 grid with 243 ways to win, random base game modifiers, and a unique 10x10 Cartel Spins bonus involving territory battles and multipliers. The reviewer praises its improved winning potential and engaging bonus mechanics, though finds it less thrilling than the original. The game maintains a neat cartoon-realistic style with atmospheric visuals of cartel life and fitting audio that supports its serious yet stylized vibe.",
Boilin' Pots,5,"Boilin' Pots is a cooking-themed slot set outdoors in a misty forest with a bubbling pot and expanding reels. It features a 5x3 grid that can grow to 7 rows, Wild Respins, and a Rising Reels Bonus Game with high volatility and big win potential. The reviewer finds it slow to warm up but rewarding with a max win of 10,114x the bet, though some features can feel frustrating. Visually, the game transforms from plain to atmospheric with glowing eyes, twisty trees, and charming forest creatures, complemented by a mystical audio ambiance.",
Rainbow Riches Pots of Gold,3,"Rainbow Riches Pots of Gold centers on a classic Irish leprechaun theme, popular in UK pubs and arcades.  
The game features simple gameplay with Pots of Gold bonus rounds and a Mega Drop progressive jackpot network.  
The reviewer sees it as a nostalgic classic appealing to fans but outdated and unoriginal for others.  
Aesthetics are dated with a pastoral Celtic setting and an in-theme soundtrack featuring quirky, magical spin sounds.",
Diablo Reels,0,"Diablo Reels is a Dia De Muertos-themed slot with a devilish twist, featuring a vibrant Mexican festival atmosphere. Key features include Nudging Wilds, Wild Stack Respins, and free spins with dual reel sets and up to 10 paylines. The reviewer praises it as possibly the best in the ELK Classic Series, noting its stylish design and engaging but straightforward gameplay. The game boasts colorful visuals with skulls and sombreros, complemented by a lively Latin soundtrack that intensifies during free spins.",
Naughty Nick's Book,4,"Naughty Nick's Book is a cheeky, Christmas-themed 'Book of' style slot with a humorous, cartoonish twist. It features up to 6 reels (unlockable in free spins), expanding special symbols, and a gamble feature with high volatility and a max win of 7,500x. The reviewer finds it a solid, tongue-in-cheek addition to holiday slots, offering familiar but enjoyable gameplay. The game sports slightly old-fashioned, cartoon-style visuals with a playful, cheeky vibe rather than traditional cozy Christmas aesthetics.",
Mafia Clash,5,"Mafia Clash is a crime-themed slot featuring a turf war between three rival mafia gangs. It offers key features like the Shootout multiplier wilds and Hideout free spins, plus two bonus buy options. The reviewer finds it decent but somewhat lacking in excitement, with slow base gameplay and infrequent feature triggers. The dark, gritty visuals and menacing soundtrack enhance the immersive, underworld atmosphere.",
Diamond Symphony DoubleMax,3,"Diamond Symphony DoubleMax is a neon-lit musical-themed slot blending 80s vibes with symphony motifs. It features the Cascade+ mechanic, DoubleMax multipliers, a free spins trail, and an Encore Mode for enhanced bonus potential. The reviewer finds it a solid but not groundbreaking DoubleMax iteration, with theme appeal likely deciding player enjoyment. The game sports vibrant neon aesthetics paired with energetic, noisy audio, creating a lively casino atmosphere.",
Viking Forge,7,"Viking Forge is a Viking-themed online slot by Pragmatic Play featuring a mythical Norse world. Its key features include a 6x5 grid with scatter pays, tumbling reels, coin collection mechanics, and free spins with multipliers. The reviewer sees it as a solid, straightforward scatter pays slot with moderate innovation and exciting potential in its coin meter. Visually, it offers high-quality, cartoon-like Viking imagery with fitting audio enhancing the immersive experience.",
Vikings Unleashed Megaways,0,"1. Vikings Unleashed Megaways is a nautical-themed slot set on a Viking ship, featuring cartoon-style graphics and an epic battle call soundtrack.  
2. The game offers classic MegaWays mechanics with up to 117,649 paylines, mystery Hammer symbols, cascading reels, growing multipliers, and a free spins feature with gamble options.  
3. The reviewer finds it a standard high-variance MegaWays slot with little innovation but appreciates the gamble twist and potential for big wins.  
4. Visually vibrant with dynamic ship motion, colorful graphics, and immersive audio, the game delivers a compelling aesthetic experience.",
Break Da Bank Again Megaways,1,"Break Da Bank Again Megaways is a modernized bank heist-themed slot continuing the popular Break Da Bank series. It features Megaways mechanics with Rolling Reels, free spins with progressive multipliers, wild multipliers, and bonus buy options including a Hot Mode with a high starting multiplier. The reviewer finds it a solid but unoriginal Megaways title, relying heavily on brand recognition with modest innovation. Visually, it offers upgraded, polished graphics and engaging audio that shifts from laid-back jams to energetic heist tunes during free spins.",
Starlight Princess Pachi,5,"Starlight Princess Pachi is an anime-themed slot set in a dreamy cloudland featuring a winged princess on a 3x3 grid. It offers unique features like scatter respins, free spins, super free spins with guaranteed wins, and feature buys for bonus rounds. The reviewer finds the base game repetitive but praises the super free spins for exciting, consistent wins, making it entertaining for the right player. The game boasts vibrant anime-style visuals with floating princess animations and atmospheric, changing tunes during bonuses.",
Dead Man's Trail,0,"Dead Man's Trail is a gritty pirate-themed slot by Relax Gaming, depicting a darker side of pirate life with a moody atmosphere. It features a 5x4 grid with a Coin feature in the base game and a strategic Dead Man's Trail Bonus where players move around a trail collecting prizes and activating special actions. The reviewer praises its high volatility gameplay and intense bonus rounds, noting it offers a refreshing change from typical pirate slots but may frustrate some players. The game's visuals and sound create a thick, atmospheric vibe that complements its grim pirate setting, diverging from Relax Gaming’s usual bright style.",
Lady Luxe Joker,8,"Lady Luxe Joker features a jazzy, harlequin-themed slot with a sultry joker lady set in a club vibe.  
Key features include Gold Coin Jackpots and free spins with a symbol upgrade mechanic enhancing payouts.  
The reviewer finds the game lacking innovation, calling it a stale reskin of a previous slot with modest win potential.  
Aesthetically, it blends blues, purples, and golds with a classy yet slightly worn look, accompanied by a jazzy, chrome club atmosphere.",
Crab Trap,4,"Crab Trap is a mid-volatility online slot centered around a relaxed crab-catching seaside theme. Key features include Trap frames added by Blue Boats, Respins triggered by Red Boats, colossal Crab symbols, free spins, and a bonus buy option. The reviewer finds it charming but notes its modest max win of 1,191x bet makes it suited for players preferring lower-risk gameplay. The game boasts bright, cheerful graphics and an upbeat soundtrack that complement its casual, lighthearted vibe.",
Tomb of Nefertiti,6,"Tomb of Nefertiti immerses players in a modernized ancient Egyptian adventure featuring a Lara Croft–like wild character. The game boasts sticky wilds, re-spins with multipliers, random wild drops, and a bonus round with doubled paylines and unlimited re-spins. The reviewer finds it a fresh yet modestly innovative slot with medium-high volatility and decent max wins but limited appeal for hardcore players. Visually, it offers bright, colorful symbols set against a clear, moody outdoor backdrop with thematic Egyptian audio enhancing the atmosphere.",
Tales of Asgard Freya's Wedding,1,"Tales of Asgard Freya's Wedding is a Norse mythology-themed slot centered on Thor's disguise to reclaim Mjolnir. The game features wild substitutions, expanding wilds with multipliers, free spins with moving wilds, and respins for extended play. The reviewer finds it a lighter, more humorous slot with moderate volatility and a max win of 2,500x, praising its entertaining theme despite modest potential. Visually, it offers cool blue icy tones with understated graphics and a subtle wedding feast backdrop, including Thor in a wedding dress.",
Iron Bank,2,"Iron Bank is a high-volatility slot themed around a Cuban bank heist, inspired by casino streamers' preferences rather than Game of Thrones. It features 4,096 ways to win, random scatters, mystery symbols, fully stacked wild multipliers, and three distinct free spin bonus games with a feature buy option. The reviewer praises its fast-paced, feature-rich gameplay ideal for streaming, though notes it lacks innovation and might overwhelm traditional players. The game boasts a dreamy, cartoonish Cuban aesthetic with a hazy, exotic vibe complemented by slick visuals and engaging audio.",
Joker's Jewels Wild,0,"Joker's Jewels Wild offers a nostalgic, classic slot theme reminiscent of vintage gambling machines. It features 5 paylines, expanding wilds, and scatter symbols with straightforward gameplay and medium volatility. The reviewer finds it a simple, back-to-basics game appealing mainly to those craving old-school slots, though it lacks bonus rounds and depth. The aesthetics evoke a traditional slot machine look with diamond-patterned reels, complemented by minimal audio cues to enhance the retro feel.",
Montezuma,1,"Montezuma is an Aztec-themed online slot inspired by the ancient emperor, featuring jungle and cultural symbols.  
The game offers 5 reels, 30 fixed paylines, wild Aztec pyramid symbols, scatter Aztec Calendar triggers, and free spins with multipliers.  
The reviewer praises WMS for executing the classic theme well, highlighting the rewarding free spins and up to 3000x stake potential.  
Graphics immerse players in the Aztec jungle with detailed symbols, complemented by a fitting soundtrack enhancing the atmosphere.",
Jiggly Cash,4,"Jiggly Cash is a colorful, jelly-themed scatter pay slot set in a magical sweet land. It features Avalanche wins, Mystery symbols that upgrade low pays, multipliers up to x250, and a free spins bonus round with a unique multiplier bank. The reviewer finds it a strong contender in the scatter pay genre, offering realistic win potential and engaging gameplay. Visually, it sports Thunderkick’s signature vibrant, jiggly aesthetic with fun, candy-inspired graphics and lively audio.",
Outlaw Saloon,8,"Outlaw Saloon is a Wild West-themed slot set in a desolate frontier town, featuring sheriff badges and free spin bonuses. Key features include Sheriff Badge Collection, Metered Prizes, and three distinct free spin rounds with multipliers and respins. The reviewer found the gameplay confusing and the overall experience underwhelming, lacking standout appeal in a crowded genre. Visually, the game feels outdated and sterile, though the Western-style music is well done.",
Master Joker,3,"Master Joker is a minimalist fruit-themed slot focusing on fast-paced, simple gameplay with classic fruit and Vegas-style symbols. It features a single payline, a wild joker that can form multiple wins, and a Multiplier Wheel offering multipliers up to x100. The reviewer finds it fresh and memorable despite its simplicity, with strong potential for big wins and appeal for low-stake players. The game sports a straightforward, classic aesthetic with quick spins and no elaborate audio mentioned.",
Super Lucky Charms,0,"Super Lucky Charms is a slot themed around traditional lucky charms, inspired by Novomatic's Lucky Lady's Charm. It features 5 reels, 10 paylines, a wild with a Fortune Teller Win Multiplier, and a free spins round with unlimited retriggers and 3x multipliers. The reviewer finds it a solid alternative with unique features but not a full replacement for the original. The game boasts impressive graphics with a purple night backdrop and detailed, thematic symbols, complemented by Blueprint Gaming's quality audio.",
Big Bad Wolf Megaways,3,"Big Bad Wolf Megaways reimagines the classic fairy tale slot with an expanded Megaways format and larger game grid. Key features include tumbling reels, Piggy Wilds, a progressive win multiplier in free spins, and a bonus buy option. The reviewer praises the smooth transition to Megaways, enhancing potential wins up to 30,540x while retaining the charm of the original. Visually, the game boasts refined, high-definition country-themed graphics and lively animations, complemented by engaging audio effects.",
Savannah Legend,1,"Savannah Legend is an African savannah-themed slot featuring classic wildlife symbols and a wide-open vista setting. The game offers 1,024 ways to win, wild multipliers, a free spins round with symbol upgrades, and a buy feature. The reviewer finds it generic and formulaic but solidly built with an attractive RTP and a 10,000x win cap. Visually, it presents familiar savannah scenery with golden grass and hills, accompanied by charming aspirational music.",
POP Royale,4,"POP Royale is a Fortnite-style battle royale themed slot set high in the clouds with a futuristic PVP vibe. It features the PopWins mechanic with expanding reels, a free spins gamble wheel, and increasing multipliers, offering up to 59,049 ways to win. The reviewer praises its high RTP of 97.96% and solid, proven gameplay, though notes it lacks major innovation within the PopWins series. Visually, the game boasts bright, chunky artwork and dramatic tunes that complement its energetic video game atmosphere.",
Reel Keeper Power Reels,8,"Reel Keeper Power Reels is a fantasy-themed slot centered on a dragon keeper and fiery adventure. It features 8 reels, 6 rows, 40 paylines, moving full-reel Dragon Wilds, and free spins with locked wilds for enhanced winning potential. The reviewer praises its high volatility and impressive max win of over 16,000x the bet, marking it as a standout in Red Tiger’s Power Reels series. The game boasts intense dragon and lava visuals with thematic audio that complements its mythical, fiery atmosphere.",
Big Bass Halloween,6,"Big Bass Halloween is a Halloween-themed reskin of the popular fishing slot Big Bass Bonanza, featuring a spooky yet playful atmosphere. The game includes medium-high volatility, 10 paylines, random fish money values, free spins with retriggers, and increasing multipliers up to x10. The reviewer finds it better than expected, appreciating its tongue-in-cheek horror elements and solid free spins feature despite being a familiar fishing slot format. Aesthetically, it offers a darker, murky color palette with stitched zombie card symbols and eerie audio cues enhancing the Halloween vibe.",
Celestial Sisters Megaways,8,"Celestial Sisters Megaways features an anime-inspired theme with doe-eyed cartoon sisters set against dreamy celestial backdrops. The game includes standard Megaways mechanics, mystery symbols, free spins with rising multipliers, jackpots, and a high-stakes Build A Bonus feature. The reviewer finds it a mix of familiar Megaways gameplay with unique big-bet opportunities, though its appeal may be niche. Visually, it presents a bright, cartoonish anime style with sparkling seas and moons, complemented by thematic audio.",
Peppe's Pepperoni Pizza Plaza,5,"Peppe's Pepperoni Pizza Plaza is an Italian cuisine-themed slot centered around pizza and humorous food elements. The game features Money symbol collection, free spins with various modifiers, and a progressive wild collection mechanic, with a 6,000x max win and optional bonus buy. The reviewer finds it a familiar yet amiable twist on Reel Kingdom's Big Bass slots, offering fun gameplay despite its derivative nature. Visually, it sports a pizza slice grid with quirky animations like pickles on a conveyor belt, accompanied by a light-hearted and humorous audio-visual style.",
Rich Raptors,6,"Rich Raptors is a dinosaur-themed slot set in a 1920s New York with stylish reptilian mobsters. It features 6 reels, 4096 ways to win, a Meteor Shower feature, free spins with multipliers, and a bonus buy option. The review finds it enjoyable and thematically fitting but not groundbreaking in gameplay innovation. Visually, it boasts bold, vibrant artwork and lively audio that bring the dinosaur-era cityscape to life.",
Jumanji,5,"1. Jumanji slot is themed around the 1995 classic movie, featuring a magical board game adventure with iconic symbols like animals and playing cards.  
2. The game includes 4 random features—Sticky Vines, Monsoon Wilds, Monkey Mayhem, and Wild Stampede—and a Board Game bonus offering multiple Free Spin modes and cash prizes.  
3. The reviewer finds Jumanji entertaining with medium variance and decent win potential, though base game payouts are limited and the real excitement lies in the Board Game feature.  
4. The slot boasts high-quality production with engaging visuals and thematic audio that enhance the immersive jungle and adventure atmosphere.",
Leprechaun Heist,6,"Leprechaun Heist is an Irish American-themed slot centered on a bank robbery by three masked criminals, diverging from typical leprechaun motifs. It features a dynamic 5x5 to 7x7 grid, tumble mechanics, Ammo Level Up modifiers, and a free spins bonus with multipliers and a buy option. The reviewer found it a fresh take on scatter-style slots with frequent wins and engaging gameplay, though symbol values limit huge payouts. The game boasts a unique bottom-up camera angle and an energetic Dropkick Murphys-inspired soundtrack enhancing its immersive atmosphere.",
Witch Heart Megaways,1,"Witch Heart Megaways features a magical witch theme blending mysterious and whimsical elements. The game includes Megaways mechanics with tumbles, free spins featuring a progressive win multiplier, and unique Witch Heart Wilds that add extra wilds after multiple wins. The reviewer finds it visually appealing with decent originality but mechanically average, offering moderate excitement without groundbreaking innovation. Aesthetically, the slot boasts a spooky yet charming vibe reminiscent of Beetlejuice and Sabrina, complemented by atmospheric visuals but no mention of audio.",
Immortal Romance Video Bingo,5,"Immortal Romance Video Bingo combines the popular vampire romance theme with a complex video bingo format, developed by Neko Games in partnership with Games Global. The game features up to four bingo cards, multiple winning patterns, an Extra Ball Stage, and bonus rounds like the Chamber of Jackpots and Eternal Chambers. The reviewer praises its wide appeal, strategic options, and strong brand recognition, though notes the high cost of extra balls can be punishing. The game showcases gothic imagery and a dramatic soundtrack, maintaining the Immortal Romance atmosphere.",
Stars of Orion,4,"Stars of Orion is a space-themed slot centered around the Orion constellation and a Stonehenge-like setting. It features cluster pays, avalanches, a Magic Meter with multipliers, Super Symbols, and multiple bonus rounds including free drops and X-iter buy-in modes. The reviewer finds it a solid evolution in ELK’s gravity series with fairer cluster mechanics and a high max win of 10,000x the bet, though the theme and symbols feel somewhat incongruous. Visually, the game combines ancient monolith aesthetics with bright, contrasting symbols, but the audio and overall presentation are less emphasized.",
Anubis 2 DoubleMax,0,"Anubis 2 DoubleMax is an ancient Egypt-themed slot centered on the jackal-headed god Anubis, offering a fresh take from its predecessor. It features a unique Anubis shuffle mechanic that triggers on losing spins, with increasing multipliers and added wilds, plus a Bonus Buy option. The reviewer finds it a distinct but less rewarding sequel with a lower max win and a polarizing gameplay change. Visually, it combines high-resolution and dated elements with hieroglyphic columns and an exotic, fitting soundtrack.",
Mega Mine,8,"Mega Mine is a mining-themed slot set in an idyllic mountain environment, featuring a Western soundtrack. Its standout feature is the Nudging Mystery Stacks, increasing ways to win up to 32,768, especially active in free spins. The reviewer found it slow to excite but acknowledges its huge win potential, up to 50,000x stake. Visually, it combines large gem symbols with a peaceful backdrop, while the audio adds energetic Western vibes.",
Tales of Silver Megaways,8,"Tales of Silver Megaways is a pirate-themed slot inspired by Long John Silver and Treasure Island, featuring a cartoonish yet classic buccaneer vibe. The game includes cascading wins, mystery symbols, Max Megaways for 117,649 ways to win, and free spins with an increasing win multiplier. The reviewer finds it a competent but unoriginal Megaways slot, offering smooth gameplay without significant innovation. Aesthetics are lively with skulls, parrots, and pirate imagery, complemented by fitting audio that enhances the adventurous theme.",
Fury of Odin Megaways,4,"Fury of Odin Megaways embraces Norse mythology with a friendly, detailed portrayal of Odin and his world.  
Key features include tumbling reels, a unique Fury feature that creates expanding wilds with guaranteed wins, mystery symbols, and free spins with increasing multipliers.  
The reviewer finds it a solid, well-crafted Megaways slot with familiar mechanics elevated by the Fury feature’s strategic depth.  
The game boasts intricate visuals of rugged landscapes and statues, complemented by a symphonic soundtrack enhancing the immersive Norse atmosphere.",
Zeus Lightning Power Reels,8,"Zeus Lightning Power Reels is an Ancient Greek-themed slot featuring a darker, serious take on mythology with Zeus as the central figure. Key features include expanding lightning wilds, a free spins round with a gamble wheel, and wins that pay from multiple reel positions. The reviewer praises its high RTP (97.73%) and engaging mechanics but notes the bonus trigger can be rare and gamble risks high. Visually, the game boasts detailed, crisp graphics of Mount Olympus with a divine, atmospheric design.",
Tucanito,4,"Tucanito is a tropical-themed slot featuring fruit symbols and a toucan mascot. The game offers a simple 5x3 layout with 5 paylines, a scatter-paying bonus symbol, and no free spins or bonus rounds. The reviewer finds it very basic and straightforward, appealing mainly to players seeking easy, low-effort gameplay. Its retro visuals and quirky Oompah-style soundtrack add a lighthearted, casual vibe.",
El Dorado The City of Gold Megaways,8,"El Dorado The City of Gold Megaways is an Aztec-themed slot centered on the legendary City of Gold and explorers’ quest for treasure. It features a tumble mechanic, a 4-choice free spins bonus with increasing multipliers, and an Ante Bet to boost bonus trigger chances. The reviewer finds it solid and visually appealing but unoriginal, offering dependable gameplay without standout innovation. The game boasts bright, colorful Aztec visuals with temple backdrops and a soundtrack blending ominous ambient sounds and lively tunes during spins.",
Irish Pot Luck,3,"Irish Pot Luck offers a charming Irish-themed slot experience with familiar lucky symbols and a laid-back vibe.  
Key features include a Pot Luck mechanic adding special symbols, multipliers on every win, free spins with enhanced multipliers, and a multi-tier Jackpot Wheel.  
The reviewer finds it engaging but not thrilling, appreciating the steady action and feature variety within low/medium volatility.  
Visually simple yet pleasant, the game pairs bright, bold symbols with a cheerful, flowing Irish tune enhancing the relaxed atmosphere.",
300 Shields Mighty Ways,2,"300 Shields Mighty Ways is a Spartan warrior-themed slot continuing the legacy of the original 300 Shields series. It features the Mighty Ways mechanic with cascading wins, expanding reels, free spins with progressive multipliers, and optional bonus buys. The reviewer finds it a challenging, high-volatility slot true to its roots, offering intense gameplay but occasional choppiness. Visually, it boasts detailed, high-definition graphics with atmospheric audio, including gory slashing sounds that enhance the battle theme.",
Kings of Crystals,5,"Kings of Crystals is a fantasy-themed slot featuring three kings vying for colorful crystals in a mystical realm. The game offers three unique free spin bonuses triggered by collecting different colored scatters, with options to combine features and a jackpot collection mechanic. The reviewer found the gameplay underwhelming and the theme loosely connected, noting the slot feels dated despite its 10,000x max win potential. Visually, the game has an old-fashioned, somewhat archaic look reminiscent of classic slots, with accompanying fantasy-style audio enhancing the atmosphere.",
Arthur’s Fortune,0,"Arthur’s Fortune is a medieval-themed slot inspired by Arthurian Legends, set in a romanticized British Isles. It features straightforward gameplay with 5 reels, 20 paylines, and notable Wild Transformation and free spins bonus rounds that enhance winning potential. The reviewer praises its solid, elegant design and exciting bonus features, offering a rewarding experience without overcomplication. Visually, it boasts high-quality graphics and a theatrical soundtrack that vividly bring the Middle Ages to life.",
Joker Drop PopWins,4,"Joker Drop PopWins features a classic fruit and joker theme with an expandable PopWins grid for a traditional yet dynamic slot experience. Key features include the licensed PopWins mechanic, two collection meters, a pachinko-style free spins gamble, and a Super Stake option influencing volatility and bonus triggers. The reviewer finds it a solid, familiar take on PopWins, praising its gameplay and max win potential but noting limited innovation. The aesthetics are old-school fruit slot style with straightforward symbols and an engaging, retro audio-visual atmosphere.",
Piggy Bank Bills,6,"Piggy Bank Bills is a piggy bank-themed slot featuring stacks of banknotes with a unique win mechanic based on matching halves of banknotes. Its features include three piggy-themed bonuses and free spins with random multipliers and symbol removals. The reviewer finds it an entertaining and novel twist on slot gameplay, offering potential wins up to 5,000x the stake despite its high volatility. The game boasts bright visuals with glowing cash piles and a lively, Caribbean-inspired mariachi soundtrack that enhances the upbeat atmosphere.",
Wild Wild Bass 2,7,"Wild Wild Bass 2 is a fishing-themed slot focusing on bass fish, continuing a popular but crowded genre. Key features include a Super Stake option, expanding reels creating up to 5,625 ways to win, and two main bonus rounds: Big Catch and Insane Catch with multiplier spins. The reviewer finds it largely repetitive and unoriginal, with its main appeal being the new bonus buy feature for quicker access to Insane Spins. Visually, the game presents an underwater scene with a transparent 6-reel grid and aquatic animations, offering decent but not standout aesthetics and sound.",
Legion Gold and the Sphinx of Dead,7,"Legion Gold and the Sphinx of Dead is an Ancient Egypt-themed slot by Play'n GO, revisiting familiar territory with a focus on gold respins and free spins. The game features Gold Respins triggered by collecting Gold Coins and Mega Free Spins with expanding Mega symbols, offering a max win of 3,000x the bet. The reviewer finds the gameplay uninspiring compared to other Play'n GO titles, suitable mainly for casual players preferring medium volatility. Visually, the slot impresses with striking graphics and detailed Egyptian-themed art, though gameplay excitement is lacking.",
Unusual Catch,2,"Unusual Catch is a fishing-themed reskin of Northern Lights Gaming's detective slot, shifting the setting from crime-solving to a watery locale. The game features sticky wilds with increasing multipliers, an Angler Wild bonus, free spins with a Booster Meter, and options to buy or gamble into free spins. The reviewer finds it less engaging than its predecessor due to familiar mechanics and a common fish slot theme, though the 8,000x max win and multiplier action add appeal. Visually, it offers a calm seaside backdrop with day and night modes, but the overall vibe feels low-key and less novel.",
Lucky Clucks,7,"Lucky Clucks is a farm-themed slot by Crazy Tooth Studio featuring quirky chicken and livestock motifs. Its main features include the BIG BuildUp mechanic with multipliers and wilds, plus Raise the Roof free spins with expanding wilds. The reviewer finds it an acquired taste with modest win potential, appealing mostly to players who enjoy oddball, low-budget titles. Visually, the game has low-quality but endearing graphics and snappy animations, complemented by humorous, irreverent audio.",
Divine Lotus,6,"Divine Lotus is an Asian-themed slot inspired by Thunderkick's Pink Elephants, set in a serene sky with lotus flowers and dragons. It features a Mystery Lotus symbol that transforms into high-paying symbols and an innovative free spins round with a lotus meter for extra spins and symbol removal. The reviewer finds it a familiar yet polished rework with modern touches, appealing to both new and returning players. Visually, it boasts lush floating islands and waterfalls with calming zen-like audio, avoiding typical Asian slot clichés.",
3 Secret Cities,1,"1. 3 Secret Cities is an Aztec/South American-themed slot that combines jungle adventure with temple exploration across multiple vibrant locations.  
2. The game features a unique map progression system that enhances free spins and multipliers, plus a Temple Pick bonus and a buy feature for instant access.  
3. The reviewer finds it engaging and rewarding despite its high volatility and slow build-up, praising the adventure vibe and substantial max win potential.  
4. Richly animated reels and detailed symbols are complemented by immersive jungle sounds, creating a lively and atmospheric gaming experience.",
Safari Gold Megaways,8,"Safari Gold Megaways is a wildlife-themed Megaways slot set against an African savannah backdrop. It features cascading reels, free spins with increasing multipliers, and two bonus bet options that enhance gameplay and RTP. The reviewer finds it a standard Megaways game but praises Blueprint's unique twists and strong visual appeal. The game boasts vibrant sunset visuals, animal symbols, and a soundtrack borrowed from Blueprint’s Savanna Stampede.",
Sheriff's Gold Megaways,2,"Sheriff's Gold Megaways is a Western-themed slot set in a dusty frontier town, echoing classic Wild West vibes. It features up to 117,649 ways to win, cascading reels, random base game modifiers, and a Sheriff's Gold Cash Respins bonus with jackpots and multipliers. The reviewer finds it nearly identical to iSoftBet’s earlier Western Gold Megaways, offering solid gameplay but little innovation. The game boasts strong Western audio effects and visuals, combining twanging music, horse hooves, and a bleak frontier atmosphere.",
Ted Megaways,6,"Ted Megaways is a branded slot featuring the foul-mouthed teddy bear from the popular movie, set in a green-hued living room with a lounge jazz soundtrack. The game offers Megaways reels with cascades, Mystery Ted symbols, a Thunder Wheel for free spins, and a feature buy option, though fewer features than the original slot. The reviewer finds it a solid, entertaining game with great build quality but notes it’s leaner and less animated than its predecessor, which may disappoint some fans. Visually and audibly, the game has a simpler design with Ted delivering occasional one-liners over a smooth jazz background.",
Reel Desire,3,"Reel Desire is a disco-themed slot set in a neon-lit nightclub, evoking 70s/80s vibes with music and retro symbols.  
It features high volatility, 1,024 ways to win, Double Wilds with multipliers, full-reel wilds, and dual-mode free spins.  
The reviewer finds it a well-executed homage with massive win potential, though somewhat derivative of similar slots.  
The game offers decent visuals and a foot-tapping soundtrack, capturing disco’s energetic atmosphere without being visually outstanding.",
Savage Buffalo Spirit Megaways,7,"Savage Buffalo Spirit Megaways is a North American wilderness-themed slot featuring buffalo and other wild animals. It offers a Refilling (cascading) feature, free spins with win multipliers, and an ante bet to boost free spin chances. The reviewer finds it a simple, reliable game with above-average RTP but limited innovation and modest max win potential. Visually, it stands out subtly with quality artwork and a unique white buffalo symbol, complemented by fitting natural sounds.",
Maze Escape Megaways,2,"Maze Escape Megaways features a mythology/fantasy theme centered on King Minos and the legendary labyrinth. The game offers high volatility with unique Shifting Maze Avalanche mechanics, modifiers, and free spins with increasing multipliers. The reviewer finds it an intriguing, intricate twist on Megaways that may not suit casual players but rewards persistence. Visually, it boasts a dreamy mountain and ruins backdrop with a classical soundtrack, best appreciated on larger screens.",
Voodoo Gold,4,"Voodoo Gold is a Louisiana swamp-themed slot centered on Kane’s mystical Voodoo adventure. It features cascading reels with up to 262,144 ways to win, giant symbols, wilds, bombs, and a free drops bonus with sticky wilds. The reviewer praises its atmospheric design, compelling gameplay, and strong continuation of the Kane series but notes the bonus game triggers less frequently than in prior titles. The game’s aesthetics combine a mystical green backdrop with soulful blues guitar, enhancing its dark, steamy Voodoo ambiance.",
Golden Leprechaun Megaways,5,"Golden Leprechaun Megaways is an Irish luck-themed slot featuring the classic Megaways setup with up to 117,649 ways to win. It offers three random base game modifiers and a free spins feature with increased hit rates and an unlimited win multiplier. The reviewer finds it a solid but unremarkable addition to the Megaways lineup, lacking innovation in a crowded market. Visually, the game boasts a soothing forest setting with wooden reels, accompanied by relaxing bird chirps and a dreamy ambiance.",
Monkey Frenzy,6,"Monkey Frenzy is a city-themed slot where mischievous monkeys replace humans, competing for bananas in an urban jungle setting. The game features a 5x3 reel, 17 paylines, free spins triggered by Banana scatters, and expanding wilds during free spins, with a bonus buy option available. The reviewer finds the gameplay simple and lacking variety but considers it an improvement over the studio's previous titles. Visually, the game offers a gritty downtown vibe with classic cars, graffiti, and a funky soundtrack that enhances the immersive atmosphere.",
Bill & Coin,1,"Bill & Coin is a Relax Gaming slot featuring a duo theme with classic symbols and a simple green backdrop. It offers three distinct bonus rounds, each with regular and super versions, plus a multiplier and tumble mechanics. The reviewer praises its depth and engaging bonuses, marking it as a strong, creative comeback for Relax Gaming. The game's aesthetics are modest, with a plain design and subtle audio, focusing more on gameplay than flashy visuals.",
Books of Tao,2,"Books of Tao is an Asian-themed 'Book of' slot by Dreamtech Gaming, set on a misty mountainside with traditional Taoist symbols. The game features expanding symbols in both base and free spins, with up to three special expanding symbols triggered by rotating Yin & Yang positions. The reviewer finds it a decent but unremarkable addition to the saturated 'Book of' market, offering moderate wins and some unique twists. Visually, it is functional but not exceptional, with average audio that can be annoyingly loud during wins.",
Fire Toad,3,"Fire Toad is a vibrant slot themed around a mythical fire-bellied toad species evolving on a volcanic island. The game features a 5x4 grid with 1,024 ways to win, symbol upgrades, and free spins triggered by scatter/wild butterflies that enhance toad symbols. The reviewer finds it charming and simple, with decent win potential but somewhat repetitive gameplay and less excitement than similar titles. Bright, colorful graphics and a steamy volcanic backdrop create an engaging, lively atmosphere.",
Juicy Joker Mega Moolah,7,"Juicy Joker Mega Moolah is a classic fruit-themed slot tied to the renowned progressive Mega Moolah jackpot network. It features three types of wilds, a respin mechanic, free spins with returning wilds, and a jackpot wheel awarding four progressive jackpots. The reviewer finds the game more enjoyable than it appears, praising its smooth animations and especially the jazzy soundtrack, though non-jackpot wins are modest. Visually, it offers a clean gold and burgundy design with bright fruit symbols, complemented by an upbeat, catchy audio track that enhances the overall experience.",
Agent Destiny,4,"Agent Destiny is a 60s spy-themed slot with a noir, Silver Age comic book vibe featuring agents, villains, and gadgets. The game includes features like Mega Symbols, Linked Reels with respins, and a free spins mode with unlimited retriggers. The reviewer praises its solid Play’n GO gameplay formula, potential for big wins, and dependable math model. Visually, it combines modern and retro aesthetics with cartoon styling, supported by a fitting spy-themed atmosphere.",
House of Doom 2 The Crypt,8,"House of Doom 2 The Crypt is a doom metal-themed slot inspired by the band Candlemass, featuring a dark, cryptic atmosphere. The game offers 3 unique domains, Spirit Gates with modifiers, free spins, Crypt Spins, and expanding wilds for engaging gameplay. The reviewer sees it as a passionate, polished sequel with improved graphics and solid potential, though not a top-paying slot. Its aesthetics include dark, gothic visuals with stone pillars and metal-themed audio suited for fans of heavy music.",
The Wild Gang,7,"The Wild Gang is a gritty Western-themed slot featuring a gunslinging gang of four wild symbols. Its key features include multipliers on wilds, mystery symbols, and two distinct free spins rounds with escalating multipliers. The reviewer found the gameplay fresh and rewarding, with impressive multiplier potential leading to a max win of 10,000x the bet. Visually, it offers a dusty frontier town backdrop with a twangy Western soundtrack, evoking a Red Dead Redemption 2 vibe.",
Rise of Gods Reckoning,3,"Rise of Gods Reckoning offers a modern twist on Greek mythology, placing gods like Zeus and Hades in a contemporary city setting. The game features stacked premium symbols with increasing multipliers, a Wrath of Gods sync reels bonus, and free spins with persistent multipliers. The reviewer finds it a fun, fresh take despite some familiar mechanics and medium volatility. Visually, it boasts a polished, stylish look reminiscent of superhero TV shows, complemented by a sleek, urban atmosphere.",
Helios' Fury,7,"Helios' Fury is an Ancient Greek Sun God-themed slot set by the Aegean Sea, featuring Helios as a towering statue beside the reels. The game offers locked, walking wilds with a Wild Respins feature and a Fury Free Spins bonus that expands the grid and increases paylines. The reviewer praises its fresh theme, engaging free spins, high volatility, and potential for massive wins up to 50,000x the bet. Visually, it blends oil painting-like Mediterranean backgrounds with cartoon-style symbols and an exotic soundtrack for an immersive experience.",
Yeti Quest,7,"Yeti Quest is a snowy mountain-themed slot where players search for the mythical yeti. The game features multipliers in both base and free spins, with a free spins buy option and potential for up to 5,000x max win. The reviewer found the base game dull but enjoyed the multiplier action during free spins, calling it an okay experience overall. The visuals are cozy and icy with a friendly yeti character, complemented by fitting audio to enhance the chilly atmosphere.",
Snake's Gold Dream Drop,1,"Snake's Gold Dream Drop is a jungle-themed slot where players aim to reclaim stolen treasure from snakes, set against an exotic South/Central American backdrop. The game features progressive jackpots, wild reels activated by collecting coins, and a free spins round with persistent wild reels. The reviewer finds it visually appealing and rewarding mainly for jackpot hunters, though its base gameplay is relatively straightforward with moderate win potential. The aesthetics include lush jungle imagery, stone temple visuals, and thematic serpent sounds, enhancing the immersive atmosphere.",
Hellcatraz,3,"Hellcatraz is an 8-bit retro-themed slot inspired by Alcatraz prison, featuring a nostalgic video game vibe from the 80s and 90s. The game includes cascading reels, mystery symbols, a key collector meter, and a buyable Super Free Spins feature with high volatility modes. The reviewer praises its charm and nostalgic appeal but notes the key collection can feel slow and the mystery symbols sometimes clutter gameplay. Visually, it sports pixelated graphics reminiscent of classic Sierra games, complemented by a fitting retro audio atmosphere.",
Mega Magic Spell,0,"Mega Magic Spell features a mystical, magic-themed slot inspired by a 2007 predecessor.  
It includes jackpots that grow with play, Coin awards, Collection symbols, free spins with special multipliers, and a buy feature.  
The reviewer found it underwhelming and low-key, with a slow jackpot buildup and unexciting gameplay.  
Visually, it is atmospheric but suffers from a blurry bonus round background and average aesthetics overall.",
The Vault,5,"The Vault is a jewel heist-themed slot featuring a burglar named Jewel targeting a high-tech Parisian vault. It includes two types of wilds, a free spins bonus with increasing multipliers, and a respin feature locking bonus symbols. The reviewer finds it a well-crafted, original game with strong volatility and a rewarding bonus round. Visually, it offers a modern, video game-style ""Paris Noir"" aesthetic with cinematic animations and a dark, laser-filled backdrop.",
Cherry Bomber,5,"Cherry Bomber is a tropical-themed slot featuring fruity symbols and island vibes.  
Its key features include levelling Slingshot devices that fire wilds and multipliers, free spins with upgradeable wild multipliers, and a feature buy option.  
The reviewer finds it charming and mechanically solid, praising the wild multiplier dynamics despite some polarizing cute audio effects.  
The game boasts relaxing beach visuals with palm trees and soothing tropical island music featuring ukuleles and steel drums.",
Plataea,7,"Plataea is a Greek-themed slot by WMS, revamping their old Hearts of Venice game with an ancient battlefield setting. It features 50 fixed paylines, Shield Mystery symbols, Hot Hot Super Respin Mode, and free spins with added wilds and shields. The reviewer finds it a slight improvement but still slow-paced with outdated graphics and modest rewards, limiting its appeal. Visually, it offers a temple-by-the-sea backdrop with decent graphics, though some elements like a persistent flame feel out of place.",
Le Kaffee Bar,4,"Le Kaffee Bar is a coffee shop-themed slot with a classic 5-reel, 243-ways-to-win setup. Its features include a Wild Spin Again mechanic and a scatter collection system unlocking free spins with increasing multipliers. The reviewer finds it low in volatility and excitement, offering moderate winning potential but an overall generic experience. Visually, it sports simple symbols like card suits and coffee-related icons, with unremarkable design and audio.",
Piggy Bank Megaways,4,"Piggy Bank Megaways features a classic piggy bank theme with bright pink trim and coin motifs.  
It offers Megaways mechanics with cascading wins, random Max Megaways and Bonus Add features, plus Piggy Rich Cash Respins with multipliers.  
The reviewer finds it a decent, professionally designed game but notes its lack of originality and modest top prize.  
The game’s aesthetics are upbeat with a standout 60s/70s rock organ soundtrack complementing the vibrant visuals.",
Misery Mining,8,"Misery Mining is a dark humor-themed slot set in a subterranean mining world featuring a gruff dwarven character. The game includes dynamic expanding reels, xBomb wild multipliers, collapsing mines, and two distinct free spins modes with various enhancer symbols. The reviewer praises it as a strong follow-up to Fire in the Hole xBomb, offering exciting and hearty gameplay without sequel fatigue. The aesthetics combine heavy, plodding soundtrack with high-quality graphics, creating an immersive underground mining atmosphere.",
5 Rabbits Megaways,1,"5 Rabbits Megaways is an Asian-themed slot featuring cultural motifs and a traditional aesthetic centered around rabbits. It offers up to 117,649 ways to win, wild multipliers, a tumble feature, and seven customizable free spin options with varying multipliers. The reviewer finds it a competent but uninspired reskin of 5 Lions Megaways, lacking excitement and with modest winning potential. Visually, it boasts gold trims and classic animal symbols, evoking an elegant, hotel-lobby vibe, accompanied by Pragmatic Play’s polished audio-visual style.",
Gold Rush Frenzy Megaways,7,"Gold Rush Frenzy Megaways takes players on a mining-themed adventure deep underground with prospectors and gold carts. The game features a 6-reel Megaways setup with cascading wins, a Miners Trail multiplier system, free spins, Nitro Spins, Fortune Maker, and Super Spinner bonuses. The reviewer found the slot to be an average effort, criticizing its generic theme and repetitive features despite the abundance of extras. Visually, the game presents a rocky underground scene with gold nuggets and a blue-overalled prospector, but overall the aesthetics and audio failed to impress.",
Milk The Cow,8,"Milk The Cow is a farming-themed slot set on a cheerful Swedish farm focused on milk production. It features a unique hold 'n' win bonus game with upgradable cows, premium fields, and multiple feature buy options. The reviewer finds it an original and entertaining twist on hold 'n' win slots, despite its somewhat complex mechanics and average RTP. The game boasts vibrant farm visuals with rolling hills, barns, and playful audio that enhance its optimistic rural atmosphere.",
Bouncy Bombs,0,"Bouncy Bombs is a scatter-paying slot featuring a whimsical candy and jelly mushroom theme set in a dreamy blue and pink world. Its gameplay includes cascades, multiplier bombs with varying effects, free spins, and multiple bonus buy options. The reviewer finds it a medium-volatility, somewhat challenging slot that innovates on familiar mechanics but can feel slow in the base game. The game boasts cute, colorful visuals and adorable characters, complemented by a playful, lighthearted atmosphere.",
Lara Croft Temples and Tombs,3,"Lara Croft Temples and Tombs is an adventure-themed slot set in a grand Mayan temple, continuing the iconic franchise. The game features 5 reels, 243 ways to win, Rolling Reels with multipliers, free spins up to 80 rounds, and a jackpot system with Minor, Major, and Grand prizes. The reviewer praises its solid gameplay, strong visuals, and engaging features, calling it Triple Edge Studios' best work yet. Visually rich with detailed stone block symbols and immersive temple ambiance, the game offers compelling aesthetics and thematic audio.",
Untamed Wilds,3,"Untamed Wilds is an Arctic-themed slot featuring wildlife and northern lights, drawing inspiration from Yggdrasil's classic Seasons game. It offers three dynamic game modes—Bear, Moose, and Wolf—each with unique wild modifiers and includes a free spins round with up to 60 spins. The reviewer finds it a well-balanced, medium variance game ideal for casual players seeking engaging entertainment rather than huge jackpots. Visually, the game impresses with striking natural landscapes and immersive aurora borealis effects, complemented by fitting audio.",
Gong Hei Gong He,7,"Gong Hei Gong Hei is a 5-reel, 25-payline slot themed around ancient China, serving as a visual reskin of the Eye of Horus game. Its main feature is a free spins round where Caishen Wilds upgrade symbols and grant extra spins. The reviewer finds it a simple clone with no gameplay advantage but worth trying for fans of classic slots. The game features temple and dragon visuals with traditional Chinese symbols, accompanied by fitting audio to match the theme.",
Crusader,2,"Crusader is a niche historical slot themed around the 1291 battle of Acre during the Crusades. It features expanding reels, nudging wilds, and a free spins bonus with locked wilds and reel expansion. The reviewer finds the game somewhat slow and underpowered, with modest excitement and capped potential. The aesthetics use sombre red and dark tones depicting a fortress at night, with decent but not standout graphics.",
Buffalo King,1,"Buffalo King is a wildlife-themed slot set in the rugged North American prairies, starring the iconic buffalo and other animals. It features 6 reels, 4,096 ways to win, and a high-volatility free spins round with multipliers up to 3,125x. The reviewer finds it thrilling but risky, with massive win potential balanced by frequent dry spells. The game offers classic western desert visuals and a rousing soundtrack reminiscent of Bonanza and Dr Quinn Medicine Woman.",
Playboy Gold Jackpots,6,"Playboy Gold Jackpots is themed around the iconic Playboy brand, featuring recognizable playmates and a luxurious adult vibe. The game offers features like Jumbo Block stacked symbols, a Wheel Bonus with fixed jackpots, and a Free Spins round with enhanced jumbo blocks. The reviewer finds the game generic, lacking innovation and thrill, with awkward layout and mediocre potential. Visually polished for its target audience, it presents a sleek look with fitting audio but fails to excite hardcore players.",
Wanted Outlaws Nobleways,3,"1. Wanted Outlaws Nobleways is a Western-themed slot set in a frontier town, featuring classic cowboy motifs and a relaxed vibe.  
2. The game offers 3,125 Nobleways to win, a free spins bonus triggered by sheriff badge scatters, wild substitutions, and bounty multipliers on wanted posters.  
3. The reviewer finds it a pleasant but generic slot with a slow base game and moderate win potential, best suited for casual play rather than excitement.  
4. A homely Western atmosphere is created through weathered wooden buildings and a plodding cowboy soundtrack, delivering a familiar but unremarkable sensory experience.",
Scrooge Megaways,7,"Scrooge Megaways is a Victorian Christmas-themed slot featuring the classic Ebenezer Scrooge character, set in a snowy London street. The game includes cascading wins, Scrooge Cash Respins, Haunting of Christmas modifiers, and a bonus buy option. The reviewer finds it predictable and a clone of Western Gold Megaways but appreciates its festive charm and solid potential. Visually, it boasts warm, snowy scenery with enchanting music and Scrooge’s occasional commentary enhancing the cozy holiday atmosphere.",
Fruit Flash,4,"Fruit Flash is a classic fruit-themed slot with a funky, jazzy club vibe. Its main features include a Win Frame collecting winning symbols, a Prize Ladder offering up to 2,500x stake, respins, and free spins with doubled prizes. The reviewer finds it moderately charming but visually and sonically generic, with gameplay that may feel repetitive. The aesthetics are faux-retro with rhythmic tunes and a simple light show, creating a familiar but uninspired atmosphere.",
Street Magic,0,"Street Magic is a magician-themed 5-reel slot with a retro, somewhat outdated visual style. Key features include the Magician Performance with random wild enhancements and sticky wilds during free spins, offering medium volatility gameplay. The reviewer finds it unexciting visually but praises its strong mathematical design and potential for big wins. The game has a static pink backdrop and an eerie sound loop that adds atmosphere despite the lackluster graphics.",
PiggyPop,4,"1. PiggyPop features a bank-themed slot with anthropomorphic pigs amid overflowing cash, part of AvatarUX’s PopWins series.  
2. The game uses the PopWins mechanic on a 6-row, 4-reel grid, expanding ways to win up to 524,288 in free spins, with no wilds or scatters.  
3. The reviewer sees PiggyPop as a solid, familiar PopWins entry with a mainstream theme that appeals broadly but lacks innovative features.  
4. Its aesthetics are jazzy and shiny with bright, chromed visuals and pig characters, offering a polished and entertaining audio-visual experience.",
Desperate Dawgs 2 Gigablox,7,"Desperate Dawgs 2 Gigablox is a Western-themed slot featuring three canine characters armed with the Gigablox mechanic. It offers three unique bonus rounds triggered by scatter symbols and a game board that can expand up to 6x8 with 100 paylines. The reviewer finds it a notable improvement over its predecessor, with more depth and a modernized UI, though not groundbreaking. The game sports a cute, cuddly art style with a cleaner, updated interface and fitting Western audio elements.",
Funky Buddha,1,"Funky Buddha is a slot game themed around a groovy, poolside summer vibe with a playful take on Buddha. It features a 5x3 reel setup with 10 paylines, Cash Collect symbols, and free spins that unlock multipliers and jackpots. The reviewer found it a fun but familiar cash collector-style game, essentially a reskin of Blueprint Gaming’s earlier release. Visually, it offers a relaxing seaside aesthetic paired with loungey, trance-inspired music enhancing the chill atmosphere.",
Star Clusters Megaclusters,1,"Star Clusters Megaclusters is a cosmic-themed slot featuring jewel clusters and a space warp backdrop. It introduces the innovative Megaclusters mechanic where winning clusters split into smaller symbols, plus a lucrative free spins round on an expanding grid with multiplier wilds. The reviewer praises its unique gameplay and balanced volatility, noting it grows on players despite a minimalist style. The game boasts retro-futuristic visuals and a synth-heavy audio soundtrack with nostalgic gaming references, creating an immersive sensory experience.",
Clover Fortunes,3,"Clover Fortunes offers a fresh Irish-themed slot experience featuring magical fairies instead of typical leprechauns. The game boasts numerous features including the Fortune Wheel, Clover Collection prize ladder, respins, free spins with gamble options, and feature buys. The reviewer praises its player-centric design and rich betting opportunities, despite a standard RTP and high volatility. Visually, it impresses with a vibrant Emerald Island forest backdrop, rainbow lighting, and twinkling fireflies enhancing its mystical atmosphere.",
Stolen Treasures,1,"Stolen Treasures is a museum-themed slot featuring a collection of ancient artefacts with a subtle nod to cultural controversies. The game offers a straightforward Hold & Win feature where treasure boxes trigger respins and prize doubling. The reviewer finds the base game plain and the bonus round simple but acknowledges the potential for big wins up to 10,428.4x the bet. The slot impresses with tasteful visuals and classical music inspired by Beethoven’s Ninth Symphony, creating a refined atmosphere.",
Hound Hotel,3,"Hound Hotel is a canine-themed slot set in a luxurious dog-staffed hotel, inspired by classic dog portraits. Key features include Dashing Wilds, a free spins bonus with multipliers, and five special wild modifiers revealed through a door-picking bonus. The reviewer praises its balanced math model, steady wins, and engaging bonus, calling it a charming and fun game despite a slightly dated look. Aesthetically, it offers classy visuals with subtle café hums in the base game and jazzy tunes during bonuses.",
Hola Frutas,1,"Hola Frutas is a tropical beach-themed fruit slot from Stakelogic, set on a 6x6 grid with a relaxing island vibe. The game features scatter pays, cascading wins, waves that clear symbols, multiplier symbols with Super Stake, and sticky frozen symbols during free spins. The reviewer finds it a pleasant and engaging scatter pay slot with interesting mechanics, especially enjoying the synergy between frozen symbols and multipliers. Visually, it offers a colorful, sunny beach atmosphere with soothing background sounds transitioning from daytime to sunset scenes.",
Juicy Fruits,2,"Juicy Fruits is a classic fruit-themed slot set inside a vibrant cocktail glass, inspired by Push Gaming's Fat Rabbit. It features a 5x5 grid with 50 paylines, an Ante Bet option, and a free spins round where collecting scatter diamonds upgrades a roaming wild symbol from 1x1 up to 5x5. The reviewer finds the game volatile and challenging, with entertaining free spins if the wild grows large, but overall lacking originality. A soothing, underwater-inspired soundtrack and bright, bubbly visuals create a pleasant yet generic atmosphere.",
Emberfall,4,"Emberfall is a fiery, lava-themed fantasy slot set in a dangerous, dragon-filled world inspired by Norse battle motifs.  
It features scatter pays, Avalanche wins, a progressive doubling win multiplier up to x65,536, Giant symbols, free and super free spins, and a Fast Track bonus buy menu.  
The reviewer sees Emberfall as a powerful, high-volatility slot that combines familiar features in a brutal, entertaining way with potential for big wins.  
Its aesthetics showcase a gloomy, volcanic landscape with epic fantasy elements, complemented by a sweeping, dramatic musical score.",
Office Party,5,"Office Party is a wild, irreverent slot themed around chaotic office parties and workplace antics. It features multiple wild types, a unique piñata-severance bonus with weapon hits, cascade mechanics, and optional modes like Gimp Mode and bonus buys. The reviewer praises its bold humor and originality, though notes it may feel rough compared to more polished titles, offering a max win potential of 20,000x. The game sports funky 80s/90s-inspired audio and quirky office visuals, including a swinging boss piñata and lively decorations.",
Frank's Farm,3,"Frank's Farm is a charming slot themed around a sloth-run farm with cheerful animals and a feel-good farming vibe. The game features scatter pays, Market Multipliers, and two engaging bonus rounds: Order Rush and Diner Dash, plus a bonus buy option. The reviewer finds it enjoyable with medium volatility, praising Order Rush while noting Diner Dash's elusive symbols, making it suitable for players seeking a relaxed yet rewarding experience. Visually, it offers friendly, chipper graphics with jaunty tunes, creating a lighthearted and inviting atmosphere.",
Peaky Pigs,4,"Peaky Pigs is a playful gangster-themed slot featuring anthropomorphic pig characters battling for street dominance. The game offers multiplier wilds, a Piggy Pots Bonus, and free spins with sticky multiplier wilds, including a buy feature. The reviewer finds it entertaining and comparable to Snowborn’s previous Cat Clans slot, with solid features and a max win of 20,000x the bet. The aesthetics depict a dimly lit, gritty city street with a fun, cartoonish style and fitting audio enhancing the gangster vibe.",
Midnight Marauder,6,"Midnight Marauder is a night-time gem theft-themed slot featuring a cartoonish, playful burglar. It offers a Collect & Multiplier feature with cluster wins, respins, and free spins, plus a buy feature for free spins. The reviewer found the gameplay engaging once the multiplier mechanics clicked, praising its high win potential despite a plain base game. The aesthetics are simple with drab reels, but the charming burglar and lively soundtrack add lightheartedness.",
Annihilator,2,"Annihilator is a heavy metal-themed slot inspired by the Canadian thrash metal band of the same name. It features 5 reels, 10 paylines, a pick bonus, expanding wilds, and a free spins round with moving wilds. The reviewer finds it a restrained, average game with decent potential but less impact than its predecessor, Testament. The game's dark, spooky visuals and blood-splattered symbols complement the eerie atmosphere, enhanced by a full band playlist for fans.",
888 Bonanza,4,"888 Bonanza is an Asian-themed slot centered on Chinese prosperity symbols and cultural motifs. Key features include a pick-me Jackpot Bonus Game with four prizes and free spins that remove low-paying symbols. The reviewer sees it as a faithful, though familiar, remake of Caishen's Gold, appealing strongly to fans of traditional Asian slots. Visually, it offers a purply red backdrop with gold lanterns and thematic designs, complemented by a gentle, flowing soundtrack.",
Fire Stampede,4,"Fire Stampede is a flaming bison-themed slot set against North American prairies, featuring a Connect & Collect mechanic. Key features include 6 reels with special prize symbols, respins, free spins, and random grand awards up to 4,000x the bet. The reviewer found the game largely unoriginal, with recycled features from Firebird Spirit and a common buffalo theme diminishing its appeal. Visually, the game showcases fiery buffalo imagery with rocky desert backdrops, maintaining a rugged, intense audio-visual atmosphere.",
1001 Mystery Genie Fortunes,8,"1001 Mystery Genie Fortunes offers a playful genie-themed slot set in a vibrant seaside environment, shifting from the traditional exotic Arabian Nights vibe.  
The game features Mystery symbols that reveal Wilds, multipliers, Magic Lamp Expanding Wilds with respins, Mystery Chests with instant prizes, and free spins with retriggers.  
The reviewer finds the slot visually appealing and energetic but criticizes its low winning potential and light gameplay depth, calling it less impressive than its predecessor.  
Aesthetics include shimmering beach and waterfall scenes with a lively Arabic-inspired soundtrack, creating a fun but less mysterious atmosphere.",
Reel ‘Em In A Bit Fishy,3,"Reel 'Em In A Bit Fishy is a fishing-themed slot by Light & Wonder, echoing classic angling slots with a casual, laid-back vibe. Key features include a 6-reel layout with 729 ways to win, a unique Horizontal Reel of Fish with multipliers, free spins with wild conversions, and a buy pass option. The reviewer finds the gameplay engaging but notes the visuals are basic and may divide players, while the audio is upbeat and lively. Overall, it offers fun for fans of old-school fishing slots despite its simple, 1990s-style graphics.",
Royal Family,2,"Royal Family is a medieval-themed video slot inspired heavily by Vikings Go Berzerk. It features 12 collectible prizes that activate special bonuses and free spins with sticky wilds. The reviewer found the game unfinished, glitchy, and lacking originality or innovation. The aesthetics include a medieval soundtrack reminiscent of Rule Britannia, but overall the experience is marred by technical issues.",
Folsom Prison,6,"Folsom Prison is a gritty slot themed around the historic California prison, infused with bluesy rock vibes inspired by Johnny Cash. The game features expanding reels, xWays, xSplits, wilds, and multiplier-enhancing cockroaches that unlock positions and boost wins. The reviewer praises its heavy atmosphere and dynamic gameplay, highlighting its high volatility and potential for massive payouts up to 75,000x the bet. Visually, the game uses a sepia-toned palette and bleak design to evoke a grim prison setting, complemented by a punk-infused audio backdrop.",
Ninja Ways,6,"Ninja Ways is a martial arts-themed slot set in Japan with a 6-reel, 4,096 ways to win format. It features random base game modifiers like multiplier wilds, mega symbols, and matching symbol trails, plus a free spins round with all modifiers active. The reviewer praises it as one of Red Tiger's best, highlighting smooth gameplay, frequent exciting features, and high volatility with up to 10,000x max wins. Visually, it boasts a beautifully designed temple backdrop with pink and blue night skies and elegant, cartoonish Japanese-style symbols.",
Money Mariachi Infinity Reels,4,"Money Mariachi Infinity Reels is a vibrant Mexican Day of the Dead-themed slot featuring colorful symbols and festive mariachi music. It integrates the Infinity Reels mechanic with multiplier wins, Level Up Respins, and a lucrative Infinity Bonus. The reviewer praises its polished gameplay, engaging features, and lively atmosphere, marking it as a standout in its genre. Visually gleaming with slick animations, the game is enhanced by a spirited mariachi soundtrack and dramatic musical cues like Wagner’s Ride of the Valkyries.",
Toro Shogun,4,"Toro Shogun transports players to Japan with the beloved bull Toro and Matador duo in an Eastern-themed slot adventure. It features grid expansion up to 10 rows, Both Ways pays, Walking Wilds, Matador Respins, Shogun Mode, bonus games, and an X-iter buy option. The reviewer praises its clever design, entertaining gameplay, and originality, recommending it especially to fans of the Toro series. The game boasts charming cartoonish visuals with soaring mountains and a delicate Eastern-inspired soundtrack, delivering a polished audio-visual experience.",
Hotline,8,"Hotline is a Miami Vice-inspired slot capturing 80's action and nostalgia with a videogame style. It features expanding Wilds on selectable Hotlines, Re-Spins, and a Bonus Bet to activate multiple Hotlines for bigger chances. The reviewer finds it visually impressive but with modest win potential and somewhat repetitive gameplay. The game boasts sleek graphics, dynamic clips, and an energetic 80's soundtrack enhancing the immersive experience.",
Beam Boys,0,"Beam Boys is a monochrome-themed online slot featuring laser-eyed cats in a futuristic, black-and-white world with blue and orange accents. The game offers a volatility switch between Normal and Extreme, wild laser cats that spread wilds across rows, free spins with increasing wild chances, and four feature buy options. The reviewer found Beam Boys lacking warmth and charm compared to other Hacksaw Gaming slots, describing it as cold and less engaging despite solid mechanics. Visually, it uses a stark black-and-white palette with metallic cyborg cats and a minimalistic audio-visual style that feels detached.",
Hell's Hogs,7,"Hell's Hogs is a motorcycle-themed slot featuring three biker pigs cruising across post-WW2 USA highways. It offers three bonus rounds—Piggy in the Middle, Biker Bash free spins with increasing multipliers, and Wild Ride with roaming super wilds—plus random Mystery Chop Shop symbols. The reviewer sees it as an improvement for Reflex Gaming but criticizes its unoriginal features, inconsistent max win claims, and lackluster math model. The game boasts decent desert visuals and an evocative, rootin' tootin' soundtrack that enhances the riding atmosphere.",
Elven Gold,5,"Elven Gold features an enchanted elf-themed slot set in a mystical woodland realm, diverging from Just For The Win's usual Gold series themes. The game offers 40 paylines, high volatility, a scatter collection mechanic with lucrative cash prizes, free spins with resettable counters, and an optional bonus buy for immediate feature access. The reviewer praises its strong RTP, frequent wins, and substantial max scatter payouts, deeming it one of the better entries in the Gold series despite familiar gameplay. Visually, it showcases detailed elven symbols and a subtle forest backdrop, complemented by thematic audio that enhances the magical atmosphere.",
Cleocatra,5,"Cleocatra is an Ancient Egyptian-themed slot starring charming cats as central characters, blending humor with traditional Egyptian motifs. It features 40 fixed paylines, wild multipliers, a Respin feature, and free spins with sticky wilds, offering a volatile gameplay experience. The reviewer finds it entertaining with high production values but notes it feels somewhat derivative of other Egyptian slots. Visually, it combines typical desert and pyramid imagery with playful cat animations, set to sultry background music.",
Rabbit Fields,0,"Rabbit Fields is a farm-themed slot featuring cheerful bunnies amidst barns, windmills, and sunny fields. The game includes Carrot Wilds that spread down reels, indefinite free spins with increasing multipliers, and a bonus pick-me feature with prizes up to 5,000x the bet. The reviewer finds it a safe, familiar release recycling previous features without much innovation, appealing mainly to existing fans. Visually, it presents bright, sunny farm aesthetics with a straightforward, upbeat design matching the genre’s typical style.",
Queen of Alexandria WOWPOT!,6,"Queen of Alexandria WOWPOT! is an Ancient Egypt-themed slot inspired by NetEnt’s Starburst, featuring a classic Giza backdrop. It offers a 5-reel, 10-payline setup with expanding wilds, respins, bidirectional pays, and four progressive jackpots including a multi-million WOWPOT! The reviewer finds it unoriginal but appealing to jackpot seekers due to its massive prizes and familiar, fluid gameplay. The game has bright, flashy visuals with standard Arabic-inspired audio, creating a somewhat generic yet glitzy cabinet-style atmosphere.",
The Green Knight,1,"The Green Knight is an Arthurian-themed slot inspired by the tale of Sir Gawain and the mysterious Green Knight. It features 5 reels, 20 paylines, progressive wild multipliers up to 100x, free spins with escalating multipliers, and a Shield Spins bonus locking multipliers in place. The reviewer praises its potential for massive wins and engaging bonus features, despite a sometimes slow base game. The game showcases eerie green woods and ruined buildings with mystical visuals and a fitting atmospheric audio backdrop.",
Bruce Lee,8,"Bruce Lee slot celebrates the legendary martial artist with a theme centered on his iconic poses and Chinese martial arts symbolism. The game features a unique 5-reel layout with staggered rows, 60 adjustable paylines, a high-paying wild, and a versatile free spins round triggered in three distinct ways. The reviewer praises its inventive features and engaging gameplay, calling it a true classic from WMS. Visually, it offers appealing retro-style graphics with a red background and traditional Chinese elements, complemented by thematic symbols and fitting audio.",
Piggy Bankers,1,"Piggy Bankers is a piggy-themed slot by Pragmatic Play centered on wealth and banking satire. It features a unique Banknote Reel with multipliers, moving full-reel wilds triggering respins, and free spins with multiplier mechanics. The reviewer finds it an innovative yet conventional slot with engaging gameplay but notes big wins rely on rare multipliers. The game boasts polished visuals of opulent interiors and a fitting audio backdrop, making it visually and sonically appealing.",
Fortune Llama,6,"Fortune Llama features a bold, neon-lit party theme centered around a flashy llama and its animal friends.  
The game offers a 4,096-ways-to-win setup with features like the Fortune Meter multiplier, Wild Wild feature, Big Spin, and free spins.  
The reviewer finds it a unique blend of familiar Fantasma mechanics with a brash style, rewarding both long-term and short-term play.  
Visually, the slot is vibrant and colorful with heavy purples, yellows, pastel blues, palm trees, and a lively city backdrop, matched by an energetic atmosphere.",
Dragon King Legend of the Seas,4,"Dragon King Legend of the Seas is an Asian-themed slot featuring a seafood restaurant vibe centered on crabs. The game offers 10 paylines, high volatility, and a free spins bonus with moving Dragon Wilds and multipliers. The reviewer finds the base game dull but praises the entertaining free spins round with strong win potential. Aesthetically, it is visually attractive yet generic, with decent but uninspired graphics and audio.",
Big Bass Halloween 2,0,"Big Bass Halloween 2 is a Halloween-themed fishing slot that re-skins Big Bass Splash with spooky visuals and a chainsaw-wielding fisherman. The game features free spins with collectible Money symbols, wild fisherman symbols, multipliers, and random reel modifiers enhancing bonus rounds. The reviewer finds it delivers familiar gameplay with solid payout potential but lacks originality, feeling like a repetitive addition to the Big Bass series. Visually, the game sports a yellow-hued underwater grid with stitched royal symbols and eerie audio, creating a suitably creepy atmosphere.",
5 Monsters,0,"5 Monsters is a space-themed slot featuring cute alien creatures aboard a spaceship setting. The game includes progression levels, a collection bonus with monster-activated features, and a bonus buy option for quicker access. The reviewer praises its originality and high volatility, noting it rewards patience or investment with thrilling hold & win potential up to 55,555x the bet. Visually, it combines a sci-fi interior with cosmic views, complemented by engaging audio enhancing the immersive space adventure.",
Fortress Charge,1,"Fortress Charge is a fantasy-themed slot featuring heroes, villains, and castle battles in a unique 6-reel, 3-row structure. The game centers on heroes moving across the grid, defeating villains with accessories, and aiming for fortress prizes without traditional wilds or free spins. The reviewer finds it an unusual, high-volatility slot with potential for big wins but notes it requires patience due to infrequent payouts. Its side-scrolling video game style pairs detailed fantasy visuals with fitting atmospheric audio, enhancing the adventurous experience.",
Viking Wilds,2,"Viking Wilds is a Norse-themed slot featuring a winged Valkyrie and Viking Berzerker amid snowy landscapes.  
It offers cascading reels, sticky and expanding wilds, plus a Valhalla free spins bonus with increasing multipliers and expanding ways to win.  
The reviewer finds it solid and playable with a 96% RTP and decent max win, but considers it unremarkable and visually plain.  
The game sports a wintry backdrop with Viking symbols and runs smoothly, though its audio and design lack standout qualities.",
Majestic Express Gold Run,8,"Majestic Express Gold Run is a mining and railway-themed slot set in a sparkling canyon, evoking the spirit of frontier railroads. It features a Money Symbol Collection mechanic with multipliers, train animations, free spins, and a bonus buy option. The reviewer finds the game upbeat and engaging with sizable win potential, though notes the theme and free spins lack originality. The visuals are bright with sparkling gold miner graphics, complemented by lively, energetic background music.",
Diamond Staxx Multipays,7,"Diamond Staxx Multipays offers a retro-futuristic 1980s theme blending old-school and avant-garde elements.  
Its main feature is the Multipays mechanic, awarding incremental payouts for 3-, 4-, and 5-of-a-kind wins on fixed paylines, without bonus rounds or wilds.  
The reviewer finds the game simplistic and somewhat incomplete, with nostalgic appeal but limited lasting engagement.  
Visually, it features chunky gem symbols and a mesmerizing Tron-like purple wireframe background, evoking an ‘80s sci-fi vibe.",
Lucky Fridays,8,"Lucky Fridays by Red Tiger centers on the monotony of the workweek with a transition to a lively Party Time mode on Fridays. The game features a digital clock advancing spins through the week, unlocking enhanced symbol values and three random modifiers during Party Time. The review finds the gameplay somewhat tedious during weekday spins, with only brief, sometimes underwhelming, bursts of excitement on Fridays. Visually, it portrays a realistic office setting that shifts to a festive party scene, complementing the theme with custom symbols and thematic audio.",
Fishin Frenzy Big Catch Megaways,1,"Fishin' Frenzy Big Catch Megaways combines classic fishing-themed gameplay with the popular Megaways mechanic. Key features include up to 15,625 ways to win, free spins with wild fisherman symbols, and a Big Catch meter that removes low-value fish for bigger wins. The reviewer finds the game a familiar yet slightly overused blend of previous titles, appealing mostly to fans of the fishing genre. The aesthetics retain the cheerful, underwater blue grid and simple visuals reminiscent of the original, with straightforward audio supporting the theme.",
Perfect Potions Megaways,7,"Perfect Potions Megaways is a witchy-themed slot centered around magical potions and wealth creation.  
It features cascading reels, potion modifiers that expand reels or turn symbols wild, free spins with locked reel expansions, and a buy pass option.  
The reviewer praises its streamlined gameplay, high volatility, and massive potential wins up to 72,000x, despite minor design flaws.  
Visually, it boasts high-definition, playful graphics with swirling steam effects and a warm, magical atmosphere complemented by fitting audio.",
Rooster Mobs,7,"Rooster Mobs is a gangster-themed slot featuring roosters as mobsters in a crime syndicate setting. The game includes nudging full reel wilds with modifiers, free spins with multipliers, respins, symbol splits, money collections, and feature buys. The reviewer finds it a somewhat unique and creative take on crime slots with solid winning potential up to 10,000x the bet. Its aesthetics blend smoky mobster offices with a high-energy, percussive soundtrack reminiscent of stylish heist films.",
Midas Coins,4,"Midas Coins is an Ancient Greek-themed slot centered on the King Midas legend, turning symbols into gold for big wins. It features coin collection in both base and free spins, with a unique stacking multiplier and a free spins bonus triggered by Satyr scatters. The reviewer praises its engaging gameplay and improved features over similar slots, noting decent winning potential for casual players. The game boasts elegant brushstroke visuals of ancient Greece and an evocative Mediterranean soundtrack that enhances the immersive experience.",
Jungle Spirit Megaways,0,"Jungle Spirit Megaways revisits the classic jungle adventure theme with vibrant flora and majestic animals in a Megaways format. The game features expanding symbols, butterfly boosts, free spins with risk-level choices, and a bonus buy option, but lacks wilds. The reviewer finds it an enjoyable yet underwhelming remake that doesn’t fully capitalize on Megaways potential or innovate much beyond the original. Visually and aurally, it retains the intricate, immersive jungle aesthetics and soundtrack from its predecessor with minimal changes.",
Wild West Gold Blazing Bounty,3,"Wild West Gold Blazing Bounty transports players to a classic Wild West setting, shifting from dusty towns to isolated canyons.  
The game features cluster pays on a 5x5 grid, wild multipliers, sticky wilds in free spins, and bonus buy options.  
The reviewer finds it a solid, entertaining evolution of the series with a balanced mix of familiar and new elements, though free spins are rare.  
Aesthetically, it maintains traditional Western visuals and sounds, offering a comfortable, recognizable frontier gaming experience.",
Ecuador Gold,1,"Ecuador Gold is an adventure-themed slot by ELK Studios, inspired by El Dorado and featuring a treasure-seeking quest. It offers Avalanche mechanics, expanding paylines up to 262,144 ways to win, Ghosting Wilds, and a free spins feature with persistent expanded paylines. The reviewer praises its smooth gameplay, impressive visuals, and solid win potential, calling it one of ELK's best recent releases. The game boasts detailed stone-carved symbols and immersive audio, enhancing the treasure chamber atmosphere.",
Merlins Alchemy,2,"Merlin's Alchemy is a scatter-paying slot themed around the alchemical magic of the wizard Merlin, blending Arthurian legend with Victorian aesthetics. The game features mystery symbols, sticky wilds, a persistent global multiplier during free spins, and multiple bonus buy options. The reviewer finds it a solid, enjoyable slot with good winning potential (up to 10,000x), though not highly distinctive in a crowded market. The game offers eerie ambient sounds and Victorian-inspired visuals, creating a mysterious and immersive atmosphere.",
Wild Stocking,3,"Wild Stocking is a festive Christmas-themed slot by Stakelogic featuring classic holiday symbols like Santa, reindeer, and snowmen. The game includes expanding wilds with multipliers, a pick and click bonus, free spins, a gamble feature, and an optional bonus buy. The reviewer finds it a charming, feel-good slot with balanced gameplay and reliable features, though not highly innovative. Visually, it offers a cozy, candy-cane aesthetic with cheerful, seasonal audio that enhances the warm holiday atmosphere.",
Pork Knox,6,"Pork Knox is a pig-themed slot set around the Fort Knox gold reserve, blending a bank heist vibe with porcine charm. It features three jackpots via the Cash Stacker bonus, free spins with multipliers, mystery symbols, and instant cash prizes. The reviewer finds it a solid, moderately volatile game with a modest but attainable Mega Jackpot and engaging features. Visually, it has a business-like, subdued aesthetic with a lively feel during bonus rounds, though less vibrant than its Vegas-themed predecessor.",
Motörhead,0,"Motörhead slot celebrates the legendary British rock band with a hard rock theme and a unique 5-reel, 3-3-4-4-5 row setup. It features Mystery Reels, a Bomber Feature, and free spins with Mystery Symbols and Wilds to boost wins. The reviewer finds the game visually lush and sonically powerful but feels it lacks the full intensity expected, offering moderate win potential. The aesthetics include atmospheric concert visuals and a booming soundtrack with Lemmy's voice, enhancing the rock experience.",
Phantasmic Fortunes,5,"Phantasmic Fortunes is a mysterious, magic-themed slot featuring Victorian-style mysticism and eerie elements. It showcases iSoftBet's Xpanding Ways mechanic with expanding reels, wild modifiers, and free spins triggered by Orbs and scatters. The reviewer found the game entertaining initially but slow-paced with frequent dry spells, making it a moderate experience overall. The aesthetic includes skulls, candles, heavy curtains, and an enigmatic string-led soundtrack, enhancing the mystical atmosphere.",
Reel Big Fish,4,"Reel Big Fish is a straightforward fishing-themed slot featuring a 5x3 see-through reelset with fish and boat visuals. Key features include money symbol collects, free spins with reel level multipliers, and a bonus buy option offering varied free spin triggers. The reviewer finds it a decent but unremarkable addition to the genre, lacking storytelling and big win potential. The game boasts subtle animations like bobbing waves and bubbles, reinforcing its aquatic atmosphere.",
Spicy Meatballs Megaways,5,"Spicy Meatballs Megaways is a culinary-themed slot featuring chef José and a lively kitchen setting. It offers Megaways mechanics with cascading wins, multipliers on wild meatballs, and a free spins bonus that enhances multipliers. The reviewer praises its well-balanced gameplay, strong win potential, and engaging features, highlighting BTG's quality polish. The game showcases vibrant kitchen visuals paired with an Italian Tarantella soundtrack and playful audio shoutouts.",
Greta Goes Wild,7,"Greta Goes Wild is an Oktoberfest-themed slot set in a lively German beer hall featuring a cheerful waitress, Greta. The game offers straightforward 5x3 grid gameplay with 10 paylines, free spins with sticky multiplier wilds, and a random bonus called the Oh Greta feature. The reviewer finds it enjoyable for fans of simple, intense slots but notes limited feature depth and a capped multiplier effect during free spins. Visually, it captures the warm, rustic beer hall atmosphere with detailed wooden decor, bubbling beverages, and festive Oompah band music.",
Megaways Respin,4,"Megaways Respin features a Las Vegas-themed slot with a light, clean vibe centered around downtown strip visuals and a robot mascot. The game introduces a unique respin feature allowing players to respin individual reels at a cost, alongside free spins with win multipliers and a bonus buy option. The reviewer finds it a competent and entertaining slot, though less thrilling and potentially costly if overusing respins, with cascades removed to focus on this new mechanic. A jazzy drummer and ambient crowd noises add lively audio, complementing the bright, polished visuals.",
Disco Diamonds,6,Disco Diamonds is a 70s disco-themed slot blending retro symbols with a modern 243-win ways system. Key features include special golden disco ball wilds triggering respins with increasing multipliers and a bonus wheel awarding cash prizes or free spins. The reviewer finds the game’s potential strong but notes base game and free spins can feel underwhelming without feature hits. A vibrant art deco nightclub setting and evolving disco soundtrack enhance the immersive experience.,
Mad Cabs,0,"Mad Cabs is a taxi-themed slot inspired by various paid transportation modes, including cabs, tuk-tuks, and limos. It features expanding symbols with the Call a Noober mechanic, free spins, and bonus buy options on a 5x4 grid with 20 paylines. The reviewer found it unique but somewhat slow-paced and less engaging than expected, with notable but limited replay value. The game offers an energetic rock and pop-punk soundtrack alongside colorful urban street visuals, creating a distinctive atmosphere.",
Money Stacks Megaways,1,"Money Stacks Megaways is a futuristic-themed slot centered around cash stacks and wealth, inspired by Elon Musk's net worth. It features a 6+4 reel Megaways grid with up to 117,649 ways to win, including Cash Collect, free spins with random wild multipliers, Money Spins, and boost pick mechanics. The reviewer finds it an improved, fuller experience over its predecessor but somewhat standard in core gameplay, with a max win of 10,000x. The game offers a high-energy audiovisual experience with flashing lights and dynamic tunes in a Tron-like setting.",
War Of Gods,4,"War of Gods pits Greek gods Zeus and Hades against each other in a mythological battle theme. The game features three bonus modes with symbol upgrades, reel expansions, and sticky high-paying symbols but no wilds or free spins. The reviewer praises its epic presentation and complex features but criticizes the low RTP (95.66%) and modest max win of 2,518x bet. Visually, the slot impresses with fiery underworld scenes, classical imagery, and a dramatic symphonic soundtrack.",
WitchyPoppins,1,"WitchyPoppins is a Halloween-themed fantasy slot featuring witches in a dim forest setting. It includes PopWins, nudges, free spins with increasing multipliers, pay anywhere symbols, and multiple bonus buy options. The reviewer finds it a solid, entertaining reskin of PixiePop, offering engaging free spins and up to 20,000x wins despite a less thrilling base game. Visually, it’s pleasantly styled with neat animations and fitting, charming music, creating a cozy Halloween vibe.",
Cash Pump,4,"Cash Pump is a high-octane, gas pump-themed slot with a retro 1950s vibe inspired by classic fruit symbols and Route 66 imagery. It features four separate 3x3 grids, stacked wilds that clone across grids with multipliers, and an unlimited retriggerable free spins round boosting win potential. The reviewer praises its uniqueness, high volatility, generous RTP, and thrilling multiplier mechanics despite a familiar layout. Visually nostalgic with a vintage feel, the game’s aesthetics and audio complement its bold, fast-paced theme.",
Diamond Vortex,0,"Diamond Vortex is a hexagonal grid slot set in deep space with a cosmic, interstellar theme. It features cluster wins, rotating rings with Spots and Zones, two types of wilds, a win multiplier mechanic, symbol transformations, and free spins with retriggers. The reviewer praises its sophisticated design and enjoyable gameplay, highlighting its potential for extended win sequences and a max win of 5,000x stake. Visually, it combines minimalist, galactic aesthetics reminiscent of Honey Rush and Starburst, complemented by a fitting space-themed audio atmosphere.",
Sweet Bonanza Xmas,0,"Sweet Bonanza Xmas is a festive-themed slot set in a winter wonderland with snowmen and decorations replacing the candy land backdrop. The game features a 6x5 grid with cluster pays, a Tumble feature, free spins triggered by lollipop scatters, multipliers up to x100, and options like Ante Bet and bonus buy. The reviewer finds it nearly identical to the original Sweet Bonanza, offering little new aside from seasonal visuals and music, making it a straightforward but unoriginal holiday spin. The aesthetics include a snowy Christmas setting and a lively Christmas tune, enhancing the festive atmosphere.",
Royal Potato 2,0,"Royal Potato 2 continues the quirky potato-themed world with a regal hierarchy setting.  
The game features include SuperSpinners multipliers, Royal Levy cash prizes, Spud Free Spins with growing Jumbo symbols, and multiple feature buy options.  
The reviewer praises it as a classy, immersive sequel with enhanced gameplay and strong winning potential up to 40,000x the bet.  
Aesthetics showcase expertly drawn pixel art characters and a soundtrack blending regal ballroom tunes with energetic EDM during bonuses.",
Tut's Twister,5,"Tut's Twister is an ancient Egypt-themed 5-reel slot featuring a demon pharaoh Wild and hieroglyphic symbols. The game includes unique Twister and Twister Collections features that trigger walking wilds and multipliers instead of traditional free spins. The reviewer finds the base game dull and the features initially confusing, with decent wins reliant on the Twister bonuses. Aesthetically, the production is solid but not up to Yggdrasil's usual high standards.",
Fire and Roses Joker,4,"Fire and Roses Joker is a fiery-themed slot featuring a magical joker and bi-directional win mechanics. Key features include Stacked Wilds, increasing Free Spins Multipliers, a Jackpot Wheel, and a J-O-K-E-R triggered Free Spins bonus. The reviewer highlights the game's thrilling jackpot potential and engaging bonus rounds without a full formal review. The game boasts vibrant, mystical visuals with captivating animations and an energetic audio backdrop enhancing the magical carnival atmosphere.",
Night Trax,4,"Night Trax is a neon-lit, 80s-inspired futuristic slot featuring arrow-linked paylines on a 6x4 grid. The game offers unique features like Trax Respins with multipliers and a hold & win bonus round with upgrading multipliers. The reviewer finds it creatively ambitious but niche, recommending players try the demo to appreciate its complexity. Visually, it boasts a bright, optimistic color scheme and a retro-electro soundtrack with vocoders and vintage synths.",
4 Fantastic Fish,8,"1. 4 Fantastic Fish is an aquatic-themed slot centered around fishing, featuring oceanic symbols like tackle boxes, fishermen, and fish prizes.  
2. The game includes features such as Cash Ways, Giant Squids that rearrange symbols, jackpots up to 10,000x bet, and a respin bonus with locked reels and multipliers.  
3. The reviewer praises its fresh take on fishing slots, rewarding gameplay, and high win potential up to 15,000x the bet, making it a strong choice for fans of the genre.  
4. The visuals are bright and vibrant with coral and ocean backgrounds, complemented by lively, upbeat audio that creates an engaging underwater angling vibe.",
Keep 'Em Cool,7,"Keep 'Em Cool is a seaside-themed cluster slot by Hacksaw Gaming featuring a sunny beach setting with a quirky pig character.  
Key features include frozen symbols with three states, Cocktail Glass re-freezes, Blender symbol absorptions, a Sunset Picnic bonus game, and two bonus buy options.  
The reviewer found the game visually pleasant but somewhat plain and lacking the usual excitement and multipliers typical of Hacksaw titles.  
Aesthetics are bright and simple with light blue waters and golden sands, accompanied by a relaxing audio backdrop, though overall immersion felt limited.",
Jellycious DoubleMax,8,"Jellycious DoubleMax is a candy-themed online slot featuring a sweet but somewhat underwhelming visual design. The game includes high volatility, a 5x3 grid with 243 ways to win, dropdown wins, rising multipliers, free spins, feature buys, and a Golden Bet option. The reviewer found the gameplay solid but uninspired, with nothing particularly outstanding compared to other DoubleMax slots. Aesthetically, the slot looks basic and low-effort, lacking the polish expected from Yggdrasil, with minimal mention of audio.",
Temple Stacks,6,"Temple Stacks is an Aztec/Mayan-themed slot featuring an exotic jungle atmosphere. It introduces Yggdrasil’s new Splitz mechanic with expanding reels and up to 248,832 win ways. The reviewer finds it solid with huge payout potential but somewhat generic visuals and occasional dry spells. The game sports simple yet fitting graphics and ambient jungle sounds, especially immersive in landscape mode on mobile.",
Dropz,6,"Dropz is a candy-themed slot by ELK Studios featuring sugary sweets, fruits, and quirky symbols with a playful yet slightly eerie vibe. The game offers Avalanche mechanics, symbol unlocks, level upgrades, progressive multipliers, and free spins with a unique ReDropz feature. The reviewer finds it complex but rewarding, noting its high volatility, 94% RTP, and potential for up to 25,000x max win. Visually, Dropz presents a colorful, sweet-filled grid complemented by a jazzy 70s swing soundtrack that balances its creepy candy characters.",
Triple Pot Gold,5,"Triple Pot Gold is an Asian-themed slot centered around collecting pots that trigger multiplier modifiers. The game features a 5x3 reelset with 243 ways to win, Money symbols with high multipliers, and a free spins bonus with stacked reel multipliers. The reviewer found the gameplay somewhat generic and limited in variety, offering moderate excitement mainly through multiplier stacking. Visually, it has tasteful but unremarkable crimson-patterned backgrounds and generic audio, lacking standout aesthetics or sound.",
Musketeer Megaways,7,"Musketeer Megaways is a swashbuckling slot themed around The Three Musketeers, featuring the iconic heroes on its reels. It offers two gameplay modes—All4One with four simultaneous grids and 1ForAll with a single grid—plus cascading wins, mystery symbols, and free spins with multipliers. The reviewer appreciates the unique quad-grid setup, praising its strategic depth and rewarding bonus rounds despite it being an acquired taste. The game sports a woody, period Parisian aesthetic with a high drama soundtrack that complements the adventurous theme.",
Wild Outlaws,3,"Wild Outlaws is a Wild West-themed slot by Light & Wonder, evoking classic outlaw imagery but lacking fresh visual appeal. The game features 6 reels with 4,096 ways to win, including Wild Revolver and Free Spins bonuses, plus Premium Play and Gamble modes for added excitement. The reviewer finds the gameplay ideas interesting but criticizes the dated graphics and lack of personality. A neat soundtrack complements the otherwise old-fashioned and uninspiring aesthetics.",
Peak Power,2,"Peak Power is an electrifying slot themed around harnessing powerful energy and multipliers. The game features 20 fixed paylines with random large multipliers and a free spins bonus that guarantees multipliers on every payline. The reviewer finds it a high-volatility game with thrilling moments but occasional dry spells, offering up to 10,000x stake wins. Visually, it presents a mechanical, metal-grid aesthetic with animated electricity and a distinctive EDM soundtrack.",
Loot Boost,7,"Loot Boost features a calm, outdoor-themed slot centered on the Link&Win mechanic with a relaxing, peaceful vibe. Key features include Power Stacks, Ultra Link&Win with Max Mode expanding the reel grid, Booster Coins, free spins, and a feature buy option. The reviewer views it as a gentle, less intense alternative to high-adrenaline slots, with modest innovation and a max win of 4,000x the bet. The game’s aesthetics are light and airy with soothing music, creating a chilled, almost lullaby-like atmosphere.",
Magic Journey,6,"Magic Journey is an Asian-themed slot inspired by the classic Journey to the West tale, featuring a light-hearted Kung Fu style. The game’s unique feature is a static 3x3 grid combined with a spinning 1x5 row that triggers respins and line formations without wilds or bonus rounds. The reviewer finds it simple, fast-paced, and surprisingly engaging despite its modest max payout of 400x the stake. Visually, it boasts above-average graphics with a green-tiled pagoda structure and a serene mountainous backdrop, complemented by a bright, thematic design.",
Sky Bounty,7,"Sky Bounty features a sky-pirate Kraken theme with flying ships and tentacled creatures, blending sea myths with aerial adventure.  
The game offers a 6x6 grid with 50 paylines, a Random Expanding Wild feature, free spins with growing wild frames, and options for Ante Bet and buying free spins.  
The reviewer finds it a solid Pragmatic Play slot with interesting mechanics but feels it falls short of reaching its full potential.  
Aesthetics are attractive with a nautical-pirate style, though the theme could have been further developed; audio details were not emphasized.",
Wolf Hunters,5,"Wolf Hunters is a dark, Transylvanian-themed video slot featuring hunters battling werewolves. The game includes sticky wilds, multiple free spin modes, and a unique hunter vs. werewolf battle mechanic. The reviewer sees it as a Vikings Go To Hell clone with medium-high volatility and a max win around 3000x. Aesthetically, it offers a moody, Immortal Romance-style castle backdrop with immersive audio enhancing the dark fantasy vibe.",
Mystery Spin Deluxe Megaways,0,"Mystery Spin Deluxe Megaways is a retro-themed fruit machine slot inspired by NetEnt’s Twin Spin, featuring a classic disco vibe. It offers up to 117,649 Megaways with linked reels, Mystery Symbols that transform for bigger wins, and a Mystery Spin feature for added excitement. The reviewer finds it a solid, entertaining adaptation but criticizes its lack of originality and lower-than-expected payouts. Visually vibrant with a nostalgic feel, the game includes disco-style music reminiscent of the original Twin Spin soundtrack.",
Roar of the Bear Megaways,7,"Roar of the Bear Megaways features a forest apex predator theme centered on a mighty bear amidst North American wildlife. The game offers 200,704 Megaways, mystery symbols, Wild Eagle & Wild Salmon modifiers, and a unique growing, roaming wild in free spins. The reviewer finds it an average entry in the Apex Predator series, with decent mechanics but lacking excitement. Visually, it combines realistic animal imagery with nature sounds and a Native American-Western-inspired soundtrack, though graphics are less striking than related titles.",
Egyptian Fortunes,0,"Egyptian Fortunes is an ancient Egyptian-themed slot set around the pyramids of Giza. It features Energy Spins with re-spins and a free spins bonus on a separate reel set with limited symbols. The reviewer finds the game unoriginal with low max wins capped at 309x stake, resulting in limited excitement. Visually, it includes hieroglyph-decorated pillars and animated torches, accompanied by a typical Arabian sound loop.",
Deco Diamonds Deluxe,1,"Deco Diamonds Deluxe offers a stylish Art Deco-themed take on the fruit slot genre with a 5x3 grid and 9 paylines. Key features include a Boost button that activates nudges and respins centered around the Deco Diamonds wild symbol, plus three bonus wheels with varying prize levels. The reviewer finds it a fun, well-flowing game but criticizes its relatively low maximum payout of 1,000x stake and lack of originality. The game boasts vibrant symbols and an energetic Roaring 20s soundtrack that enhances the overall playing experience.",
Worms of Valor,8,"Worms of Valor is a quirky online slot featuring battling worms in a slapstick arena setting. It offers a volatile gameplay with features like the ZapReel, Popscades, boost symbols, free spins, and Xpress feature buys for varied betting options. The reviewer finds it amusing and solid, appealing to fans of AvatarUX’s Pop-style mechanics despite not being groundbreaking. The game sports cute worm characters, a playful cartoonish design, and a chipper backing tune enhancing its wacky, fun vibe.",
Living with Stan,5,"Living With Stan is a prehistoric-themed slot featuring the Rockyfella family battling rascally dinosaurs to recover stolen items. It offers features like Character Sticky Wilds, Dinosaur Hunts, Stampedes, free spins with an expanded grid, and a bonus buy option. The reviewer finds it a charming and amiable game with a 10,000x max win but considers the gameplay less exciting than its audiovisuals suggest. The slot sports a cartoonish aesthetic with idyllic prehistoric scenery and quirky characters, complemented by playful audio elements.",
Medallion Megaways,3,"Medallion Megaways is a luxury Saharan desert-themed slot featuring gemstones and mystical symbols. It offers cascading reels, expanding wilds, void respins, win multipliers, and a free spins round with active features. The reviewer finds it a tame, steady game with solid potential but lacking the bold creativity of Fantasma's earlier work. Visually, the slot is superb with cozy, atmospheric design and fitting sound effects enhancing the experience.",
The Wild Class,1,"The Wild Class is a 1983-themed slot centered around three high school seniors who transform into werewolves at midnight in a haunted amusement park setting. The game features stacked symbols, a win multiplier increasing with full reel stacks, and Blood Moon Spins with escalating wild transformations and free spin extensions. The reviewer finds it a professionally designed, entertaining slot with familiar features and a nostalgic, fun theme, though not groundbreaking or highly memorable. Visually, it delivers a vintage, colorful look with a preppy American high school vibe, complemented by thematic audio that enhances the spooky yet playful atmosphere.",
xWays Hoarder 2,1,"xWays Hoarder 2 is a post-apocalyptic slot set in a dystopian underground bunker and bleak wasteland.  
It features extreme volatility, xWays symbols, xSplit Wilds, Loot Respins, Raid, Plunder, and Binge Spins with multiple boosting options and bonus buys.  
The reviewer finds it highly volatile and mechanically rich but thematically grotesque and irreverent, appealing to fans of intense, unpredictable gameplay.  
The game’s dark, grimy visuals and fitting eerie audio complement its bleak nuclear wasteland theme.",
Coba Reborn,5,"Coba Reborn is a jungle-themed slot featuring snakes and exotic flora, continuing the serpent motif from its predecessor. It offers cluster pays, an Avalanche feature, snake progress mechanics, and unique orchid-powered snake abilities, with high volatility and an RTP of 94%. The reviewer found it a thoughtful reboot balancing new features with reduced payouts, resulting in a familiar yet nuanced gameplay experience. Visually, the game is darker and moodier than the original, with rich jungle and ancient ruin aesthetics complemented by atmospheric audio.",
Reactoonz 2,4,"Reactoonz 2 is a quirky, sci-fi themed grid slot featuring charming alien critters. It offers cascade cluster wins, multiple wild types, and a multi-level Quantumeter that triggers powerful wilds and multipliers. The reviewer finds it a fun, energetic sequel with familiar yet enhanced gameplay and a slightly higher max win. The game's visuals are colorful and lively, complemented by a zippy soundtrack that matches its frenetic pace.",
Brazil Bomba,4,"Brazil Bomba is a Rio Carnival-themed slot capturing a laid-back, festive atmosphere with feathered dancers and beach vibes. It features cluster pays with 8 reels, a Bomb symbol that clears symbols, multipliers that build with consecutive wins, and free spins that retain multipliers. The reviewer finds it a moderate, straightforward game with solid potential but less volatility and fewer features than similar slots. Visually warm and exotic, the game includes celebratory fireworks and rhythmic audio enhancing the carnival spirit.",
Break Da Bank Again 4Tune Reels,4,"1. Break Da Bank Again 4Tune Reels revisits the classic bank heist theme with a retro slot experience featuring four simultaneous reel sets.  
2. The game offers medium volatility, a hit rate over 63%, multiplying wilds, and free spins triggered by bank vault scatter symbols across the four grids.  
3. The reviewer finds the quad reel mechanic more repetitive than innovative, delivering steady but unimpressive gameplay without much fresh excitement.  
4. Visually minimal with a plain purple background and sparse banking references, the slot lacks atmospheric detail and modern thematic flair.",
Fishin' BIGGER Pots Of Gold,6,"Fishin' BIGGER Pots Of Gold combines Irish leprechaun charm with a fishing theme for a unique slot experience. It features Cash Symbol collects, jackpots, free spins with an expanded grid, an Accumulation Trail with multipliers, and a feature buy option. The reviewer praises it as a bigger, more detailed upgrade that appeals strongly to fans of both Irish and fishing slots. Visually richer than its predecessors, it offers a lively underwater setting paired with an energetic Celtic rock soundtrack.",
Mad Blast,7,"Mad Blast features a sci-fi, mechanical workshop theme centered around the Mad Tinkerer and robotic elements. The game offers cascading wins, a Total Multiplier that can reach x2,048, Multiplier Boost and Extra Life symbols, free spins with multiplier resets, and a unique Multiplier Strike Out feature. The reviewer finds Mad Blast a solid, well-crafted scatter-paying slot that innovates subtly but largely follows existing trends. Its aesthetics combine a tame workshop setting with engaging sci-fi visuals and fitting mechanical audio cues enhancing the experience.",
Toro 7s,0,"Toro 7s is a retro-style slot themed around a North American road trip to Las Vegas, concluding ELK Studios' Wild Toro World Tour. The game features Nudging Wilds, free spins, a Lucky Sevens bonus, and five X-iter modes for varied gameplay and added excitement. The reviewer finds it a solid classic series entry with enjoyable bonus modes but notes the low hit rate and extra cost for top features may deter some players. Aesthetically, it offers a glitzy yet slightly disjointed Vegas vibe with a powerful rock stadium soundtrack enhancing the experience.",
Immortal Romance Vein of Gold,8,"Immortal Romance Vein of Gold is a vampire-themed slot continuing the undead romance saga with a fiery red and gold color scheme. It features a 6x4 grid, Collect symbols, respins, multiple jackpots, bonus multipliers, free spins, and a Vein of Gold bonus round with bonus buy options. The reviewer finds it a fairly standard cash collect game that fails to innovate, feeling like a missed opportunity to fully leverage the Immortal Romance brand. Visually, the game uses bold red, yellow, and purple tones with decent but unremarkable presentation and audio.",
Gems Inferno Megaways,4,"Gems Inferno Megaways is a gem-themed slot by Red Tiger featuring a mystical underground forge setting. The game includes cascading wins, gem sacks, and a hold & respin bonus round with gem multipliers up to 2,000x. The reviewer finds it lightweight and simple, with below-average max win potential of 2,553x, appealing mainly to casual players. Visually, it looks decent but lacks Red Tiger’s usual detailed polish, with standard audio and modest design elements.",
Super Joker,0,"Super Joker is a classic fruit-themed 3-reel slot with a disco ball backdrop and upbeat soundtrack. It features a Respin Until You Win mechanic and a Double Multiplier Wheel offering up to 20x multipliers for wins up to 1,500x stake. The reviewer finds it a generic, fast-paced, and volatile slot suitable for low bets but somewhat monotonous. Visually, it’s polished with traditional fruit and bar symbols, complemented by a luxurious feel and a feel-good audio track.",
Spiñata Piñata,7,"Spiñata Piñata is a slot themed around Central/South American culture, featuring festive piñata symbols and a colorful town setting. The game includes features like mystery symbols, a wild collection mechanic triggering Piñata Spins with multipliers, free spins, and a bonus buy option. The reviewer found it a pleasant but subdued experience, offering decent gameplay without high excitement or clarity on some features like Super Stake. Visually, the game is bright and quaint with cheerful, modest audio, avoiding loud or intense effects for a laid-back vibe.",
Brawlers Bar Cash Collect,0,"Brawlers Bar Cash Collect is a city-themed slot featuring a naughty leprechaun in a rowdy Irish pub setting. It offers features like Tumbling Reels, Cash Collect symbols that double prize values, free spins with retriggers, and an Extra Bet option to increase winning chances. The reviewer finds it a fun, mildly provocative game with a unique twist on money symbol collection, balancing rowdy pub vibes with approachable gameplay. The game sports festive visuals with juiced-up bouncers, flying bottles, and an upbeat Irish pub soundtrack enhancing the lively atmosphere.",
Reef Raider,8,"Reef Raider is an underwater-themed slot featuring colorful coral reefs and sea creatures in a vibrant ocean setting. It offers cluster pays on a 7x7 grid with avalanche mechanics, multipliers, modifiers, and free spins triggered via a Treasure Trail meter. The reviewer finds the game charming and moderately volatile, rewarding patient players with up to 8,500x their bet despite the challenge of triggering free spins. The aesthetics include bright, cute sprites and a laid-back reggae soundtrack that enhances the relaxed underwater vibe.",
Moon Princess Power of Love,8,"Moon Princess Power of Love is a magical girl-themed slot featuring two new princes alongside the original princess, continuing the iconic Moon Princess series by Play'n GO. The game offers cluster and line wins on a 5x5 grid, with tumbling wins, a win multiplier up to x100, character-based powers, and a unique Love Triangle free spins feature. The reviewer finds it a compelling addition with familiar mechanics, exciting tumble chains, and rewarding free spins, maintaining the series' appeal. Visually, it features pastel colors, hearts, moons, and clouds, with characters hovering next to the grid, delivering a charming anime-inspired aesthetic.",
Playboy,0,"Playboy slot by Microgaming is themed around the iconic magazine, featuring glamorous symbols and a luxe lifestyle vibe. The game offers 243 ways to win, multiple free spins modes called the Playboy Club, and unique features like multipliers, running wilds, rolling reels, and wild reels. The reviewer praises its enduring appeal, engaging gameplay, and substantial jackpot potential of over 10,000x the stake. Set against a sleek black velvet backdrop, the visuals remain sharp and modern with thematic audio enhancing the immersive casino experience.",
Pray For Three,4,"Pray for Three immerses players in a devilish underworld tale featuring two fallen sisters ruling the damned. The game offers 3,125 ways to win, cascading reels, a Wheel of Sin multiplier feature, and three escalating free spin bonuses. The reviewer finds it a creatively presented, multiplier-driven slot that, while not groundbreaking, is a compelling addition to Hacksaw Gaming's lineup. Its monochrome, early cartoon style visuals paired with a jazzy cabaret soundtrack enhance the naughty yet playful atmosphere.",
Shadow Strike,4,"Shadow Strike is a martial arts-themed slot set in an exotic Asian dojo, immersing players in a kung fu showdown. It features three distinct bonus rounds, Ninja Reels with wild multipliers, and a bonus buy option for high volatility gameplay. The reviewer praises its blend of familiar Hacksaw Gaming mechanics with Backseat Gaming's unique touches, noting its potential for big wins but limited retrigger opportunities. The game boasts serene Asian-inspired visuals and gentle background music, creating a peaceful yet engaging atmosphere.",
Clash of the Seraphim,0,"Clash of the Seraphim is a biblical-themed slot portraying an epic battle between angels and demons. It features a 7x7 cluster pay grid with cascading wins, moving Light and Dark drop areas, two selectable free spins modes, and wild multipliers. The reviewer found the gameplay less engaging than the lofty storyline, with moments of thrill mainly during wild-triggered drop area conversions. The game boasts decent artwork with contrasting light and dark visuals, complemented by a dramatic, soaring soundtrack.",
Planet Fortune,1,"Planet Fortune is a retro-futuristic slot with 5 reels, 4 rows, and 40 fixed paylines. It features stacked premium symbols, a random Magnetic Mayhem feature, and walking wilds during free spins. The reviewer finds it straightforward but not innovative, lacking standout features or high win potential. The game sports a classic reel setup with a robot-themed wild and simple visuals, though audio details were not highlighted.",
Thoro,6,"Thoro is a Norse mythology-themed slot featuring the matador Toro as Thor, battling Loki in the floating realm of Asgard. The game offers unique features like Lightning symbol wins, Loki Respins, Thoro Thunder Strike, Mjolnir boosts, and multiple free spin rounds with an X-iter bonus buy. The reviewer praises its blend of familiar gameplay with fresh mechanics and a max win of 10,000x the bet, making it engaging and rewarding. Visually, Thoro impresses with high-quality graphics and a thunderous heavy metal soundtrack that complements its mythological theme.",
Cashed in Stone,8,"Cashed in Stone is a Stone Age-themed slot set in a cartoon prehistoric world featuring cavemen and dinosaur bones. It offers a 6x4 layout with cascading wins, four random reel modifiers, a Big Money Wheel bonus, and a multi-level free spins trail. The reviewer finds it an improvement over Viking Hoard with more frequent features but still slow gameplay and clunky graphics, making it only moderately enjoyable. The game’s visuals are basic and cartoonish with a humorous caveman mascot, while the audio adds lightheartedness to the experience.",
Gladiator Ways,1,"Gladiator Ways is a gladiator-themed slot set in a Coliseum arena, featuring a battle atmosphere. It offers a progressive collection mechanic unlocking wild gladiator symbols and a 4,096 ways-to-win system with free spins guaranteeing wilds. The reviewer finds the gameplay somewhat one-dimensional with limited feature variety but potentially enjoyable for casual players. Visually, the arena and gladiators are well-designed, though the static, realistically drawn crowd contrasts oddly with the rowdy audio.",
Retro Galaxy,5,"Retro Galaxy is a neon-lit slot blending 80s synthwave aesthetics with a futuristic galactic theme. It features classic Microgaming mechanics like Rolling Reels, Multiplier Trails, and free spins with up to 243 ways to win. The reviewer finds it a competent but uninspired game, lacking originality despite solid payout potential. Visually, it offers transparent reels over a cosmic horizon with a retro HUD and an 80s synth soundtrack enhancing the nostalgic vibe.",
Diamond Empire,6,"Diamond Empire features an Art Nouveau theme with a classy, relaxing vibe.  
It offers 3 reels, 15 paylines, diamond multipliers, and a bonus wheel with up to 888x multipliers.  
The reviewer finds it simplistic and potentially dull but highlights its huge 10,000x win potential and high volatility.  
The aesthetics are elegant with a soothing soundtrack, though the gameplay may feel repetitive.",
Christmas Bonanza,3,"Christmas Bonanza blends gold mining with a subtle Christmas theme, featuring snowy visuals and gift box symbols. It offers classic Megaways gameplay with up to 117,649 ways to win, reactions, free spins with unlimited multipliers, and an optional bonus buy. The reviewer praises its enduring appeal and solid win potential, noting it stays true to the original Bonanza's legacy. Aesthetically, it is warm and festive but understated, lacking typical Christmas icons like Santa or tinsel.",
Frost Queen Jackpots,0,"Frost Queen Jackpots is a chilly, snow-themed slot inspired by Victorian detective tales with a winter fantasy twist. The game features five progressive jackpots, free spins, a Treasure Chest Bonus, and a Pick & Click Chest game to enhance jackpot chasing. The reviewer finds it user-friendly and smoother than its predecessor, offering frequent small wins and enjoyable gameplay but less atmospheric depth. Visually, it presents a magical midwinter scene with suitable fantastical music, though its theme risks comparisons to the film Frozen.",
Rise of Samurai 3,5,"Rise of Samurai 3 is an Asian-themed slot set in a moody temple courtyard featuring martial artists and dragon motifs. It offers 40 paylines on a 5x3 grid, with wild multipliers, sticky wilds in free spins, and a minimum win guarantee. The reviewer finds it a solid, entertaining game that expands on features from The Dog House with higher multipliers and a bigger max win. The aesthetics are darker and moodier than previous installments, complementing the serious samurai theme with matching atmospheric audio.",
The Expendables Megaways,1,"The Expendables Megaways is an action movie-themed slot based on the iconic film franchise featuring legendary stars like Arnold Schwarzenegger and Jason Statham. It offers Megaways mechanics with up to 117,649 ways to win, cascading wins, a Bullet Bonus, free spins with increasing multipliers, and a low-value symbol removal feature. The reviewer finds the game competent but lacking excitement and over-the-top action, making it less thrilling than expected for fans. The visuals and audio are decent but not spectacular, with a cinematic intro setting the scene without star appearances.",
The Fruit Megaways,4,"The Fruit Megaways is a classic fruit-themed slot using Big Time Gaming's Megaways engine, offering a traditional, old-school vibe. Its key features include up to 117,649 ways to win, free spins with a growing multiplier up to x200, and a bonus buy option. The reviewer finds the game uninspired and generic, with excitement largely confined to the free spins round. Aesthetically, it is plain and minimalistic, matching its straightforward gameplay and lacking visual flair.",
Cornelius Milk Hunter Megaways,7,"Cornelius Milk Hunter Megaways features a playful cat-themed adventure set outdoors with a Megaways mechanic. It offers Avalanche reels, multipliers, cash prize collections, free spins with modifiers, and a feature buy option. The reviewer finds it cuter and more engaging than its predecessor but limited by a modest max win and underused Megaways potential. The game presents a more realistic yet still cartoonish style with charming visuals and lighthearted audio.",
Racing Joker,8,"Racing Joker is a car racing-themed slot with minimal joker presence, focusing more on motorsport elements.  
Key features include free spins with low-paying symbols removed and a Money Respin hold 'n win round offering three jackpots.  
The reviewer finds it a modest, easy-to-play game with limited excitement and average winning potential.  
The visuals are simple and clean, with sparse crowd scenes and a basic audio backdrop matching the racing motif.",
Neptune's Riches Ocean of Wilds,0,"Neptune's Riches Ocean of Wilds is an underwater-themed slot centered on the god Neptune, set in a murky aquatic domain. The game features multiple types of wilds with multipliers, respins, and a free spins bonus with a Walking Wild Stack and escalating multipliers. The reviewer finds it highly volatile with big win potential but somewhat let down by uninspiring graphics and a subdued audio atmosphere. Visually plain and accompanied by gentle underwater sounds, the aesthetics create a relaxing but low-energy experience.",
CherryPop,8,"CherryPop is a classic fruit-themed slot featuring AvatarUX's unique PopWins mechanic for expanding reels and winning ways. Key features include cascading wins, expanding reels up to 9 rows, free spins with progressive multipliers, and a bonus buy option. The reviewer finds it a balanced, accessible PopWins entry with high volatility and strong win potential, though the base game can feel repetitive. Visually, it sports a clean, commercial design with a pink frame, colorful blurry backdrop, and subtle 80s electronic soundtrack.",
Jade of the Jungle,8,"Jade of the Jungle is a Central American-themed slot featuring two independently spinning 3x3 grids set against a jungle backdrop with a step pyramid. Key features include a Super Stake option triggering symbol removal spins and a free spins mode that eliminates low-paying symbols for better wins. The review finds the game moderately interesting but ultimately gimmicky, lacking strong interaction between grids or standout innovation. Visually, the game is pleasant but not striking, with relaxing panpipe music that intensifies with rhythmic drums during spins.",
Asgardian Fire,5,"Asgardian Fire immerses players in a Norse mythology theme set in the realm of Odin with powerful godly imagery. The game features Rolling Reels, Escalating Ways up to 262,144 ways to win, Jumbo Blocks, persistent wilds, free spins with an Elevator mechanic, and a feature buy option. The reviewer praises its impressive graphics and soundtrack, calling it a must-try for Norse slot fans despite familiar mechanics borrowed from other slots. Visually stunning with dynamic animations and a rock-inspired audio backdrop, the game delivers a strong audiovisual experience.",
Hyper Burst,0,"Hyper Burst is a volcano-themed slot by Yggdrasil featuring a dreamy island vibe with a mystical atmosphere. Its main attraction is the Hyper Respins feature, expanding colossal lava reels and increasing multipliers up to 10x during consecutive wins. The reviewer finds the game rewarding when the feature triggers big wins but notes it can be slow and frustrating otherwise. The aesthetics include misty landscapes and intense tribal drumming that build excitement as the respins progress.",
Hyper Star,4,"Hyper Star is a Vegas-themed slot featuring a bright, nightclub vibe with classic casino symbols. The game includes Rolling Reels, Multiplier Trails, Free Spins, and three jackpot levels for varied gameplay. The reviewer found the slot visually flashy but ultimately unoriginal and uninspiring in its gameplay. Its aesthetics combine dazzling lights and reflective surfaces with a lounge-style soundtrack, creating a somewhat subdued casino atmosphere.",
Amped,5,"Amped is a neon retro-themed slot centered around music and amplifiers, blending hip, minimalist vibes with EDM elements. It features four distinct free spin modes triggered by colored scatter wilds, plus scatter wild respins in the base game. The reviewer finds it a middle-of-the-road, low-to-medium volatility game that offers steady engagement but lacks excitement or depth. Visually, Amped uses bright, simple symbols with equalizer effects and a laid-back techno soundtrack, creating a chilled, understated club atmosphere.",
Cursed Treasure,7,"Cursed Treasure is a jungle adventure-themed slot with a 1930s-1950s B-movie and Indiana Jones vibe.  
It features Cash Prize and Mystery Prize symbols, a hold 'n win bonus, free spins with sticky prizes, and a feature buy option.  
The reviewer finds it a solid, entertaining hold 'n win game with good world-building but not groundbreaking gameplay.  
The game boasts detailed background imagery, panning camera effects, and fitting aural effects that enhance the immersive experience.",
Book of Toro,0,"Book of Toro blends the iconic Wild Toro bull with a unique twist on the classic Egyptian-themed 'book of' slot.  
The game features free spins with expanding symbols, Toro Goes Wild walking wilds, Mummy Respins, and five X-iter bonus buy options.  
The reviewer praises its innovative fusion of themes and rich features, though notes a modest RTP and controlled volatility.  
Aesthetically, it combines traditional Egyptian visuals with modern, lively Cairo-inspired music for an engaging audio-visual experience.",
Cash Truck 2,3,"Cash Truck 2 is a post-apocalyptic, cyberpunk-themed slot featuring a high-speed chase through a futuristic cityscape. The game offers a 6-reel, 7-row grid with tumbling wins, modifiers, and a hold 'n win style Truck Raider Bonus Game plus a Super Bonus variant. The reviewer praises its immersive gameplay, heavy atmosphere, and potential for big wins but notes it may be tough for casual players. The aesthetics combine Blade Runner-inspired visuals with metal-driven tunes, creating a dark, intense audio-visual experience.",
The Dog House Royal Hunt,5,"The Dog House Royal Hunt features aristocratic dogs set against lush meadows and a fairy tale castle, offering a regal twist on the beloved Dog House series. It includes wild multipliers, sticky wilds in free spins, and a feature buy option for enhanced gameplay and higher multipliers. The review praises its familiar yet engaging gameplay, ideal for fans and newcomers, though notes the max win and multiplier values may feel limited without bonus buys. The game boasts charming, cartoon-style dog characters with a warm, feel-good soundtrack that complements its inviting, pastoral visuals.",
Hercules & Pegasus,8,"Hercules & Pegasus is a Greek mythology-themed slot featuring a playful, cartoon style with characters like Hercules, Pegasus, and Zeus. The game offers multiple wilds, random feature picks, and three types of free spins rounds with unlimited spins and multipliers. The reviewer finds the game challenging due to its high volatility and complex mechanics, rewarding patient players willing to endure dry spells. Visually, it boasts a Greco-inspired, comic book aesthetic with dreamy backgrounds and a catchy, uninterrupted soundtrack during turbo spins.",
Good Luck & Good Fortune,5,"Good Luck & Good Fortune is a luck-themed slot blending magical motifs with symbols of fortune like rabbits and clovers, evoking a whimsical, somewhat unclear theme. The game features a 5x3 grid, 10 paylines, a 96.05% RTP, high volatility, free spins with multipliers, scatter pays, and a bonus buy option. The reviewer found the game quirky but unfocused, with a capped 2,100x max win and an odd free spins mechanic that prioritizes respins over wins. Aesthetically, it has a fantastical, mystical vibe with magical tones, though its theme and presentation feel somewhat perplexing.",
Nitro Circus,1,"Nitro Circus is an adrenaline-fueled slot themed around the action sports collective led by Travis Pastrana, showcasing extreme stunts and vehicles. It features 5 reels, 25 paylines, free spins, a Nitro Jump bonus with collectible vehicles, and a Nitro-Blast minigame offering multipliers and coin wins. The reviewer finds the game overly complicated, stressful, and confusing, appealing mainly to fans but potentially off-putting to casual players. The visuals are busy and action-packed, capturing the show's chaotic energy, while the audio complements the high-octane atmosphere.",
Mega Dragon,5,"Mega Dragon is a Chinese-themed slot centered around dragons with an 8-reel, 7-row cluster pays mechanic.  
Key features include three dragon wilds that add wilds, transform symbols, and create mega tiles, plus progressive jackpots.  
The reviewer finds it a solid, well-balanced game with decent payouts despite its generic theme and lack of free spins.  
The game sports a traditional Chinese aesthetic with misty mountain backdrops and an atmospheric, familiar Asian-inspired soundtrack.",
Muertos Multiplier Megaways,8,"Muertos Multiplier Megaways celebrates the Mexican Day of the Dead with a culturally rich yet tasteful theme. It features Megaways mechanics, tumbles, wild multipliers, free spins with increasing multipliers, and an optional bonus buy. The reviewer praises its balanced design, engaging features, and strong win potential up to 10,000x the bet. Visually, it offers colorful village scenes with skulls and candles, complemented by a lively guitar soundtrack that intensifies during spins and free games.",
Pixel Paws,2,"Pixel Paws features a nostalgic 90s pixelated animal theme with a retro gaming vibe. Its gameplay includes a 5x5 grid, 1,024 ways to win, cascade mechanics, a Loaded Reel bonus with symbol upgrades, and a Hold & Win feature. The reviewer finds it a fun, well-crafted slot with solid features, despite them not being groundbreaking, offering up to 20,000x max win. The blocky graphics and simple background deliver a charming, pixel-art aesthetic that complements the game's throwback soundscape.",
Crystal Golem,4,"Crystal Golem features a mystical golem theme set in a pastel crystal underworld inspired by folklore and pop culture.  
The game offers cascades, SuperSpinners multipliers, and evolving wilds during free spins with upgrade mechanics.  
The reviewer praises its polished design, engaging features, and high win potential, marking positive growth for Print Studios.  
Visually, it boasts high-definition, quirky characters with smooth animations, complemented by a swirling 1980s-inspired ambient soundtrack.",
Cosmic Cash,3,"Cosmic Cash is a space-themed slot featuring quirky alien characters and a lighthearted cosmic adventure. It offers features like free spins with stacked wilds and a hold & spin Cosmic Respins bonus awarding cash prizes and multipliers. The reviewer finds it amusing with a decent mid-range max win but not groundbreaking in the hold 'n win genre. The game sports a plasticky, comical aesthetic with playful audio enhancing its quirky outer space vibe.",
Top Cat Most Wanted,1,"Top Cat Most Wanted is a slot themed around the classic 1960s Hanna-Barbera cartoon featuring mischievous alley cats and their schemes. The game offers basic features including free spins triggered by bonus symbols, with wild substitutions and symbol collection during free spins but lacks innovation beyond its Fishin’ Frenzy clone roots. The reviewer finds it visually appealing with bright graphics and some voice-overs but ultimately feels the gameplay is repetitive and offers little new excitement. The aesthetics include a laid-back bossa nova soundtrack and a familiar New York alley backdrop, creating a relaxed yet somewhat dated atmosphere.",
Cash Vandal,0,"Cash Vandal is a graffiti-themed slot set on trains traveling through Paris, London, and Berlin. It features a unique 4-reel, 10-payline layout with random wilds, re-spins, city-specific modifiers, and free spins with stacked wilds. The reviewer finds it a lively, high-volatility game that feels familiar yet offers solid win potential and engaging gameplay. The game sports vibrant street art-style graphics and dynamic animations, complemented by an energetic urban soundtrack.",
Dragon Shard,8,"Dragon Shard is a fantasy-themed slot set in a mythical universe with dragons and heroes. It features a Win Booster for dual-direction wins, Mystery Symbols, and Free Spins with up to three Mystery Reels. The reviewer finds it visually decent but criticizes its lack of innovation and mediocre gameplay. The game offers pleasing visuals and fitting audio that enhance its mystical theme.",
Gods of Glory,4,"Gods of Glory is an Ancient Greek-themed slot inspired by mythology and Slotmill's previous Ancient Egyptian title. It features 40 paylines, three types of expanding wilds with multipliers, synced reels, and multiple free spin modes including Super Super Free Spins. The reviewer finds it a solid, visually pleasing sequel with engaging features, though not a groundbreaking innovation. The game boasts attractive graphics and sound, delivering a polished and immersive experience.",
Rhino Rampage,1,"Rhino Rampage is an African grasslands-themed slot featuring rampaging rhinos and wildlife.  
The game offers features like stacked rhino wilds, free spins with colossal symbols, and a Lightning Spins jackpot bonus.  
The reviewer finds it a dependable, straightforward slot with solid features but not highly innovative.  
Visuals are pleasant with warm, yellow-red tones and a Circle of Life soundtrack, though somewhat clichéd.",
777 Strike,7,"777 Strike is a retro arcade-themed slot featuring classic fruit symbols and lucky sevens. Its main attraction is a three-level bonus round progressing from free spins to Win Spins and Wild Spins, offering increasing winning potential. The reviewer finds the gameplay basic and slow to trigger bonuses but rewarding if Win Spins are reached. Visually, it sports old-school white tiles with crown motifs and a rhythmic soundtrack, appealing mainly to fans of vintage slot aesthetics.",
Crystal Quest Frostlands,8,"Crystal Quest Frostlands takes players to a chilly, frosty fantasy landscape with a 6-reel, 4-row grid offering 4,096 ways to win. Key features include Massive Symbols, avalanches with a progressive multiplier, free spins, and a Wild Explosion feature in the bonus round. The reviewer finds the game entertaining but predictable, praising its solid design and high win potential while noting a lack of innovation. Visually, the game impresses with smoothly animated symbols and satisfying avalanche effects, complemented by a cold, gemmed aesthetic.",
Valkyrie Splitz,7,"Rise of the Valkyrie Splitz features a Norse mythology theme centered on Valkyries in a mountainous setting. The game highlights the unique Spin 10 Splitz mechanic combined with a Hold & Respin bonus and an optional Side Strike bet. The reviewer finds it moderately entertaining with clever features but overall basic gameplay and limited replay appeal. Visually pleasing with thematic symbols, animations, and dramatic music enhancing the Norse atmosphere.",
Agent Jane Blonde Max Volume,1,"Agent Jane Blonde Max Volume is a spy-themed slot featuring the return of the iconic secret agent with a retro/synthwave vibe. The game offers Rolling Reels, selectable free spins with escalating multipliers, and three jackpots, enhancing player choice and win potential. The reviewer finds it a notable improvement over its predecessor, praising the deeper features and increased max win of 10,000x. Visually similar to the previous title, it sports a purple-hued city backdrop and retains the cool retro soundtrack, complementing the spy theme.",
Monopoly Grand Hotel,4,"Monopoly Grand Hotel is a classic Monopoly-themed 5-reel slot capturing the iconic board game's familiar elements. It features 50 paylines, a GO feature with cash prizes and jackpots, plus free spins with retriggers and a Free Parking Bonus. The reviewer finds the gameplay basic and somewhat dated, offering medium variance and moderate win potential but lacking innovation. The visuals are traditional with a post-war feel, accented by golden coins, classic symbols, and a recognizable brand logo, though not revolutionary.",
Arctic Sorcerer Gigablox,6,"Arctic Sorcerer Gigablox is a wintery, fantasy-themed slot set in a magical Arctic landscape featuring a sorcerer and northern wildlife. The game includes ReelPlay’s Gigablox mechanic with random reel mergings, wild multipliers, Arctic Blasts, and free spins with a Wild Collection Counter. The reviewer finds the game underwhelming and lacking innovation, delivering a mediocre experience compared to stronger Gigablox titles. Visually, it features colorful but cheap graphics and dated, chintzy sound effects that resemble low-budget mobile games.",
Curse of Ra,1,"Curse of Ra is an Ancient Egyptian-themed slot centered around the sun god Ra's curse. It features a 5-reel setup with 20 paylines, including unique elements like Guaranteed Win reshuffles, free spins with roaming multiplier wilds, and the Super Spinner bonus. The reviewer finds the game functional with solid features but lacking in originality and thematic depth. Visually, it offers a pleasant but uninspired Egyptian setting with minimal atmosphere and basic audio effects.",
Thor Infinity Reels,4,"Thor Infinity Reels features a Norse mythology theme centered on Thor, set against a grim, misty mountain backdrop. The game highlights the Infinity Reels mechanic with respins and symbol multipliers, plus a hold-and-win Jackpot Respins bonus triggered by Mjolnir scatters. The reviewer finds the gameplay intense and versatile but notes the hold-and-win style may not appeal to all, with a max win of 6,055x stake. Visually, it offers attractive, atmospheric graphics with a dark, cold tone, though mobile play limits some imagery detail.",
Hope Diamond,3,"Hope Diamond features an eccentric mix of diamonds, mining, and ponies, creating a quirky and unusual slot theme. The game includes several random modifiers, two bonus rounds with Money Scatter mechanics, and a Diamond Trail feature for added engagement. The reviewer finds the theme odd and the features unoriginal, calling it a strange but potentially rewarding slot for open-minded players. Visually, the game offers a pastel, cartoonish diamond mine setting with an old-fashioned, homely feel, complemented by pulsating diamond accents around the reels.",
Gorilla Madness,5,"Gorilla Madness is a jungle-themed slot featuring cartoonish gorillas with prehistoric jungle and volcanic backdrops. The game offers 243 ways to win, free spins with low pay symbols removed, and a jackpot feature triggered by wilds for four possible jackpots. The reviewer finds it a well-made but fairly standard slot with modest max win potential and straightforward gameplay. Its bright, quirky graphics and tribal drum soundtrack create a fun yet slightly mismatched atmosphere.",
Big Bite,8,"Big Bite is an ocean-themed slot centered around a majestic orca, blending fishing slot motifs with a cooler, marine vibe. It features fish and jackpot symbols, Orca multipliers, free spins on an expanded grid, and a bonus buy option. The reviewer praises its accessibility, high production values, and solid top prize of 10,000x, making it a strong choice for fans of the genre. The game boasts distinctive art and ambient sounds that reflect Push Gaming’s polished, immersive style.",
Wild Turkey,1,"Wild Turkey is an Aztec-themed slot featuring a unique anthropomorphic turkey village setting. The game offers free spins triggered by wilds, including stacked wilds and unlimited retriggers, enhancing winning potential. The reviewer finds it a charming, quirky slot with solid but modest payouts and enduring appeal despite its age. Visually sharp with playful graphics and ambient drum and bush sounds, it delivers a lighthearted, humorous atmosphere.",
Evil Goblins xBomb,4,"Evil Goblins xBomb is a fantasy-themed slot featuring mischievous goblins in an underground cave setting. The game offers multiple features including Goblin Sacrifice wilds, xBomb explosions that expand the grid, and various free spin modes with escalating multipliers. The reviewer finds it less complex and intense than some Nolimit City titles but still highly volatile with a good hit rate to keep gameplay engaging. Aesthetically, it has a standard 6x3 grid with somewhat muted visuals and a plodding soundtrack reminiscent of its predecessor, Fire in the Hole xBomb.",
Wild Wild Bison,1,"Wild Wild Bison is a bison-themed slot set in a North American wilderness with dry plains and mountains. It features a 6-reel grid with expanding reels during the Wild Rush, cash-collect Bison Coins, Gold Rush multiplier spins, mystery symbols, and bonus buys. The reviewer finds it an enjoyable but unoriginal cash-collect slot, closely resembling previous titles by Stakelogic and Pragmatic Play. The game offers pleasant visuals and sounds reflecting its wild plains theme, though nothing particularly memorable.",
Dog Town Deal,1,"Dog Town Deal features a playful dog-themed casino setting where canine characters engage in card games. The slot offers low-to-medium volatility gameplay with Blackjack-inspired features, free spins, and a bonus buy option. The reviewer finds it a charming, mellow game suitable for casual players seeking light entertainment rather than big wins. The aesthetics are colorful and cute, with a cozy casino vibe and engaging character backstories enhancing the experience.",
Max Megaways,1,"Max Megaways is a secret agent-themed slot set between a tropical island base and a villain’s volcanic lair. It features Megaways mechanics with up to 117,649 ways to win, multiple base game wild modifiers, reactions, free spins with pick bonuses, and a Bonus Buy option. The reviewer praises its balanced tone, engaging features, and high winning potential up to 139,200x the stake. Visually, it offers classic spy imagery with smooth animations and a swinging soundtrack that enhances the immersive experience.",
Guardian of Athens,4,"Guardian of Athens is an Ancient Greece-themed slot from Quickspin, replacing Eastern Emeralds' Asian motifs with togas and marble statues. The game features 5 reels, 20 paylines, wild multipliers varying by reel position, and four distinct free spin bonus options with escalating risk and reward. The reviewer finds it entertaining with solid max win potential (up to 16,000x) but notes it lacks the original's novelty and can deliver modest returns. Visually, it offers improved graphics over its predecessor with a temple backdrop, statues, and a more heavenly realm during free spins, complemented by fitting Greek-style fonts and symbols.",
Tombstone Slaughter El Gordo's Revenge,1,"Tombstone Slaughter El Gordo's Revenge is a grim Western-themed slot centered on El Gordo's daughter's vengeful quest. It features 6 reels with expanding ways to win, xNudge Wilds, Slaughter and Massacre Spins, and an intricate Revenge Meter boosting multipliers. The reviewer finds it intense and volatile, rewarding patient players with massive win potential but posing challenges like low hit rates and xRIP penalties. The game's dark visuals and eerie audio enhance its menacing, atmospheric Western vibe.",
Mining Pots of Gold,1,"Mining Pots of Gold combines mining and leprechaun themes into a retro-style slot with a 5x3 reel setup.  
Key features include stacked wilds triggering Wild Blackout wins, Bonus Enhancers that build multipliers and spins, plus a unique underground bonus round.  
The reviewer finds the game divisive, noting its generic looks but appreciating the engaging bonus mechanics and potential for up to 4,000x max wins.  
Visually dated and low-budget, the game offers simple graphics and a jolly tune, lacking standout aesthetic or audio appeal.",
Riches of Midgard: Land and Expand,8,"Riches of Midgard: Land and Expand is a Norse mythology-themed slot featuring Odin, Thor, and Freya in a cartoon-style Midgard setting. Its key features include Hot Spot Reels triggering expanding respins and a free spins mode with increasing rows and paylines. The reviewer finds it a modest, somewhat frustrating game with decent RTP but less thrilling wins compared to other Norse slots. The game offers a cute cartoon aesthetic with rickety reel sounds and powerful effects, creating a unique yet less intense atmosphere.",
Joker Megaways,0,"Joker Megaways blends a classic Vegas-style fruit slot theme with a unique 3-reel Megaways mechanic. Key features include a 50/50 gamble option, free spins with a wild joker and progressive multipliers, plus a Bonus Buy option. The reviewer finds it a surprisingly strong debut from Games Inc, praising its high potential and engaging bonus round. The game offers high-quality graphics and smooth animations, enhancing its classic fruit slot appeal.",
Atlantis,6,"Atlantis is a mythically themed underwater slot exploring the lost city and ancient riches. It features a 5-reel cascading grid, wild expanding reels, and a lucrative Gold Spins free spins bonus with unlimited multipliers. The reviewer finds it simple and visually appealing, with the bonus game making it a rewarding but sometimes slow experience. The game boasts attractive aquatic visuals and a pleasing audio backdrop typical of Red Tiger’s quality design.",
5 Doggy Millionaires Dream Drop,8,"1. 5 Doggy Millionaires Dream Drop is a pet-themed slot featuring wealthy dogs living in a lavish mansion.  
2. The game includes features like Money Ways, Respin Bonus, Frisbee feature, and a progressive Dream Drop jackpot wheel.  
3. The reviewer praises the jackpot potential but finds the base game less exciting compared to its predecessor without Dream Drop.  
4. The aesthetics are charmingly canine-themed with a luxurious vibe, though audio details were not specifically mentioned.",
Legend of the Sword,2,"Legend of the Sword is an Arthurian-themed slot centered on King Arthur and the legendary Excalibur sword. It features a 5-reel, 3,125-payline grid with scatter-based prizes, free spins with multipliers, and a unique pay-all-ways system. The reviewer finds it a decent, somewhat unique take on the popular scatter win format, appealing mainly to enthusiasts of this style. The game's aesthetics include mythical Camelot imagery with a rich chorus-led soundtrack, enhancing its mysterious and legendary atmosphere.",
Big Bite Push Ways,4,"Big Bite Push Ways is a fish-themed slot combining Push Gaming's Push Ways mechanic with Hot Zones and Instant Prize symbols. It features a 6x4 grid with 4,096 to 262,144 ways to win, cascading wins, free spins with multipliers, and a bonus buy option. The reviewer finds it a fun, low volatility game with mainstream appeal but notes reduced jackpot values and max win compared to previous titles. The game sports icy, nautical visuals with anthropomorphic animals and a solid but familiar audio-visual presentation.",
Ragnaravens WildEnergy,8,"RagnaRavens WildEnergy explores the complex Norse mythology theme focusing on Thor and Loki's brotherly dynamic. The game features Multiplier Wilds, Countdown Wilds, free spins, respins, and a buy bonus on a 6x3 grid with 729 ways to win. The reviewer finds it a solid but not groundbreaking follow-up to RagnaWolves, offering familiar gameplay and a max win of 10,000x. Visually crafted with a deific aesthetic, the game contrasts peaceful realms and fiery battles, supported by fitting thematic audio.",
Forge of Fortunes,0,"Forge of Fortunes offers a mining-themed slot experience centered on processing gold in a heavy-duty environment rather than traditional prospecting. The game features a single-row, three-symbol setup with a Forging Re-spins mechanic that increases prizes with consecutive gold nugget hits but ends on slag symbols. The reviewer finds it refreshingly simple and surprisingly entertaining, with solid replayability despite its minimalistic design and moderate max win of 2,500x the bet. Visually, the slot uses strong industrial aesthetics that complement the theme, delivering a weighty, immersive feel without extra audio distractions mentioned.",
Gods of Giza,0,"1. Gods of Giza is an Ancient Egypt-themed slot set in a treasure-filled tomb with pyramids and iconic Egyptian symbols.  
2. The game features a 5x5 grid with tumbling reels, multipliers on wilds, free spins with extended wild stays, and a buy feature for free spins.  
3. The reviewer finds it a competent but somewhat uninspired slot, offering solid entertainment and up to 5,000x max wins without feeling particularly unique.  
4. Visually, the slot boasts detailed stonework, braziers, and gem-heavy symbols, complemented by atmospheric audio that suits the exotic Egyptian setting.",
Gold Strike Bonanza,8,"Gold Strike Bonanza is a mining-themed slot that follows classic motifs with a prospector and gold nugget collection mechanics. The game features collector symbols, money symbols, free spins, and multipliers earned through collecting prospector wilds. The reviewer finds it unoriginal and heavily derivative, offering familiar gameplay without much novelty. Aesthetically, it has a retro, low-fi look with a land-based feel and simple audio, emphasizing nostalgia over modern polish.",
Robin Nottingham Raiders,3,"Robin Nottingham Raiders is a medieval-themed slot set in the market town of Nottingham, building on the Robin Hood legend. It features a 5x4 grid with 20 fixed paylines, collectible wilds triggering respins, and a free spins round with roaming wilds and multipliers. The reviewer praises its high volatility, strong win potential up to 121,500x stake, and polished gameplay, though notes the fixed paylines may feel limiting. The game boasts charming old wooden town visuals and jaunty audio, enhancing its atmospheric medieval vibe.",
Bonus Bunnies,0,"Bonus Bunnies takes players on a relaxed farm-themed slot adventure featuring bunnies, crops, and a rustic setting. The game offers medium+ volatility with features like Bonus + Wild Expansions and Carrot Link Spins, plus a bonus buy option to enhance RTP. The reviewer finds it less thrilling than typical Nolimit City titles, ideal for casual play rather than big wins. A gentle banjo soundtrack complements the cute, pastoral visuals for a soothing gaming experience.",
Charlie Chance in the Curse of Cleopatra,4,"Charlie Chance in the Curse of Cleopatra features an adventurous Egyptian tomb-raiding theme with a comedic twist. The game offers a 6x6 cluster grid, cascading wins, multipliers, and three random modifiers including Flying Scarab Wilds and Cleo's Columns. The reviewer finds it a satisfying new take in the series, with medium volatility and decent max wins of 5,500x bet. Visually, it blends 1930s animated style with lighthearted, rich-themed graphics and playful audio.",
Baker's Treat,7,"Baker's Treat is a British-themed 5-reel slot centered around cakes and desserts on an outdoor table setting.  
It features token-collecting meters triggering Flour Power Spins and a Bake Off bonus with up to 5000x win potential.  
The reviewer finds it a relaxed, feel-good game with enjoyable mechanics but somewhat lacking in big feature variety.  
The visuals showcase colorful cakes and macarons with a fun, upbeat soundtrack that intensifies during wins.",
I Hate Fairytales,2,"I Hate Fairytales offers a rebellious twist on classic fairytales, featuring edgy characters in a graffiti-covered fantasy world. The slot includes 1,024 ways to win, character-linked wild features, expanding reels, multipliers, free spins, and a unique Smash Bonus. The reviewer appreciates its humor and creativity, noting a high win potential but criticizes unclear big win transparency and a medium RTP. Visually quirky and audibly playful, the game combines cartoonish art with cheeky, irreverent audio elements.",
Wild Expedition,1,"Wild Expedition is a jungle-themed slot featuring explorer characters reminiscent of Lara Croft and Indiana Jones. The game offers 30 paylines, sticky wilds, and a free spins feature with locked wilds for potential big wins. The reviewer finds it visually appealing but criticizes its weak character development and limited winning potential. The slot boasts lush, dark jungle visuals with bright reels and an adventurous soundtrack enhancing the immersive experience.",
Cazino Zeppelin,0,"Cazino Zeppelin features a futuristic steampunk casino set aboard a floating zeppelin.  
It offers 5 reels, 20 fixed paylines, wild symbols in five poses, and a free spins round with sticky wilds and retriggers.  
The reviewer praises its entertainment value, quality graphics, and rewarding free spins, calling it one of Yggdrasil's best slots.  
The game boasts high-quality animations, a blurred cityscape backdrop, and thematic audio enhancing the immersive steampunk casino vibe.",
9 Masks of Fire Hyperspins,6,"1. 9 Masks of Fire HyperSpins is a fiery, warrior-themed slot featuring mask symbols and an exotic atmosphere.  
2. It includes 20 paylines, mask scatter prizes, free spins with multipliers, and a unique HyperSpins feature allowing individual reel respins.  
3. The reviewer sees HyperSpins as a complementary add-on that enhances the original without changing its core appeal, catering mainly to fans.  
4. The game boasts rhythmic drumming and chanting audio that intensifies with gameplay, matching its hot, fiery visuals.",
Spin Spin Sugar,1,"Spin Spin Sugar is a candy-themed slot featuring a sweet, sugary world with traditional confectionery visuals. It offers familiar mechanics including a Link&Win bonus ladder, free spins with multipliers, and an optional Upsizer feature for boosting rounds. The reviewer finds it entertaining but not particularly original, offering solid gameplay with a high volatility and decent win potential. The game’s aesthetics are soft pinks and purples with upbeat audio and cheerful candy-themed scenery, providing a classic, indulgent slot experience.",
Om Nom,4,"Om Nom is a casual slot themed around junk food with a Candy Crush vibe, offering a cozy and familiar gaming experience. It features a Mystery Symbol multiplier and free spins with added wilds, enhancing winning potential up to 4,800x stake. The reviewer praises its simple yet captivating gameplay, improved payout potential, and charming design. The game sports minimalist graphics with symbols resembling smartphone icons and a jazzy soundtrack that complements the relaxed yet engaging atmosphere.",
Wheel O'Gold,8,"Wheel O'Gold is a leprechaun-themed slot set in lush meadows with classic symbols like four-leaf clovers and horseshoes. It features a 6x5 grid with scatter pays, tumbling wins, multipliers triggered by consecutive tumbles, free spins, and a bonus buy option. The reviewer finds its multiplier system simpler and distinct from similar games, with solid winning potential up to 10,000x the bet. Visually, it offers a textbook leprechaun vibe with bright greens and rainbows, accompanied by cheerful, fitting audio.",
60 Second Heist,4,"60 Second Heist is a high-octane slot themed around a fast-paced, cinematic car heist reminiscent of 'Gone in 60 Seconds.' It features a unique timed free spins bonus round, Turbo Lock Respins, and a progressive multiplier with a max win potential of 60,000x. The reviewer appreciates its originality and transparency, noting some minor technical quirks but overall finds it a thrilling and rewarding experience. The game sports a retro, coastal aesthetic with a vibe similar to classic racing games, though the spinning reel sounds were seen as somewhat distracting.",
Holy Hand Grenade,7,"Holy Hand Grenade is a medieval-themed slot inspired by Monty Python’s surreal humor and set in a quirky, explosive world. It features a 5x4 base grid expanding to 6x5 in free spins, with unique Superspinners multipliers, a Holy Hand Grenade symbol causing symbol transformations, and a free spins round with expanding paylines. The reviewer praises its creative gameplay and entertaining volatility, recommending it for players seeking a challenging and unique slot experience. The game boasts immersive period-themed visuals and an atmospheric soundtrack with goat bleats and medieval tunes enhancing the quirky fantasy setting.",
Pacific Gold,7,"Pacific Gold takes players on an adventurous dive into a WWII-era aeroplane junkyard with a mysterious, ghostly vibe. The game features dynamic reels with Avalanches, Big Symbols, Power Stacks, Ghost Boxes, Pacific Wave wilds, Free Drops, and five X-iter bonus modes. The reviewer praises its clever new mechanics and evolving gameplay, calling it a solid, highly playable addition to the Gold series despite a slower start. Visually, the game contrasts foreboding, watery backgrounds with colorful symbols, complemented by a heavy, menacing soundtrack that enhances the eerie atmosphere.",
Immortal Romance 2,0,"Immortal Romance 2 continues the dark vampire romance theme with a more magical fantasy twist. It features high volatility gameplay, multiple RTP options, Rolling Reels, Wild Desire spins, character-linked free spins, jackpots, and a feature buy. The reviewer praises the game's depth and effort but notes high expectations for the sequel may temper reactions. The game offers moody, high-quality graphics with customizable skins and varied, immersive music tracks.",
Wild Wildebeest Wins,3,"Wild Wildebeest Wins is an African safari-themed slot centered on the underdog wildebeest.  
It features a 6x4 reel setup with 4,096 ways to win, Super Wildebeest symbols, free spins with stacking multipliers, and a bonus buy option.  
The reviewer finds it generic and uninspired, with minimal features and limited excitement despite a respectable max win potential.  
Visually, it offers typical savanna imagery with vibrant animal symbols, paired with an unusual action-movie style soundtrack.",
The Flintstones,1,"The Flintstones slot brings the classic Hanna-Barbera cartoon to life with a Stone Age theme set in Bedrock. It features a Money symbol collect mechanic with progressive collect symbols, free spins, and bonus modes like Super Free Spins. The reviewer finds it a decent but unremarkable evolution of Blueprint Gaming’s familiar mechanics, offering moderate excitement and potential. The game sports colorful, nostalgic visuals and a pleasant prehistoric backdrop, capturing the cartoon’s charm with fitting audio and character designs.",
777 Mega Deluxe,8,"777 Mega Deluxe offers a modern twist on classic fruit slot themes with an oversized 4x7 grid and 127 paylines. Key features include the Respin Insanity respin mechanic and 777 Mega Deluxe Bonus Spins with wild multipliers enhancing wins. The reviewer finds it less visually engaging than other classic slots but appreciates its high volatility and potential for big wins. A chrome-sheened, straightforward design and minimal audio make for a plain but functional aesthetic.",
Vault Cracker,3,"Vault Cracker is a lighthearted, cartoon-themed slot centered around a heist with playful characters. It features 5 reels, 10 paylines, a Heist bonus with respins, safe symbols unlocking cash prizes, and a gamble option. The reviewer finds it enjoyable and charming but notes its low winning potential and modest RTP. The game sports simple, nostalgic graphics reminiscent of older slots, paired with a smooth swing soundtrack and lively animations.",
Cannonade!,2,"Cannonade! is a maritime-themed slot centered on naval warfare, treasure hunting, and pirate battles aboard a cannon-laden galleon. It features a unique Win Streak mechanic with blocker tiles that unlock more ways to win, free spins with symbol removal, and bonus buy options. The reviewer finds it an intriguing, though not top-tier, Yggdrasil slot that innovates on sticky win respins and offers up to 20,000x potential wins. Visually, the game presents a dramatic seascape with ships under moody skies and a painterly sunrise or sunset, enhancing its swashbuckling atmosphere.",
Reel King Mega,5,"Reel King Mega revisits the classic UK pub slot theme with a nostalgic fruit machine style and a touch of Las Vegas flair. It features Super Symbols, a King's Crown wild transformation, a unique Reel King bonus game, and a Gamble Wheel with 100% RTP. The reviewer finds it appealing mainly to fans of the original, noting its niche appeal, low volatility, and modest 500x max win. The game sports a dated design and cartoonish visuals with lively audio, fitting its retro and quirky character.",
Bull In A China Shop,4,"Bull In A China Shop is an Asian-themed slot set in a China shop, creatively playing on the well-known phrase. It features random wild modifiers and three distinct free spins modes triggered by the bull wild and golden bull scatter. The reviewer finds it distinctive yet straightforward, praising its solid gameplay and potential wins up to 5,000x stake. The game boasts subtle Eastern aesthetics with Shoji screen reels and delicate porcelain symbols, complemented by fitting audio that enhances the theme.",
Miner Donkey Trouble,7,"Miner Donkey Trouble is a gold mining-themed slot featuring a comedic duo of a grumpy donkey and an optimistic miner. The game offers cluster pays, cascading wins, a Donkey Destruction meter, Pick-axe Wilds, Mega Symbols, and free spins with multipliers. The reviewer praises its entertaining gameplay, strong feature set, and high win potential despite a somewhat familiar theme. Visually, it boasts high-quality graphics and humorous character design, complemented by engaging effects.",
Dragons Playground,6,"Dragon's Playground features a cozy fantasy theme with two interactive dragons and a flame motif. The game offers Avalanches, Cycle Rounds with wild transformations, Dragon's Breath random wilds, and free spins with expanding wild frames. The reviewer finds it an enjoyable, easy-to-learn slot with solid replayability despite lacking major innovation. A cartoon style and warm visuals complement playful dragon animations and fitting audio for an inviting atmosphere.",
Whispering Winds,7,"Whispering Winds is an Asian-themed slot from Play'n GO, presenting a poetic yet familiar atmosphere. It features a 5x3 grid with 25 paylines, a Hold 'n Win Gold Respins bonus, and Mega Free Spins with 3x3 Mega symbols. The reviewer finds it a mediocre reskin of Legion Gold, with simple gameplay and modest winning potential. Visually, it offers an okay, misty courtyard backdrop with dragons and warriors, paired with generic but pleasant audio.",
Medusa Megaways,6,"Medusa Megaways revives the mythological Medusa theme with ancient Greek ruins and a creepy atmosphere. The game features up to 117,649 Megaways, cascading symbols, growing multipliers, and unique bonuses like Medusa's Gaze and Snake Strike. The reviewer praises its engaging gameplay, especially the free spins and Temptation feature, calling it a high variance slot that exceeded expectations. Visually, it combines intentionally dated graphics with a haunting soundtrack true to the original Medusa slot.",
Gems of Egypt Connecta Ways,0,"Gems of Egypt Connecta Ways offers an Egyptian-themed slot with a unique manga-style Cleopatra and an unconventional panpipe-shaped reel layout. Its standout features include the Dynamic Reels mechanic with shifting reel heights and a Connecta Ways system providing up to 961 ways to win, plus free spins with stacked wilds. The reviewer finds the game original but somewhat inconsistent, praising its novelty but noting it may not appeal to all Egypt slot fans. Visually, it combines familiar Egyptian motifs with striking, anime-inspired character design and a temple backdrop, accompanied by thematic audio enhancing the immersive experience.",
Bounty Belles,0,"Bounty Belles is a Wild West-themed slot featuring three female cowgirls, offering a fresh take on the classic Western stereotype. Key features include Wild Bounties with expanding reels, Most Wanted Bounties jackpots, free spins, and a Deadman’s Draw multiplier. The reviewer praises its unique all-female cast and solid gameplay but notes it may appeal mainly to fans of the theme rather than general players. The game sports cartoonish visuals and a fitting Western soundtrack that enhances the immersive atmosphere.",
Wild Bandolier,1,"Wild Bandolier is a Wild West-themed slot set in a dusty frontier town, inspired by classic Western imagery.  
Features include Wild Bullets randomly added on reels, free spins with guaranteed wilds and multipliers, and a Bandit-triggered bonus round.  
The reviewer finds the game competent but lacking originality, with modest winning potential and familiar mechanics.  
The slot offers solid Western-themed visuals and sound effects, though overall it feels somewhat generic and uninspired.",
Coin Bash,6,"Coin Bash is a casual, happy-go-lucky slot themed around smashing piggy banks to release coins, blending Irish luck and wealth motifs. Key features include Piggy Bank scatters awarding instant prizes, a Lucky Star Bonus with free spins and multipliers, plus Coin Spins adding extra scatters for guaranteed wins. The reviewer finds it fun and entertaining with a solid middle-ground math model, though not groundbreaking in gameplay. Visually simple with a bright pink backdrop, the slot excels with upbeat, toe-tapping music that enhances the lively atmosphere.",
Dwarf Mine,4,"Dwarf Mine is a mining-themed slot inspired by Germanic mythology featuring dwarfs digging for crystals underground. It offers Expanding Reels with up to 16,807 ways to win and two free spin modes, including a Collection Free Spins with high-value symbols. The reviewer finds the game well-designed and smooth but limited by the absence of wilds and fully stacked symbols, capping its win potential. The slot sports cartoon-style graphics, charming animations, and a fitting musical score that enhance its underground mining atmosphere.",
Cornelius,7,"Cornelius is a cat-themed slot set in a charming cartoon kitchen, featuring a playful feline protagonist. The game includes Cash Drop respins, free spins with boosters, and a Bonus Buy option, all built around low volatility gameplay. The reviewer finds Cornelius a cute, benign slot with modest winning potential, ideal for casual players seeking light entertainment. Its classic cartoon visuals and fun sound effects create a cozy, relaxed atmosphere fitting the game's easygoing vibe.",
Master of Atlantis,0,"Master of Atlantis is a mythology-themed slot set in the underwater lost city of Atlantis, featuring Poseidon as a central character. The game includes Trident Strike mystery symbols and a Poseidon Free Spins bonus with Trident Power Spins for enhanced win potential. The reviewer finds it moderately innovative with balanced medium variance and up to 10,000x stake wins, though the main game can feel tedious. The slot showcases cartoon-style graphics with dark ocean blues, animated bubbles, seaweed, and soothing background music for a chill atmosphere.",
Lilith's Inferno,4,"Lilith's Inferno is a dark fantasy-themed slot where players battle underworld guardians alongside the cute hero Lilith. The game features 5 reels, 25 paylines, free spins triggered by gorilla relics, and interactive boss fights during bonus rounds. The reviewer finds it a high-volatility game best suited for risk-takers, praising its engaging battles and sizable top prize despite a slow base game. Visually, the slot offers decent graphics with a standout, vibrant battle sequence and an immersive audio-visual experience.",
The Alter Ego,5,"The Alter Ego is a Gothic-themed slot inspired by the duality of human nature, set in a moonlit Victorian London street. It features a volatile base game with mystery symbols and an expanding reel free spins round offering up to 100,000 ways to win. The reviewer praises its atmospheric base game and thrilling, high-potential bonus round, recommending it for players who enjoy high volatility. The game's steampunk aesthetics and eerie soundtrack effectively enhance its mysterious, old-fashioned vibe.",
Mystic Panther Treasures of the Wild,1,"Mystic Panther Treasures of the Wild is a jungle-themed slot featuring wild animals and a murky, foreboding backdrop contrasted by upbeat music. The game offers 729 ways to win, with free spins including full reel wilds and a Link&Win Hold&Win bonus promising prizes up to 5,000x the bet. The reviewer finds the slot conventional and uninspired, lacking creativity despite solid payout potential. Visually, it has a nice jungle background but clashes with cheerful audio, resulting in a mismatched atmosphere.",
Bee Hive Bonanza,4,"Bee Hive Bonanza is a bee-themed slot set in a medieval flower meadow with bees as jesters and kings. It features Avalanches, a Money Bee instant cash win mechanic, and free spins with a progressive multiplier meter. The reviewer praises its engaging gameplay and lengthy win sequences, offering a solid alternative to similar scatter pay slots. The game boasts bright, inviting visuals and a pleasant audio atmosphere reminiscent of a ""Sound of Music"" vibe with bees.",
Gates of Olympus,4,"1. Gates of Olympus is an Ancient Greek mythology-themed slot featuring Zeus and the gods at Olympus.  
2. It offers a unique pay-anywhere system, cascading wins, multipliers up to 500x, free spins with a global multiplier, and an Ante Bet option.  
3. The reviewer finds it a more grounded, volatile evolution of Sweet Bonanza with realistic win potential and engaging gameplay.  
4. The game combines a serious mythological atmosphere with striking visuals of Olympus and electrifying audio effects enhancing the experience.",
Mars Attacks!,6,"Mars Attacks! is a sci-fi slot themed on Tim Burton's cult classic movie featuring a Martian invasion of Earth. It offers 5 reels, 20 paylines, and multiple bonus features including free spins with expanding wilds and random base game modifiers. The reviewer finds it visually impressive with smooth gameplay, though somewhat similar to other Blueprint titles, recommending it for its entertaining features and winning potential. The game’s aesthetics capture Burton’s trademark style with detailed backgrounds and a radar-style spin button, enhancing the immersive experience.",
Hammer of Vulcan,1,"Hammer of Vulcan is a Roman mythology-themed slot centered on Vulcan, the god of fire and forge, set against the volcanic backdrop of Mt Etna. The game features include Hammer Strikes that turn symbols wild, a free spins bonus with increasing multipliers, a win-ensuring Strike Again feature, and a unique Bonus Buy option. The reviewer finds it a brutal, high-volatility challenge with potentially massive rewards but punishing gameplay, suited for risk-tolerant players. Its heavy metal soundtrack and imposing visuals create a thick, intense atmosphere, emphasizing the fiery forge theme.",
3 Cherry Frenzy,2,"3 Cherry Frenzy is a disco-themed slot featuring classic fruit symbols and flames, though it lacks strong personality. The game includes 3 combinable LockNWin bonus rounds, Split symbols expanding ways to win, and multiple feature buy options. The reviewer finds it energetic but uninspired, calling it a less distinctive clone of 3 Lucky Hippos with decent but not outstanding gameplay. Visually, it offers flashy lights and a metal/rock soundtrack, contrasting with its disco label but lacking unique charm.",
Bison Wilds DoubleMax,8,"Bison Wilds DoubleMax is a nature-themed slot featuring bison and wildlife on the plains. It includes DoubleMax cascading multipliers, four types of wilds, free spins with a gamble feature, and a super-high volatility level. The reviewer finds it dated and average, with a low RTP and little to distinguish it from similar games. Visually, it looks old-fashioned with basic animations, while the audio is described as spirited but not immersive.",
Zicke Zacke,8,"Zicke Zacke is an Oktoberfest-themed slot celebrating the festival's traditional German culture and lively atmosphere. It features a 5x4 reel setup with 20 paylines, a Super Stake option, Beer Tower respins, and three types of wilds in free spins. The reviewer found it a cheerful and engaging game, though not highly innovative, offering solid entertainment for fans of festive slots. The game boasts upbeat visuals of beer, sausages, and Bavarian scenes, complemented by a catchy oompah band soundtrack.",
Anvil & Ore,6,"Anvil & Ore is a mining-themed online slot set deep underground, featuring a fantasy subterranean adventure. It includes key features like Echo Roll, Rolling Reels, Upsizer levels with free spins, multipliers, and a bonus buy option. The reviewer finds it a balanced, less extreme high-volatility game with a max win of 5,000x, appealing to players seeking thrilling but manageable risk. The game presents dense rock and lava visuals with a heavy, immersive atmosphere, complemented by fitting audio effects.",
Super Dice Megaways,0,"Super Dice Megaways centers on a dice-themed slot using the Megaways engine, blending ancient gambling motifs with modern mechanics. The game features cascading wins, mystery scatter prizes, free spins with increasing multipliers, and an optional gamble feature. The reviewer finds it a niche, somewhat repetitive experience with modest excitement, best suited for fans of retro-styled slots. Visually, it mimics a land-based casino cabinet with classic arcade sounds, offering a nostalgic but limited aesthetic appeal.",
11 Enchanting Relics,8,"11 Enchanting Relics is a magical-themed slot inspired by mystical relics and arcane devices, creating a mysterious atmosphere. It features 25 paylines, high volatility, an Epic Pick bonus, instant cash prizes from scatter symbols, and free spins with extra wilds. The reviewer finds it a compelling, higher-risk alternative to similar slots, offering bigger payout potential and engaging features. The game boasts enchanting visuals with filtered light effects and a magically inspired soundtrack reminiscent of a wizard's study.",
Sticky Candyland,0,"Sticky Candyland features a sugary candyland theme with a classic, sweet slot design. The game includes 9 paylines, sticky wilds in free spins, and a buyable free spins round as its main feature. The reviewer finds the gameplay simple and somewhat monotonous but acknowledges a charming, easygoing appeal. Visually, it boasts a colorful, candy-coated aesthetic with a sprinkle-filled background and fitting audio that complements the sweet theme.",
Sands of Eternity 2,0,"1. Sands of Eternity 2 is an Ancient Egyptian-themed slot, expanding on its successful predecessor with a larger 6-reel, 7-row play area.  
2. The game features avalanche mechanics, special stone block modifiers, a free spins bonus with multipliers, and a Super Mode for increased win potential.  
3. The reviewer praises the sequel for enhancing an already strong game with satisfying visuals, engaging features, and higher winning possibilities up to 15,000x the bet.  
4. The aesthetics showcase improved artwork with stone block symbols and thematic Egyptian imagery, complemented by smooth, gratifying avalanche animations.",
Well of Wishes,1,"Well of Wishes is an Irish-themed slot featuring leprechauns and classic symbols of luck. Its key features include a unique symbol transformation into wilds and a free spins round with persistent wilds and extra spin opportunities. The reviewer finds the game entertaining with good potential despite a lower RTP and somewhat bland base gameplay. Visually, the slot uses a pink and green palette with a Celtic-inspired reel frame and fitting soundtrack, though the background is considered dull.",
Rome - The Conquerors,0,"Rome - The Conquerors is a cartoon-style slot set in 410 AD during Rome’s fall to the Goths, blending historical themes with a lighthearted tone. The game features 1024 ways to win, expanding free spins with increasing wild multipliers, and a progress bar unlocking super free spins on a larger reel set. The reviewer finds it highly playable with distinct character but notes the gameplay and visuals feel somewhat familiar and predictable. Aesthetics include clean, bold cartoon graphics and a decent, though not memorable, soundtrack typical of Peter & Sons’ style.",
Cowboys Gold,2,"Cowboys Gold transports players to the classic Wild West with a straightforward cowboy-themed slot experience. Key features include the Money Collect system and free spins with multipliers up to x5 for bigger wins. The reviewer finds it solid but less impressive than top Western slots, noting familiar mechanics and challenging bonus triggers. The game boasts pleasing wooden saloon visuals and a dramatic, atmospheric soundtrack that enhances the theme.",
Golden Haul Infinity Reels,4,"Golden Haul Infinity Reels features a gold mining theme set in a dusty desert landscape. The game uses the licensed Infinity Reels mechanic with multipliers, Infinity Wilds, and a free spins feature triggered by scatter wins. The reviewer finds it a disappointing follow-up to Bad Dingo's debut, citing mediocre stats, limited features, and lack of innovation. Visually, the slot offers decent graphics and an energetic banjo-led soundtrack that complement the mining atmosphere well.",
Book of Duat,0,"Book of Duat is an Egyptian-themed slot featuring Quickspin’s explorer Anna in a classic ""book of"" style adventure. The game offers expanding symbol free spins with a unique pick-and-click bonus round that awards extra spins, expanding symbols, and multipliers. The reviewer praises it as a solid, traditional slot with high volatility and strong winning potential, enhanced by its innovative bonus mechanics. Visually, it presents a traditional Egyptian setting with hieroglyphs and rocky cliffs, complemented by an immersive Egyptian soundtrack.",
Get The Cheese,1,"Get The Cheese is a cartoon-themed cluster pays slot featuring a mouse and a blue bird chasing cheese in an outdoor setting. Key features include super cascades, Jumping Wild Multipliers, three upgradable bonus rounds, and bonus buy options. The reviewer finds the game mechanically interesting with potential for big wins but notes the theme may not appeal to all players. The slot offers playful visuals and lighthearted tunes alternating between French café and Italian pizza place music.",
Stormforged,1,"Stormforged is a Norse mythology-themed slot featuring the elemental clash of fire and ice with Viking warriors and the fire giant Surtur. The game offers dual free spin bonus rounds set in Midgard and Muspelheim, sticky wilds, multipliers, and a bonus buy menu with six options. The reviewer praises its immersive theme and balanced gameplay but notes the audio lacks excitement and big wins feel subdued. Visually, Stormforged presents a rugged, icy landscape with fiery contrasts, complemented by classic but understated sound effects.",
Sweet Alchemy 100,1,"Sweet Alchemy 100 blends candy and benevolent witch themes in a colorful, magical slot setting.  
Key features include Witch Power modifiers, the Trinity meter for special spins, and up to 100 free spins with a x100 win multiplier.  
The reviewer finds it a fun but heavily recycled reskin of Moon Princess 100, offering solid gameplay with familiar mechanics.  
Visually, it presents a sweet, whimsical aesthetic with soft clouds and subtle anime influences, accompanied by engaging audio effects.",
Payday Megaways,8,"Payday Megaways is a quirky slot themed around office life, bad bosses, and payday fun. It features classic Megaways mechanics with cascading wins, mystery symbols, a pick-me bonus, and free spins with progressive multipliers, plus a unique Promotion feature. The reviewer praises its humorous take on a mundane theme and solid gameplay, noting it offers a refreshing break despite familiar features. Visually, it sports bright, garish 1990s-style graphics paired with a loungey soundtrack, giving it a distinct retro vibe.",
Slot Vegas Megaquads,8,"Slot Vegas Megaquads is set in a nostalgic, vintage Las Vegas with a lively gambling atmosphere. It features four simultaneous 4x4 reel sets with Symbol Multipliers, Rainbow Wild Bonuses, and expansive free spins offering up to 16,777,216 ways to win. The reviewer praises its engaging gameplay, high volatility, and rewarding multiplier mechanics, though advises patience for optimal bonus rounds. Visually, it boasts flashy golden-age Vegas aesthetics and a quirky, banjo-infused soundtrack that adds character and energy.",
Vegas Diamonds,5,"Vegas Diamonds is a classic 3x3 slot themed around the vibrant Las Vegas casino atmosphere. The game features multiplier wilds, a nudge feature, Perfect Match Respins, and a Fortune Wheel bonus with free spins and increasing win levels. The reviewer found it less rewarding than ELK Studios' previous titles, citing lower RTP, hit frequency, and max win potential. Visually, it impresses with vivid animations and ambient crowd sounds that enhance the Las Vegas feel.",
Milkshake XXXtreme,4,"Milkshake XXXtreme is a candy-themed slot centered around colorful milkshakes and sweet treats.  
Key features include scatter pays with an Avalanche mechanic, Milkshake multipliers, Boosters, and optional XXXtreme Spins for enhanced betting.  
The reviewer finds it a well-packaged, moderately volatile game offering up to 7,100x max wins, suitable for players seeking a sweeter, less extreme experience than similar titles.  
Visually bright with pastel colors, the game has a simple, cheerful design paired with lively, sugary-themed audio.",
Starfire Fortunes,0,"Starfire Fortunes is a mystical, cosmic-themed slot blending wizardry and space magic. It features a 5x3 grid with a unique TopHit Reel, wild multipliers, nudges, free spins, and a bonus buy option. The reviewer praises its high volatility and rewarding bonus rounds, highlighting potential wins up to 25,000x the bet. The game boasts bright, inviting visuals with esoteric decor and an enchanting atmosphere that complements its magical theme.",
Bronco Spirit,8,"Bronco Spirit features a familiar wild mustang and Native American theme set in a classic prairie landscape. The game offers 75 fixed paylines, a progressive feature with collectible gold coins, and a free spins bonus with roaming wilds and volatility choices. The reviewer finds it uninspired and overly familiar, lacking originality and excitement compared to similar titles. Visually, it presents a standard desert backdrop with stock image quality and traditional slot sounds, providing a decent but uninspiring atmosphere.",
Mystic Staxx,8,"Mystic Staxx is an Asian-themed slot featuring a growing symbol stack mechanic on an 8x6 grid. Its main feature is the Expand symbol that increases stack heights, culminating in large wilds, with no bonus rounds included. The reviewer finds it a slow-paced, highly volatile game requiring patience, offering occasional decent wins but limited overall profitability. The aesthetics combine deep crimson backgrounds, gold accents, somewhat tacky symbols, and slow Eastern-inspired music for a mystical yet upscale ambiance.",
Mine & Melt,7,"Mine & Melt is a mining-themed slot set in the Klondike gold rush region, featuring a 4x4 grid where players prospect for gold nuggets. Key features include random stacked Wild Miner multipliers, merging Collector symbols in bonus rounds inspired by the 2048 puzzle, and buyable bonus games with varying lives and multipliers. The reviewer finds it a satisfying mid-tier hold 'n win slot that offers fun and engaging gameplay without the intensity of bigger titles. The game sports atmospheric mountainous artwork and a fitting banjo-driven Western soundtrack that complements its gold rush theme.",
Hypernova 10K Ways,8,"Hypernova 10K Ways is a space-themed slot set against colorful nebulae, continuing ReelPlay’s cosmic series with a simplified 10,000 ways mechanic. It features a Bonus Respins round with instant cash prizes and four jackpots, triggered by landing six or more scatter symbols. The reviewer finds it largely a redundant follow-up to the Megaways version, offering little new excitement or improved potential. Visually, the game maintains ambient cosmic aesthetics and soothing soundtrack, though the theme feels less fresh than earlier releases.",
Gods of Olympus 3 Megaways,2,"Gods of Olympus 3 Megaways is a Greek mythology-themed slot that immerses players in ancient culture with gods and classical architecture. It features a Megaways mechanic with up to 200,704 ways to win, tumble wins, god-triggered symbol modifiers, free spins with increasing multipliers, and a bonus buy option. The reviewer finds it a solid but somewhat unoriginal Megaways game, noting Iron Dog Studio’s familiar gameplay style and a max win of 25,000x the bet. Visually, the game has a classical Greek aesthetic with stone and column motifs, though the artwork feels a bit thin, complemented by an agreeable, culturally evocative design.",
LeoVegas Megaways,8,"LeoVegas Megaways is a Megaways slot set in the glamorous LeoVegas Casino world, offering a familiar theme inspired by Bonanza. It features cascading reels, a unique Megaways wheel for bonus setup, free spins with unlimited multipliers, and a bonus buy option. The reviewer finds it a typical Megaways game with little innovation aside from the visual Megaways wheel, delivering solid but unremarkable gameplay. Visually, it uses a red-orange palette with LeoVegas branding, complemented by gemstone symbols and a casino token wild, matching the casino’s design and atmosphere.",
Pine of Plinko 2,1,"Pine of Plinko 2 is a charming winter-themed slot set in a snowy village, featuring a captivating Plinko bonus round. The game includes a 5-reel base with 10 paylines, scatter re-rolls, and bonus additions like Bumper Buckets and Golden Ball Drops that enhance gameplay. The reviewer praises it as a strong sequel that builds on the original’s fresh, joyful mechanics with added features and doubled max win potential. A cozy, whimsical aesthetic with a festive, muzak-style soundtrack complements the engaging and visually delightful experience.",
Ruff Heist,0,"Ruff Heist is a heist-themed slot featuring mischievous doggy criminals set in a British urban and vault backdrop. The game offers unique features like three types of Dog Collect symbols that upgrade and collect Diamond Cash prizes, alongside free spins with a progressive Cash Vault bonus. The reviewer finds it a humorous, well-designed game with fresh mechanics, though unlikely to rival top titles in big win potential. Its playful visuals, British motifs, and lighthearted audio create an entertaining, upbeat atmosphere.",
Rex The Hunt,7,"Rex The Hunt is a dinosaur-themed slot set in a glowing green forest with a B-movie vibe. Its main features include stacked mystery symbols and a free spins bonus with sticky mystery reveals. The reviewer finds the game straightforward but lacking innovation, with modest max wins and limited replay value. The visuals are typical Thunderkick quality, combining easy-on-the-eyes graphics with atmospheric audio.",
Brood of Gods,7,"Brood of Gods is a Polynesian-themed slot featuring three gods with unique reel-modifying powers inspired by anime-style gameplay. It offers a 5x5 grid, cascading wins, modifier gods, multiplier coins, free spins, and a bonus buy option. The reviewer found it visually unique but criticized its slow pace, modest max win of 1,789x, and lack of engagement compared to similar titles. The game boasts neat visuals and mystical audio that evoke a captivating atmosphere but lacks the excitement of its inspirations.",
Fishin' Pots of Gold Gold Blitz,4,"Fishin' Pots of Gold Gold Blitz combines fishing and leprechaun themes but lacks originality, being a direct clone of another slot. The game features 6 reels, 4,096 ways to win, Collect symbols, free spins with multipliers, Gold Blitz feature, and a bonus buy option. The reviewer finds it uninspired and repetitive, though familiar gameplay and a 5,000x top prize may appeal to some players. Visually, it is bright and colorful with typical Emerald Isle aesthetics but nothing particularly noteworthy in design or audio.",
Bass Boss Megaways,0,"Bass Boss Megaways is a fishing-themed slot featuring an expanded play area with up to 117,649 ways to win. Key features include a fisherman catching fish symbols for prizes, Fish School and Underwater Mine scatters, and free Contest Spins with multipliers. The reviewer finds it a genial slot with unique catch mechanics and a high max multiplier of 25,539x the bet. Visually, it offers a pleasant aquatic setting with see-through reels, water background, and ambient fishing sounds.",
Wild Wild Riches Megaways,4,"Wild Wild Riches Megaways is an Irish-themed slot by Pragmatic Play, featuring a revamped Megaways system with up to 117,649 ways to win. Key features include wilds, bonus symbols, a Money Collect feature with jackpots and multipliers, and a gambleable free spins round. The reviewer finds it an improvement over its predecessor due to the larger grid and higher max win of 10,000x the bet but notes the gameplay is largely familiar. The game sports scenic green hills, a white fence, and a rainbow landing on a gold-filled hat, paired with fitting Irish-themed audio.",
A Flight of Fortune,7,"A Flight of Fortune features a tropical Amazonian bird theme centered on toucan brackets instead of traditional slot symbols. The game offers unique mechanics like CoinVerge brackets, multiplier and upgrade coins, jungle prizes, nudges, and respins to create collection areas for wins. The reviewer finds it creatively unusual but criticizes its generally low payout values despite high volatility and a max win potential of 8,000x. Visually, it immerses players in a lush jungle setting, complementing the quirky audio and overall eccentric vibe.",
Empress of the Shadows,1,"Empress of the Shadows immerses players in a dark, gothic underworld ruled by a mysterious empress and her shadowy creatures.  
The slot features 20 paylines on a 5x5 grid, mystery symbols with multipliers, respins, free spins, and four bonus buy options.  
The reviewer praises its well-integrated features and engaging gameplay, highlighting a strong maximum win potential of 12,000x.  
The game boasts quality gothic artwork, eerie crimson lighting, and a heavy metal-inspired atmosphere enhancing the dark fantasy theme.",
Grim Reaper Supermatch,6,"Grim Reaper Supermatch is a cemetery-themed slot featuring a female Grim Reaper in a spooky, misty setting. It offers unique gameplay with unlocking rows, Mega Respins, Halfway Bonus, Mystery Stacks, Soulcatcher Bonus, free spins, and Bet Boosters. The reviewer found it a well-rounded, engaging follow-up to Rome Supermatch, praising its originality and feature interplay. The game’s eerie aesthetics and horror-inspired soundtrack create a mildly chilling atmosphere without jump scares.",
Grand Spinn,7,"Grand Spinn is an Art Deco-themed 3-reel, single payline slot evoking a glamorous vintage style.  
It features a nudge mechanic, multiplier wilds, and three fixed jackpots, with a progressive jackpot option in the Superpot version.  
The reviewer praises its superior design and features, calling it one of the better 3-reel slots despite personal reservations about single payline games.  
The game boasts a luxurious, streamlined Art Deco aesthetic with geometric shapes and a rich gold-to-red color palette.",
Golden Hook,7,"Golden Hook is a fishing-themed slot that replaces traditional reels with a unique casting mechanic inspired by bitcoin Crash games. Players cast a line by holding a button, risking the line breaking to increase winnings, with features including random multipliers and a timed bonus round catching fish and crabs. The reviewer finds the gameplay fiddly and rewards modest, though the theme and mechanic integration are clever and intriguing. Visually, the game offers a serene water scene with gentle waves, islands, and lively fish, complemented by fitting audio enhancing the fishing atmosphere.",
Cash Surge,1,"Cash Surge is a money-themed slot set in a vibrant pink and purple cosmic atmosphere. It features a unique 3-4-5-4-3 grid with 720 ways to win, local jackpots, a Money Award feature, and a free spins round with multipliers. The reviewer finds the game visually and aurally stimulating but considers the gameplay and mechanics fairly standard and unremarkable. The aesthetics combine flashy, colorful graphics with dynamic electronica music that intensifies during free spins.",
Moon Princess Origins,3,"Moon Princess Origins is a manga-inspired slot featuring leggy princesses on a 5x5 cluster grid. It offers cascades, Girl Powers, Trinity respins, free spins, and instant prize orbs with high volatility and up to 10,000x bet wins. The reviewer finds the gameplay engaging but overall the game feels underwhelming with a lackluster story and visuals. Aesthetics and audio are on par with previous releases but nothing particularly special or memorable.",
Idol of Fortune,1,"Idol of Fortune is an Indian-themed slot centered on Ganesha, blending cultural motifs with online gaming. It features free spins with mystery symbols and a Wild Prize bonus offering up to 5,000x stake rewards. The reviewer finds the game solid and well-executed but somewhat safe and lacking standout innovation. Visually, it offers colorful Indian-inspired designs and fitting audio, creating an immersive yet familiar atmosphere.",
Mine Blown,8,"Mine Blown is a mining-themed slot set in a subterranean wooden mine, focusing on resource collection with a rock music backdrop. It features free spins with sticky wilds, bonus spins collecting vein symbols, and dynamite/TNT wild transformations. The reviewer finds the gameplay somewhat slow and low on excitement, with modest win potential and the bonus spins as the most engaging element. The game boasts lively visuals of claustrophobic mine interiors and a guitar-driven soundtrack to enhance the atmosphere.",
Penguin City,8,"Penguin City is a video slot themed around penguin kitchen workers attempting to escape a Chinese restaurant. Its main feature is the Penguin Escape Mode, with sticky wilds, respins, and a moving Emperor Penguin stacked wild. The reviewer finds it visually stunning but notes the gameplay engine and max win are somewhat underwhelming, though still entertaining. The game boasts animated backdrops with penguins, bugs, and lanterns, delivering charming aesthetics and a lively atmosphere.",
Chocolate Rocket,4,"Chocolate Rocket is a candy-themed slot set in a pastel-colored sweet wonderland filled with chocolates and sprinkles. It features expanding and multiplying Wild Rocket symbols, two free spin bonus rounds, and optional bonus buys for increased win chances. The reviewer finds the game familiar and comfortably conventional, offering solid but not groundbreaking gameplay with high volatility and a 12,500x max win potential. Visually, it presents a nicely rendered, saccharine aesthetic with soft pinks and blues, complemented by a fittingly sweet audio atmosphere.",
Beware The Deep Megaways,0,"Beware The Deep Megaways immerses players in an underwater abyss theme filled with mysterious sea creatures and hidden treasures. The game features up to 117,649 Megaways, tumbles, mystery symbols, locking wilds with multipliers, and two distinct free spins modes with gamble options. The reviewer finds it a well-constructed, moderately engaging slot with solid bonus variety but not particularly groundbreaking. Its visuals and audio offer a pleasant underwater ambiance typical of Pragmatic Play’s style, creating a fitting but not extraordinary oceanic atmosphere.",
Panther's Reign,2,"Panther’s Reign is a nature-themed slot set in a lush Amazon jungle with realistic animal symbols led by the panther. The game features a 5x4 reel with 50 paylines, Wild Spray random wilds, and a free spins round with respins that lock winning symbols. The reviewer finds it a competent but unremarkable slot, noting its outdated payline setup and moderate max win potential. Visually, the game boasts well-crafted, lifelike animal graphics and solid stone-style symbols, delivering a warm and immersive jungle atmosphere.",
Cossacks: The Wild Hunt,8,"Cossacks: The Wild Hunt explores the dramatic and historical theme of Eastern European Cossacks, offering a fresh alternative to typical Viking slots. The game features a 6x6 grid with up to 46,656 ways to win, cascading reels, win multipliers, modifier features like To Arms! and Release the Wilds, plus an innovative Foxify mode and free spins with escalating multipliers. The reviewer praises it as Foxium's finest slot, highlighting its tight design, engaging mechanics, and high max win potential of 10,000x the bet. Visually, it boasts a creepy forest setting with haunting flaming-eyed owls and a layered soundtrack that shifts from eerie cello to full orchestral intensity during gameplay.",
Bounty Showdown,4,"Bounty Showdown is a Wild West-themed slot transporting players to a moody frontier town with a focus on bounty hunting. The game centers around special bonus wild symbols that trigger respins and free spins with multipliers from the Gatling Wheel. The reviewer finds it solid and entertaining, especially the free spins, but notes its max win potential is modest compared to top competitors. A standout western soundtrack and simple wooden visuals create a decent atmosphere, though not as immersive as classics like Deadwood.",
Buffalo Power Megaways,2,"Buffalo Power Megaways is a North American wilderness-themed slot that revisits the popular buffalo and hold & win motif with a Megaways twist. It features up to 46,656 ways to win, free spins with multipliers, a hold & win bonus game, and five fixed jackpots. The reviewer finds it an uninspired remake lacking originality, offering standard gameplay without standout excitement. The game’s visuals and audio evoke the American West with canyon landscapes and atmospheric sounds like eagles and drums, creating an immersive setting.",
Break Da Bank Again,4,"Break Da Bank Again is a classic bank heist-themed slot by Microgaming, inviting players to crack the vault for big rewards.  
The game features 5 reels, 9 paylines, wild multipliers, a free spins bonus with up to 25 spins, and a gamble feature to increase winnings.  
The reviewer praises its straightforward gameplay and strong winning potential, especially during free spins, making it a lasting favorite.  
Visually simple with bold symbols on a purple background, the audio is minimal to keep focus on the action.",
Cairo Link & Win,8,"Cairo Link & Win is an Egypt-themed slot featuring Cleopatra, gods, and mythical creatures in a temple-like setting. Key features include the Link & Win respin mechanic, Expanded Reels, Express Collect, and free spins with unique reel behavior. The reviewer finds it stylish and well-presented but not highly innovative, appealing mainly to fans of Egypt themes and streak respins. The game boasts slick graphics and a fitting soundtrack blending woodwinds, drums, and tinkling win effects.",
Savannah Drums,4,"Savannah Drums is an African wilderness-themed slot offering a pleasant nature vibe with iconic savannah scenery. It features 5 reels, 20 paylines, medium volatility, a Super Bet option, and multiple Drum modifiers including wild reels, multipliers, and free spins with persistent effects. The reviewer finds it a well-executed, satisfying slot with solid potential for big wins up to 24,995x the stake. Visually, the game boasts warm, upbeat graphics and a positive, Disney-like soundtrack that complements the theme.",
Top Dawg$,3,"Top Dawg$ is a hip hop-themed slot set in a stylized South Central LA, evoking street vibes with a humorous twist on the genre. The game features mystery respins and a sticky wild free spins bonus with multipliers, offering high volatility and win potential. The reviewer finds it straightforward, entertaining, and well-executed, though not highly original, praising its fun theme and gameplay. Visually, it offers a moody urban aesthetic with a smooth 80s/90s hip hop soundtrack that enhances the immersive atmosphere.",
Pirates Charms,6,"Pirates Charms is a pirate-themed video slot with a 243-payline setup, inspired by classic pirate adventures. It features Mystery Charm symbols that transform and trigger respins, plus a Stormy Free Spins bonus with locked Mystery Charms. The reviewer found the bonus frequency low and the win potential moderate, making it enjoyable but not ideal for chasing big wins. The game boasts stunning visuals and a fitting pirate soundtrack, enhancing the immersive experience.",
Laser Fruit,4,"Laser Fruit by Red Tiger features a neon disco fruit theme with a futuristic laser twist.  
It offers expanding paylines up to 60 million ways, a bonus triggered by 3 Scatters, and up to 50 free spins with re-triggers.  
The reviewer praises its high volatility, big win potential, and marks it as a bold new direction for Red Tiger.  
The game sports catchy techno beats and vibrant neon blue laser visuals reminiscent of classic arcade vibes.",
Fire Hopper,1,"Fire Hopper is a tranquil pond-themed cluster slot featuring frogs and lily pads in a 7x7 grid. Key features include leaping wild frog symbols with increasing multipliers, instant prizes, cascading wins, free spins, and a bonus buy option. The reviewer found it initially subdued but praised its exciting, multiplier-packed bonus rounds and solid gameplay. Aesthetically, the game offers minimalist visuals with calm bird songs, creating a peaceful but understated atmosphere.",
Tasty Treats,1,"Tasty Treats is a candy-themed cluster slot by Hacksaw Gaming, featuring sweet treats and a playful monster. The game includes Bubble Boosters with multipliers and wilds, random symbol removal, and free spins with enhanced features. The reviewer finds it solid but less inventive than other Hacksaw titles, offering straightforward fun without standout bonus excitement. Visually, it sports colorful candy graphics with syrupy overlays and a ukulele soundtrack, creating a lighthearted, sugary atmosphere.",
Gladiatoro,8,"Gladiatoro is an Ancient Roman-themed slot featuring Toro the bull in a gladiatorial revenge story. It offers a 5x4 grid with expanding reels, a hold 'n win bonus round, and unique features like walking wilds, collectors, and persistent symbols. The reviewer praises its entertaining execution and nostalgic feel but notes its RTP is relatively low and bonus sophistication moderate. The game boasts high-quality visuals and animations, with humorous, engaging audio enhancing the arena atmosphere.",
Long Pao,7,"Long Pao is an Asian-themed slot featuring Qing Dynasty dragon robes and royal symbols with a distinct Manga cartoon style. Its key features include a Sticky Win respin mechanic and a free spins round with a 3x multiplier, offering medium variance gameplay. The reviewer finds it provides quick thrills but lacks lasting appeal beyond the bonus rounds, placing it in the ""fast food"" slots category. The game’s vibrant cartoon aesthetics and thematic audio complement the Oriental vibe, appealing mainly to fans of the genre.",
Bandits Thunder Link,7,"Bandits Thunder Link is a Wild Western-themed slot blending elements from Dead or Alive 2 and Money Train 2. It features 10 paylines, three distinct bonus rounds with sticky wilds and multipliers, plus a gamble feature. The reviewer finds it entertaining with big win potential but feels it lacks the originality and atmosphere of its inspirations. The game showcases a dusty frontier town setting with a groovy Western soundtrack enhancing its mood.",
4 Masks of Inca,8,"1. 4 Masks of Inca is a South American-themed slot centered on Incan culture with a focus on masks.  
2. The game features include a 5x3 grid with 20 paylines, Inca Battle free spins, Wild Puma Collect prizes, and a bonus buy option.  
3. The reviewer finds it a solid, well-crafted slot with engaging features and a max win potential of 20,000x the bet.  
4. Visually appealing with detailed Incan stonework and animations, it offers a moody, atmospheric soundtrack that complements the theme.",
Diamond Miner DuoMax,1,"Diamond Miner DuoMax is a mining-themed online slot featuring a 5x3 grid with pay-both-ways mechanics and dual win multipliers. Its features include TNT bonuses, dropdown wins, Big Blast Bonuses, free spins with gamble options, and bonus buy choices. The reviewer criticizes the outdated graphics and limited appeal beyond Reflex Gaming fans but acknowledges the innovative DuoMax mechanic and potential 5,000x max win. The aesthetics are described as dated and clunky, though the music is noted as upbeat.",
Joker Millions,7,"Joker Millions is a classic fruit-themed slot with a modern twist, centered around a lucrative progressive jackpot. It features Freeze and Respin mechanics, Column Multipliers, and Jackpot Spins that can lead to massive wins. The reviewer finds it entertaining with decent mid-level volatility wins, but its main appeal lies in the life-changing progressive jackpot payouts. Visually, it combines bright, oversized fruit symbols with flashy lights and a funky soundtrack, delivering a stylish casino vibe.",
Beast Mode,5,"Beast Mode is a retro 80s-90s themed slot featuring pastel anthropomorphic animals and a cool East vs West Coast vibe. It offers cascading wins, a Random Mystery Spin, and three distinct bonus free spin modes with optional gamble features. The reviewer praises it as a bigger, better follow-up to Iron Bank, packed with thrilling action and solid payout potential. The game boasts vibrant fluro visuals, sliced symbols animations, and a catchy retro wave soundtrack that enhances the nostalgic atmosphere.",
Wheel of Wonders,6,"Wheel of Wonders transports players to ancient Mesopotamia, exploring its rich culture and mythology through thematic symbols and setting. The slot features expanding reels, cascades, three Ancient Wheels with modifiers, and a high-volatility free spins round with up to 46,656 ways to win. The reviewer praises its intricate design and massive win potential but warns of its complexity and extreme volatility requiring patience. Visually, the game boasts detailed desert ruins with mirage effects, while the dynamic audio intensifies with gameplay action for an immersive experience.",
Razor Shark,6,"Razor Shark is an ocean-themed slot featuring underwater shark adventures with high volatility gameplay. Key features include Mystery Stacks, Razor Reveal multipliers, and a Free Games mode offering up to 50,000x stake wins. The reviewer praises its thrilling, high-risk nature but warns it may not suit all players due to extreme volatility. The game boasts vibrant cartoon-style graphics and a catchy, tension-building instrumental soundtrack enhancing the deep-sea atmosphere.",
Demon,6,"Demon is a heavy metal-themed slot inspired by the English band Demon, featuring a 5x3, 30-payline layout. Key features include a Wild Mask symbol transforming singers into wilds, and a Free Spins game with random multipliers and Hell Spins for locked multipliers. The reviewer finds it an average, high-volatility slot with modest max wins, lacking the excitement and ambition of other branded slots. Visually, it has an infernal, hellish atmosphere with demonic creatures and a jukebox of band tracks enhancing the audio experience.",
Wins of Nautilus Megaways,2,"Wins of Nautilus Megaways immerses players in a Jules Verne-inspired underwater adventure aboard the Nautilus submarine.  
The game features a 6-reel Megaways setup with Avalanches, Countdown Bombs, Full Reel Wilds, Respins, and Deep Sea Free Spins with increasing multipliers.  
The reviewer praises its solid gameplay and engaging features, noting it as a well-made, conventional Megaways slot with good potential.  
Aesthetics include a 19th-century steampunk vibe with brass elements and a stirring soundtrack, though more Jules Verne-themed visuals could enhance the experience.",
Tivoli,8,"Tivoli is a slot themed around the historic Danish amusement park, capturing its fairy-tale charm and nostalgic atmosphere. The game features medium volatility, free spins triggered by scatter symbols, and a ticket collector bonus that collects multipliers from ticket symbols. The reviewer finds Tivoli visually captivating with engaging animations but notes its gameplay is slow and limited, appealing mostly to fans of Fishin' Frenzy. Aesthetic elements include pop-up book style graphics, a stirring soundtrack, and lively carnival animations that evoke a carefree, golden age amusement park vibe.",
Bloodaxe,1,"Bloodaxe is a Viking-themed slot featuring a gritty, immersive Norse world with realistic warrior characters. The game includes Wild Axes, free spins with sticky wilds, a bonus gamble for extra spins, and multiple coin-based features like Super Spinner and Nitro Spins. The reviewer finds the game visually impressive and feature-rich but feels its gameplay lacks excitement, relying heavily on extra betting options for thrills. The aesthetics showcase detailed Viking artwork with a cold, snowy backdrop, complemented by atmospheric audio enhancing the immersive experience.",
Reactor,0,"Reactor is a futuristic-themed slot set in a sci-fi fusion reactor environment. It features a 5-reel, 20-payline layout with win-both-ways mechanics, stacked symbols, and a Battery re-spin feature that activates multiple reel-enhancing extras. The reviewer finds it highly volatile with exciting potential centered on the re-spin feature, rewarding patient players. Visually sleek and well-produced, the game includes dynamic sound effects, though its game show-style main theme feels slightly out of place.",
Fishing Deeper Floats of Cash,1,"Fishing Deeper Floats of Cash is a fishing-themed slot that recycles ideas from previous games in the genre. It features a 5x3 reel setup with 25 paylines, multiple RTP options, and bonus mechanics like Express Collect, a Bonus Wheel, Link&Win respins, and free spins with multipliers. The reviewer finds the game uninspired and dull, lacking originality compared to other fishing slots. Visually plain with a simple water background, it offers cheerful, bouncy music but little else to engage players.",
Wolf Call,8,"Wolf Call is a nature-themed slot set in the North American wilderness, featuring wolves and other wildlife. The game includes multiplier wilds, a Diamond Meter jackpot feature, and free spins with expanding Power Range multipliers. The reviewer finds it a decent game with good winning potential but notes some tacky graphics and a less polished reel area. The aesthetics blend stirring nature backgrounds with triumphant music, though the reel and jackpot displays detract somewhat from the atmosphere.",
Undead Fortune,1,"Undead Fortune is a zombie-themed slot by Hacksaw Gaming blending undead horror with a lively, retro vibe. It features Walking Duels, Expanding DuelReels, The Curse and The Tomb bonus rounds, plus a variety of high-multiplier mechanics. The reviewer finds it less bleak than predecessors but appreciates its volatile gameplay and large payout potential. The game sports hieroglyphic stone visuals with vivid animations and a mix of eerie and neon audio elements enhancing the undead atmosphere.",
Rising Royals,2,"Rising Royals is a royal-themed slot set in 18th Century France, capturing the era’s aristocratic luxury and revolutionary spirit. The game features a respin mechanic with symbol locks and upgrades but lacks additional bonus features like wilds or free spins. The reviewer finds it visually stunning but offers low payouts and limited excitement, making it less appealing compared to similar slots. Its bright, rich graphics and lavish palace backdrop are complemented by elegant design, though the audio is not specifically mentioned.",
Cat Wilde and the Doom of Dead,8,"Cat Wilde and the Doom of Dead is an Ancient Egypt-themed slot starring Rich Wilde's daughter in a classic 'Book of' style game. It features expanding wilds, a free spins mode with special expanding symbols, and potential retriggers with a win cap. The reviewer finds it a solid, entertaining addition to the series, maintaining strong gameplay and volatility. Visually, the game boasts high-quality, crisp animations and detailed Egyptian-themed graphics with an immersive audio backdrop.",
Shifting Seas,0,"Shifting Seas is a pirate-themed slot exploring shifting land masses with dynamic, evolving reels. It features Avalanches, Shift Wins that add reels and increase reel height, three Special Wild effects, and a Wild Reel bonus with multipliers. The reviewer praises its innovative mechanics and high win potential, noting it offers an engaging, layered gameplay experience. The game’s aesthetics combine cartoon pirate characters with dreamy island and turquoise sea visuals, complemented by a light, inviting atmosphere.",
Hyper Gold All In,6,"Hyper Gold All In is a flashy, Vegas-themed slot centered around a gold and mining motif. It features bonus enhancers, a bonus round with multipliers, prize tiles, and up to 12 bonus spins, echoing mechanics from Mining Pots of Gold. The reviewer found the game generic and unoriginal, offering mid-range thrills without standout innovation. Visually, it delivers sensory overload with bright flashing lights and low-key fireworks, accompanied by simple, amusing audio effects.",
Mayan Eagle Nobleways,1,"Mayan Eagle Nobleways is a Central American-themed slot set in the Yucatan Peninsula, featuring classic Mesoamerican symbols and temples. Its key features include the Nobleways mechanic with 15,625 fixed win ways, Rolling Reels, Mystery Symbols, and free spins with a progressive multiplier. The reviewer finds the game very high volatility with infrequent free spins, making it challenging but rewarding for patient players. Visually, it offers a nice thematic backdrop with step pyramids and rhythmic drumming, though the symbols appear somewhat dull and overly bright simultaneously.",
Irish Riches Megaways,7,"Irish Riches Megaways is an Irish-themed slot featuring a fantasyland version of Ireland with pots of gold, rainbows, and traditional symbols. The game includes Megaways mechanics, cascading wins, mystery symbols, free spins with unlimited multipliers, and a progressive Jackpot King feature. The reviewer praises its superb graphics, beautiful Irish-themed music, and engaging gameplay, calling it a charming and exciting slot. Visually, it boasts impeccable graphics and animations, complemented by one of the most beautiful Irish-themed soundtracks heard in slots.",
Pirates' Plenty Megaways,4,"Pirates Plenty Megaways is a swashbuckling pirate-themed slot set on a richly detailed barge deck. It features a Megaways mechanic with up to 117,649 ways to win, cascading wins, treasure map progression, expanding wilds, and free spins with increasing multipliers. The reviewer finds it a solid evolution of the series, offering familiar fun with enhanced features and big win potential. The game boasts attractive visuals and a buccaneering soundtrack that create an immersive pirate atmosphere.",
Three Star Fortune,2,"Three Star Fortune is an Asian-themed slot featuring the three star gods Fu, Lu, and Shou symbolizing wealth, status, and longevity. The game’s main feature is expanding wilds on reels 2, 3, and 4 that trigger respins when they appear. The reviewer finds it appealing for fans of the genre but notes its repetitive gameplay and limited features reduce long-term appeal. Visually, it offers a dreamy, traditional Chinese landscape with rich red and gold tones, complemented by a calm, thematic audio backdrop.",
Holiday Spirits,7,"Holiday Spirits is a Christmas-themed slot featuring a rendition of A Christmas Carol with festive symbols and a cozy holiday atmosphere. The game offers a 3x3 grid, 5 paylines, and features like random multipliers, Ebenezer’s Gift, and Win Spins with three themed respin modes. The reviewer finds it an appealing seasonal slot with solid gameplay, though notes it is a reskinned clone of Chronos Joker with only cosmetic changes. The game boasts warm, inviting visuals of a decorated hearth and tree, complemented by classic Christmas icons and a comforting audio backdrop.",
Hot Spin Deluxe,8,"Hot Spin Deluxe is a retro Las Vegas-style slot with a classic fruit theme enhanced by flashy gold accents. It features a Hot Spin Wheel triggering six random bonus features plus new Deluxe features including a random multiplier up to x10. The reviewer praises it as a worthwhile upgrade with higher max wins and exciting random extras, outshining the original. The game boasts groovy 70s disco EDM soundtrack and bright, shimmering visuals that complement its retro-modern vibe.",
Cursed Crypt,7,"Cursed Crypt is a dark, Egyptian-themed slot with a spooky, ominous atmosphere distinct from typical Ancient Egypt games. It features spreading Curse symbols that transform reel positions into random symbols, two free spin bonus rounds, and multiple bonus buy options. The reviewer praises its high production values, unique mechanics, and strong winning potential, calling it a solid addition to Hacksaw Gaming's portfolio. The game’s aesthetics combine gloomy visuals with glowing green hues, delivering a haunting and immersive audio-visual experience.",
Cat Wilde in the Eclipse of the Sun God,4,"Cat Wilde in the Eclipse of the Sun God is an adventure-themed slot set in Central America, reminiscent of Gonzo's Quest. The game features cascades, progressive multipliers up to x70, and free spins with scatter collection for extra rewards. The reviewer finds it visually appealing with solid stats but notes it can be slow and lacks engaging energy or personality. A jungle backdrop and rhythmic audio complement the well-crafted graphics and thematic design.",
Ivory Citadel,2,"Ivory Citadel is a Western Asian-themed slot set in an exotic, wild world inspired by western India. The game features 20 paylines, medium volatility, a Mystery Symbol, stacked sticky wilds, and a free spins bonus round. The reviewer finds it visually appealing with solid bonus features but overall a safe, middle-of-the-road slot lacking high excitement or big win potential. The aesthetics include muscular stone-style symbols, spirit-like wild beasts, a misty jungle backdrop, and a fitting jungle beat soundtrack.",
Piggy Luck,2,"Piggy Luck is a bright, pig-themed slot centered on positive vibes and simple gameplay. It features three pig-triggered bonuses—Golden Path, free spins with retriggers, and Cash Collect—plus a gambleable Wheel of Luck. The reviewer found the game tedious due to low volatility and underwhelming bonus rewards despite frequent triggers. The aesthetics are colorful and minimalistic, with basic symbols and an upbeat, glowing logo.",
Totem Guardians Dream Drop,0,"Totem Guardians Dream Drop is a nature-themed slot centered around spirit animals and mystical guardians guiding players through a serene forest setting. Key features include connected ways to win, rising Totem Multipliers, cascading wins, free spins with persistent multipliers, and a Dream Drop jackpot offering five progressive jackpots. The reviewer finds the game a thoughtful evolution of Relax Gaming’s multiplier mechanics, blending familiar elements into a unique, moderately volatile experience with a max win of 5,000x and a high-value Mega Jackpot. Visually, it presents a calm woodland backdrop with a totem pole and teepee, complemented by a chill, immersive audio atmosphere enhancing the spiritual theme.",
Beheaded,4,"Beheaded is a dark, soul-filled slot themed around a shipwreck survivor facing a soul-devouring Tzantza collector. It features a 5-level Progression bar, Soul Wilds, free spin modes like Ayahuasca and Tzantza Spins, and a risk/reward Pick-A-Potion gamble. The reviewer finds it clever but initially less enjoyable, noting high volatility and recommending the xBet for better engagement. The game’s aesthetics are grim and intense, matching its brutal theme, with immersive audio enhancing the dark atmosphere.",
The Trolls' Treasure,8,"The Trolls' Treasure offers a Norse folklore theme centered on charming trolls guarding modest loot in a tranquil outdoor setting. The game features a 5x4 grid with 50 paylines, medium volatility, two bonus rounds (Wheel Bonus and Free Spins) that can be bought, and an RTP around 96.7%-97.7%. The reviewer finds it a pleasant, low-key slot with decent value for bonus buys, though lacking high volatility thrills or massive wins. Its aesthetics include oil painting-style backgrounds, lovable troll characters, and a playful, charismatic soundtrack enhancing the relaxed vibe.",
Chicken Chase,8,"Chicken Chase is a charming farm-themed slot featuring hungry wolves chasing poultry on a classic 5x3 reel set. The game offers a unique spin and hold feature plus a pick-and-click bonus with modest multipliers. The reviewer finds it light, simple, and suited for low volatility play, but with limited winning potential. A cartoonish art style and oompah/saloon soundtrack create a relaxed, easygoing atmosphere.",
Lucy Luck and the Crimson Diamond,6,"1. Lucy Luck and the Crimson Diamond is an Amazon jungle exploration slot featuring the adventurous character Lucy Luck hunting for the Crimson Diamond.  
2. The game offers a 6x6 grid with scatter pays, Avalanches, treasure chests with bet multipliers, bonus Bomb symbols, free spins, and optional Fast Track and Burst Mode bonus buys.  
3. The reviewer finds it a solid debut with engaging mechanics reminiscent of Lost Relics, though somewhat limited in feature variety and suggesting potential for stronger sequels.  
4. Visually, the game presents a pleasant but modest Amazonian backdrop with clear, functional graphics and a straightforward audio atmosphere.",
Vampires vs Wolves,8,"Vampires vs Wolves is a gothic-themed slot set in misty Victorian London, featuring a vampire versus werewolf rivalry. The game centers on a free spins feature where players choose between two volatile modes, with no base game bonuses. The reviewer found the gameplay thrilling at times but criticized the low maximum win and lack of features, making it feel somewhat tedious. The slot boasts stylish gothic visuals and a superb, spooky soundtrack that enhances the eerie atmosphere.",
Sweet Gummy,4,"Sweet Gummy is a pastel candy-themed slot featuring cute monster characters set in a dreamy pink sweet shop. It offers a unique Wild Reel with multipliers and cloning wilds, plus free spins where wilds stick or move down the grid. The reviewer finds it a charming and sweet game with rewarding bonus rounds and a solid max win of 10,000x the bet. Aesthetically, it combines soft, pastel visuals with a whimsical candy vibe, creating an inviting and lighthearted atmosphere.",
Megaways Jack Frost,1,"Megaways Jack Frost is a winter-themed slot featuring icy landscapes and snowy visuals centered around the character Jack Frost. The game offers Megaways mechanics with up to 117,649 ways to win, tumbles, special Jack Frost symbols triggering various features, free spins, and buy options. The reviewer finds it a decent but uninspired reskin of a previous Iron Dog Studio slot, lacking major innovation. The aesthetics are charming with snow-covered scenery and a cold, wintry atmosphere, complemented by fitting audio elements.",
Blue Wizard,8,"Blue Wizard is a classic wizard-themed slot that maintains its original land-based casino vibe with a mystical forest setting. The game features 30 paylines, expanding wilds, free spins with multipliers, and a Fire Blaze Respin jackpot feature. The reviewer praises its playability and nostalgic charm despite dated graphics, highlighting its comforting and engaging gameplay. Aesthetics remain largely unchanged with subtle polish, featuring ambient woodland visuals and hypnotic reel sounds that enhance the physical cabinet feel.",
12 Trojan Mysteries,2,"12 Trojan Mysteries is a classical slot themed around the Trojan War and the legendary Trojan Horse. It features 4,096 ways to win, mystery symbols that transform, and a free spins bonus with an evolving Mystery Meter. The reviewer finds the game decent but somewhat underwhelming compared to 4ThePlayer’s recent releases, with features feeling a bit unfulfilled. Aesthetically, the background imagery impresses with epic visuals and music, though the grid and menus appear less polished.",
Big Burger Load it up with Xtra Cheese,8,"Big Burger Load it up with Xtra Cheese is a zany slot themed around an American-style diner with a giant eyeballed hamburger as the game grid. It features hot dog scatter prizes, free spins with an expanding grid, random multipliers, and an ante bet to boost scatter frequency. The reviewer finds it uniquely offbeat but potentially unappealing for those not into its eccentric style, noting a modest 3,000x max win. The game sports slapstick visuals and diner sounds, creating a silly, quirky atmosphere that doesn't take itself seriously.",
Big Game Fishing TopHit,0,"Big Game Fishing TopHit is a fishing-themed slot focusing on offshore big game fishing with trophy fish. It features a TopHit reel, symbol-to-wild transformations, multipliers, free spins with gamble options, and a bonus buy. The reviewer finds it a decent but not standout entry in the fishing slot niche, offering moderate excitement and a max win of 5,000x the bet. The graphics and audio provide a simple outdoor lake setting with functional visuals, though nothing exceptional.",
Hearts Highway,6,"Hearts Highway is a futuristic-themed slot blending classic symbols with a sci-fi twist featuring cyborg patrons. It offers features like Red Heart instant wins, Slot Machine mini-games, free spins with Golden Hearts, and a bonus buy option. The reviewer finds it a solid, engaging game with creative mechanics and satisfying bonus frequency. The aesthetics deliver a haunting, misty sci-fi vibe with retro synth music, reminiscent of Simon Stålenhag’s art.",
Cotton Gang Affair,8,"Cotton Gang Affair is a 1920s New York-themed slot capturing the Jazz Age's leisure and gangster vibe. It features a 5-reel grid with 324 ways to win, Mega Wilds with multipliers up to x999, free spins, and a bonus buy option. The reviewer finds it a fun, laid-back game with solid payout potential, though the base game can feel uneventful at times. Aesthetic elements include sepia-toned Art Deco visuals and jazzy tunes that complement the relaxed, cartoonish crime theme.",
Buzz Thrill,1,"Buzz Thrill features a unique sci-fi bee theme set on an alien planet, blending quirky and creative storytelling. The game offers numerous features including expanding reels, respins, Mystery Doors revealing wilds and coins, free spins, symbol expansion, and a bonus buy option. The reviewer finds it an enjoyable debut with well-balanced features that keep gameplay engaging, though the max win could be higher. Visually, the slot combines vibrant, honeyed off-world aesthetics with lively animations and fitting audio that enhance the immersive experience.",
Asgardian Stones,0,"Asgardian Stones is a Nordic mythology-themed slot featuring 5 reels and reaction wins mechanics similar to Gonzo's Quest. Key features include Colossal Symbols with crushing multipliers, a Bonus Wheel offering free spins or coin wins, and reactivatable free spins with colossal wilds. The reviewer praises its stunning visuals and smooth gameplay but notes the base game’s low returns and a bonus that can feel short-lived, resulting in modest payouts. The game boasts spectacular graphics and immersive audio that elevate the overall experience.",
Rabbit Royale,5,"Rabbit Royale is a darkly themed slot featuring a rural farm battle between humans and clever rabbits. It offers features like Wild to Carrot conversions, Rabbit Respins, Super Collect, free spins with sticky rabbits, and an X-iter bonus buy mode. The reviewer praises its originality, engaging gameplay, and potential for big wins up to 25,000x the bet. The game boasts imaginative set design and immersive audio-visuals that enhance the tense, sinister farmyard atmosphere.",
Bonsai Dragon Blitz Dream Drop,0,"Bonsai Dragon Blitz Dream Drop is an Asian-themed slot blending traditional dragon motifs with a vibrant disco-psychedelic atmosphere. Key features include a 4,096 ways-to-win setup, a collect feature triggered by Dragon symbols, Bonsai Spins with guaranteed Dragons, and linked progressive Dream Drop jackpots. The reviewer praises its simple, fast-paced gameplay and entertaining high-energy presentation, despite lacking a separate jackpot round. Visually, the game dazzles with glossy gold coins, crimson and golden fire backdrops, and an upbeat, party-like audio-visual style.",
Fire Archer,8,"Fire Archer is a medieval-themed slot inspired by Robin Hood-style archery adventures. It features a 5x5 grid with 50 paylines, a unique spreading Super Wild symbol, and a free spins round with guaranteed Super Wilds. The reviewer praises its simple yet engaging gameplay and exciting Super Wild mechanics, though notes limited feature variety. Visually, the game offers a well-crafted medieval forest setting with appealing audio-visuals that enhance the immersive experience.",
Woolly Wilds,0,"Woolly Wilds is a prehistoric-themed slot featuring woolly mammoths and ancient beasts in a cold, untamed world. The game offers two modes with static jackpots, free spins with stacked wilds, and a buy feature for direct access to free spins. The reviewer finds the jackpot mechanics unique but somewhat complex, praising the free spins and mode options as engaging elements. Visually, the game uses realistic graphics with cool blue-purple or warm golden tones, complemented by a transparent gaming panel for an immersive experience.",
123 Boom!,5,"123 Boom! is a pirate-themed slot set on the high seas with a unique Slot Slider mechanic offering two reel spin modes. Key features include Sliding Cannonball Wilds, Explosive Wins cascades, and a bonus game with a progressive multiplier and scatter collection. The reviewer finds the game innovative but potentially disorienting, praising its high win potential and transparent stats. The aesthetics feature nautical symbols and a fitting sea-inspired soundtrack that complements the pirate adventure theme.",
Tahiti Gold,1,"Tahiti Gold is a tropical adventure-themed sequel to Ecuador Gold, featuring the explorer Kane in a lush island setting. It retains the Avalanche mechanic with expanding paylines and big symbols, adding new Wild Forge and Eye of Tiki features plus a Free Drops bonus. The reviewer praises its enhanced max win potential and refined gameplay, calling it a worthy, visually sleek follow-up. The game offers vibrant, detailed graphics with expressive animations and a tribal soundtrack that complements the tropical atmosphere.",
Robbin' Robin,6,"Robbin' Robin is a medieval-themed slot inspired by Robin Hood and set in old Nottingham. It features 5 reels, 1,024 ways to win, free spins with character modifiers, and a bonus buy option to select desired features. The reviewer finds it an entertaining but unremarkable slot with decent gameplay and unique bonus buy flexibility. The game sports a light cartoon style with timber-framed buildings and a pleasant medieval soundtrack enhancing the Ye Olde England atmosphere.",
The Paying Piano Club,8,"The Paying Piano Club is an Art Deco-themed slot set in a 1920s music venue inspired by the roaring twenties jazz scene. It features stacked wilds, win multipliers, and a bonus round with unlimited free spins and multiplier increments. The reviewer finds it a fun, fast-paced game for fans of Play'n GO's 3-reel slots, though repetitive gameplay may deter others. Visually, it has a simple piano roller design with a bouncy swing soundtrack, capturing a vintage club atmosphere despite minimal in-play animation.",
Shaker Club,7,"Shaker Club is a lively slot themed around a vibrant drinking club filled with partying revellers. Its main features include random base game multipliers, increasing free spins multipliers up to x250, and a bonus buy option. The reviewer found it entertaining but less polished and cohesive compared to other Yggdrasil titles. Visually, it sports a retro, neon-lit bar atmosphere with energetic clubbers and a fitting, upbeat audio backdrop.",
Wild Depths,1,"Wild Depths is an aquatic-themed slot featuring a colorful, cartoon-style underwater adventure inspired by lighthearted sea life. The game includes multiplier wilds, roaming wilds, respins, free spins, and a progressive win multiplier that combine to enhance gameplay. The reviewer finds it charming and enjoyable, with frequent bonus triggers and entertaining features despite some volatility and modest payouts. Visually bright and bubbly, the game pairs its vibrant graphics with a jolly Caribbean soundtrack for a pleasant, laid-back experience.",
6 in the Chamber,7,"1. 6 in the Chamber is a futuristic steampunk Western slot set in a neon-lit cosmic town called Miracle City, blending classic Western themes with sci-fi elements.  
2. The game features Hunter Mode, cascading reels, Ricochet Wilds, free spins with varying volatility options, a bounty tracking system, and multiple bonus buy options.  
3. The reviewer praises its depth and massive max win potential of up to 100,000x but notes the complexity and abundance of features may overwhelm casual players.  
4. Visually, it offers a creative, neon-infused aesthetic with dynamic laser pistol animations, complemented by thematic audio enhancing the immersive space-Western vibe.",
Nugget,8,"Nugget is a Western-themed slot set in a creaky saloon with a moody, atmospheric vibe.  
It features a 6x4 main grid plus a ZapReel, multiple Wild West Rewards, tumble mechanics, and various buy options.  
The reviewer finds it feature-rich with high volatility and big win potential but less intense than its predecessor DonKey & the GOATS.  
The game's grainy, moonshine-haze art style pairs with a lively piano soundtrack to create an immersive saloon atmosphere.",
Fruit Gemz Splitz,6,"Fruit Gemz Splitz is a gem-themed slot combining fruity symbols with a galactic backdrop. It features Splitz symbols that multiply ways to win, a Coin collect mechanic, and a Hold & Respin Lightning Chase bonus. The reviewer found the gameplay sluggish and the overall experience less impressive compared to similar titles. Visually, the game mixes vibrant fruit imagery with a subdued, sleepy soundtrack, creating a conflicting atmosphere.",
Rocco Gallo,1,"Rocco Gallo is a cartoon-themed slot set in a quaint Italian village featuring chickens, a fox, and fresh produce. The game offers a simple Instant Prize Bonus with respins and multipliers, but no extras in the base game. The reviewer finds the gameplay basic and somewhat repetitive, with charm reliant on its characters rather than thrills. Visually, it uses warm tones and picturesque Italian scenery, complemented by playful, animated audio elements.",
Love Joker,4,"Love Joker is a simple, fruity 3x3 slot themed around a playful ""Love Joker"" character. It features a Love Spins bonus triggered by the Love Joker scatter, where hearts are collected to advance prize levels and potentially double rewards. The reviewer finds it basic but charming, suitable for players seeking low-volatility, straightforward gameplay rather than big wins. Visually, it sports burgundy reels with a purple pixelated background and a bright, Vegas-style aesthetic, matched by light, jazzy audio.",
Emperor's Rise,3,"Emperor's Rise is a Roman Empire-themed slot offering a lighter, daytime setting compared to its predecessor Tyrant's Fall. The game features roaming wilds with multipliers, free spins with progressive stages, and an Xtra-Bet for increased bonus chances. The reviewer sees it as a balanced, less intense alternative to Tyrant's Fall, appealing to players seeking a softer gameplay experience. Visually, it boasts bright, high-quality graphics and a clear, uplifting atmosphere contrasting the darker tone of the original.",
Vegas Night Life,0,"Vegas Night Life is a glitzy, Vegas-themed slot featuring status symbols and iconic Strip landmarks by night. Its key features include three jackpots (one progressive), Cash Stacker, free spins, and instant wins triggered by scatter symbols. The reviewer finds it a low-key, safe game with frequent features but modest excitement, suitable for patient jackpot chasers. Visually, it boasts shimmering billboard lights and a neon-lit backdrop, though reel icons feel somewhat cheesy, complemented by jazzy audio.",
Fruityways Bonanza Megaways,7,"Fruityways Bonanza Megaways offers a tropical fruit-themed slot experience set on an exotic beach with unique fruit symbols. It features cascading wins, Mystery Wilds, free spins with Multiplier Symbols, and a bonus buy option. The reviewer finds it a pleasant and entertaining reskin of Candyways Bonanza Megaways 2, with solid gameplay and a max win of 30,000x stake. The game boasts vibrant visuals of swaying palm trees, blue waters, and an upbeat, party-style soundtrack enhancing its relaxing vibe.",
Fireborn,0,"Fireborn is a fantasy-themed slot featuring dragons with unique reel-modifying powers. Key features include four dragon types that add wilds and multipliers, sticky wilds in free spins, and a 5x5 grid with 19 paylines. The reviewer found the base game slow but praised the volatile free spins round for its big win potential. A snowy, icy backdrop with castles sets a cool atmosphere, though the visuals lack strong storytelling or personality.",
Big Bass Secrets of the Golden Lake,4,"Big Bass Secrets of the Golden Lake blends fishing and Arthurian legends into a unique slot theme.  
Key features include high volatility, an Ante Bet option, two distinct free spins modes, and a 5,000x max win potential.  
The reviewer finds the game innovative yet questions the endless expansions of the Big Bass series.  
Aesthetics combine watery, golden visuals with thematic symbols, while audio details were not specifically mentioned.",
The Dog House Multihold,5,"The Dog House Multihold is a dog-themed slot that revives Pragmatic Play's popular canine adventure with a fresh quad-grid twist. Key features include up to four simultaneous 3x5 reels during free spins, sticky wilds that transfer across grids, and a bonus buy option. The reviewer finds the base game charmingly familiar and praises the innovative free spins mechanic, though notes the win cap limits massive payouts. Visually, it retains the bright, cheerful suburbia vibe with lively outdoor scenes and playful audio elements.",
Jawsome Pirates,1,"Jawsome Pirates is an underwater pirate-themed slot featuring treasure hunting amid sharks and sunken ships. The game offers Collector Wilds, Mystic Chests with various rewards, free spins, and bonus buy options. The reviewer finds it engaging but less thrilling than Pirate Bonanza, noting its slower build-up yet rewarding potential with up to 12,000x wins. Its dank, bubbly underwater visuals and menacing shark animations create an immersive, pirate-adventure atmosphere.",
Bass Boss,4,"Bass Boss is a fishing-themed slot by Red Tiger centered around catching bass with a casual outdoor vibe. It features fish money symbols, a Nudge mechanic for hook positioning, multipliers, and a Contest Spins bonus round with escalating rewards. The reviewer finds it a solid, enjoyable game with decent max win potential but cautions that big wins aren’t guaranteed. The game boasts bright, cerulean waters, cheerful country-style music, and bubbly, nature-inspired visuals.",
2 Wild 2 Die,0,"2 Wild 2 Die is a Western-themed slot featuring a gunslinger and a burning saloon, immersing players in a wild frontier showdown. The game offers multiple features including Silver and Golden Revolver symbols that shoot bullets to create wilds and multipliers, several bonus rounds, and a feature buy option for added excitement. The reviewer praises its high volatility and dynamic gameplay, highlighting the thrilling potential for big wins up to 15,000x the bet. Its oil-on-canvas style visuals and twangy Western soundtrack create a dense, atmospheric gaming experience.",
The Hand of Midas,6,"The Hand of Midas is an Ancient Greek-themed slot centered on the legend of King Midas with an underwater twist. It features sticky wilds with multipliers, free spins with a minimum win guarantee, and an Ante Bet to increase scatter chances. The reviewer finds it a solid, enjoyable slot that covers all basics well but lacks standout innovation. The game boasts mystical music and an etheric underwater aesthetic with vine-decorated reels and cartoon-styled characters.",
Twister,1,"Twister is a slot game themed around the classic 1960s physical party game, blending nostalgic social fun with online slot mechanics. Its features include Avalanches, a Twister Spinner wild with four body-part wild types, free spins with a rising multiplier, and a bonus buy option. The reviewer praises NetEnt for creatively capturing the spirit of Twister while delivering entertaining gameplay and a solid max win of 4,300x the bet. The game sports a retro 1960s living room aesthetic with colorful circles and vintage audio, enhancing its nostalgic charm.",
Treasure Horse,1,"Treasure Horse features a traditional Chinese theme set in a misty valley with mountains and temples. The game offers 18 paylines on a 3x3 grid, free spins with a 4th reel of multipliers, and stacked symbols for enhanced wins. The reviewer finds it a solid, wager-friendly slot with decent volatility and good bonus potential. Visually elegant with pleasing Chinese instrumental audio, the design is simple yet attractive.",
Raging Rhino Megaways,8,"Raging Rhino Megaways is an African savannah-themed slot reviving the classic Raging Rhino with a Megaways format. It features up to 117,649 ways to win, cascading reels, unlimited free spins with increasing multipliers, and wild multipliers up to 5x. The reviewer finds it highly volatile with huge win potential but criticizes its lack of innovation compared to other Megaways slots. Visually, it stays true to the original with vibrant savannah backgrounds and animal symbols, accompanied by fitting ambient sounds.",
Dwarfs Gone Wild,2,"Dwarfs Gone Wild is a mine-themed slot featuring Snow White and the seven dwarfs digging for riches underground. The game offers a 5-reel, 20-payline setup with unique dwarf powers, a Magic Mirror feature, and Golden Minecarts that unlock special bonus features and free spins. The reviewer praises it as Quickspin's most ambitious and high-quality production to date, noting solid gameplay and good winning potential. Visually, it features Quickspin's signature art style with polished effects and a fun Oompah soundtrack that complements the theme well.",
7x7 Zeus,5,"1. 7x7 Zeus is a Greek mythology-themed slot inspired by Gates of Olympus, set in a cloudy, mountainous realm with expanding reels.  
2. The game features an expanding 7x7 grid, multiplier symbols that double after wins and expansions, cascading wins, and a free spins mode with a persistent bonus multiplier.  
3. The reviewer finds it a solid alternative to Gates of Olympus, appreciating its fresh twists though it doesn't surpass the original's popularity.  
4. Visually, the game offers a dreamy, rugged Arcadian backdrop with prominent Zeus imagery, complemented by fitting thematic audio.",
Vikings Go To Valhalla,5,"Vikings Go To Valhalla is a Norse-themed slot where warriors battle for glory in Odin's hall, Valhalla. The game features Rage Meters, Berserk Respins, two Free Spin rounds, a Ragnarok Wheel, and bonus buy options. The reviewer praises its engaging mechanics and rewarding potential, especially for series fans, though hitting top rewards requires patience. Visually, it presents a rugged Viking atmosphere with solid graphics and immersive audio fitting the cold, mountainous Valhalla setting.",
Culinary Clash,8,"Culinary Clash is a cluster-paying slot themed around a fun, animated food fight between junk and healthy foods in a cartoon restaurant setting. It features a 7x7 grid with cluster wins, cascading symbols, multipliers on high-paying symbols, special wild Tomato symbols, free spins, and bonus buy options. The reviewer finds it a solid cluster slot with interesting multiplier mechanics and a 10,000x win potential, though somewhat fiddly and situational in gameplay appeal. The game boasts lively, cartoon-style visuals with animated food characters and a playful audio backdrop enhancing the dining clash atmosphere.",
Contact,6,"Contact is an Aztec-themed slot featuring a 5x7 grid with cluster mechanics and cascading locked wins. Key features include win multipliers up to 30x and two Bonus Rounds with reel modifiers and free spins. The reviewer finds the game underwhelming, citing low potential and a tedious main game despite Play'n GO's reputation. Visually, it showcases typical Aztec stone-carved symbols with a towering reel set and an epic indigenous soundtrack.",
Dr Wildshock Mad Loot Lab,1,"Dr Wildshock Mad Loot Lab centers on an off-beat experimental scientist theme set in a minimalist lab environment. The game features a 5x5 grid with any adjacent pays, Rolling Reels cascades, two types of wilds including Exploding Wilds, multipliers, free spins, and a buy feature. The reviewer praises its fast-paced, engaging gameplay and high hit rate but notes the bonus round lacks differentiation, making the game feel a bit one-dimensional. Visually, the slot is colorful with quirky characters, supported by a suitably vibrant and dynamic audio atmosphere.",
Olympus Unleashed,3,"Olympus Unleashed reimagines Olympian gods in a futuristic arena setting, blending classic mythology with sci-fi elements.  
The game features a 5x5 grid, Power-Up triggered modifiers, and a unique Unleashed hold-and-respin bonus round with symbol upgrades.  
The reviewer finds it an inventive, user-friendly slot with moderate volatility but notes the max win of 2,340x is modest for Push Gaming.  
Visually, it offers a sleek, futuristic aesthetic with engaging symbols, complemented by thematic audio that enhances the immersive experience.",
Divine Dreams,7,"Divine Dreams is a high-volatility slot set in a serene Indonesian rainforest, blending tranquility with intense gameplay. It features a 5x3 layout with 243 ways to win, a unique Bonus Reel offering multipliers and special respin features. The reviewer praises its massive win potential and smooth mechanics, recommending it for players seeking big rewards. Visually minimalistic yet elegant, the game’s calming forest sounds and subtle firefly animations create a soothing atmosphere.",
Fishtastic,2,"Fishtastic is an underwater-themed slot where a diver photographs fish instead of catching them, set in a vibrant coral reef environment. The game features progressive unlocking of fish symbols, a special diver reel, free spins, wilds, and a bonus round with multipliers up to 5,000x the bet. The reviewer praises its fresh take on the fishing slot genre and engaging progression system, though notes it may not appeal to all players. Visually, it offers a colorful, cartoon-style aquatic scene with bubbly underwater sounds enhancing the immersive experience.",
Outsourced,1,"1. Outsourced is a satirical slot themed around the bleak reality of job outsourcing and modern corporate drudgery set on a cartoonish factory floor.  
2. It features 4x4 reels, xWays, xNudge Wilds, Print Spins, Sweatshop Spins, God Mode, and various buy options for bonus rounds.  
3. The reviewer finds Outsourced a bold, boundary-pushing game with extreme volatility and optional high-risk features for adrenaline seekers.  
4. The game sports a bright, 1990s cartoon style with a laid-back soundtrack that contrasts its grim social commentary.",
Split Happens,8,"Split Happens is a bowling-themed slot featuring quirky cartoon characters and a casual alley vibe. Key features include Walking Stacked Wilds that split and move, pay-both-ways paylines, free spins with multipliers, and a Power Reset mechanic. The reviewer found it moderately engaging but lacking Thunderkick’s usual polish and excitement, calling it an okay but not standout game. Aesthetically, the game offers a blurry, pink-blue lit bowling alley setting with mixed cartoon graphics and subdued audio atmosphere.",
Gargoyle Infinity Reels,7,"1. Gargoyle Infinity Reels is a Gothic-themed slot featuring mystical gargoyles in a castle setting, blending spooky and cartoonish vibes.  
2. The game uses the Infinity Reels mechanic with expanding reels, free spins triggered by scatters, wild collections, and jackpot possibilities.  
3. The reviewer finds it a notable improvement over previous Infinity Reels titles, praising its bonus features and high win potential despite some mechanic limitations.  
4. The visuals include flickering candles and a purple cloudy sky, complemented by a playful, Harry Potter-esque soundtrack enhancing the mysterious atmosphere.",
Dragonfall,8,"Dragonfall features a dragon’s lair theme filled with jewels and gold, evoking a Hobbit-like fantasy adventure. The game offers an 8x8 grid with cluster pays, colossal symbols, and a unique Dragon’s Eye Wild that multiplies and triggers free spins with persistent multipliers. The reviewer praises its intense volatility, rewarding free spins, and engaging gameplay, making it ideal for hardcore slot players. Visually, it boasts rich, detailed dragon-themed graphics with a dark, edgy atmosphere complemented by immersive audio effects.",
Olympus Raging Megaways,1,"Olympus Raging Megaways is a Greek mythology-themed slot featuring a dual-reel battle between Zeus and Hades. It offers features like Wheel of Kronos, Mirror Wilds, Max Megaways, and three distinct free spins rounds culminating in the Battle Free Spins. The reviewer praises the innovative dual-reel design and engaging gameplay, highlighting its potential for big wins up to 25,000x the bet. Visually, the game contrasts cool blues of Zeus’ domain with fiery reds of Hades’, accompanied by thematic audio enhancing the epic showdown atmosphere.",
Beriched,8,"Beriched is a magical, witchcraft-themed slot set in a castle-like environment with a focus on mixing symbols to create wilds via its Recipe feature. Key features include the Symbol Lock mechanic and free spins where locked symbols turn wild and remain sticky for the bonus duration. The reviewer finds Beriched functional but lacking excitement, with frustrating gameplay outside free spins and modest win potential. Visually, the game offers warm candlelit stone room graphics and fitting music, though the aesthetics are pleasant without being particularly striking.",
Mega Masks,0,"Mega Masks is a jungle-themed slot set in the mysterious Guatemalan jungle, featuring a 5x5 grid within the Mega Mask Temple. Key features include the Mega Bet option that boosts RTP and volatility, a Mega Symbol feature that fuses reels, and a free spins bonus with artifact removal mechanics. The reviewer finds it atmospheric with some innovation but notes mixed results from Mega Bet and modest maximum rewards. Visually, the game impresses with lush jungle graphics, colorful masks, smooth animations, and a relaxing percussion soundtrack with panpipes and chants.",
Joker Bombs,5,"Joker Bombs is a fairground-themed slot blending familiar elements from Pragmatic Play's scatter pay titles. It features cascades, multiplier bombs, free spins with increased special symbols, and optional bonus buys. The reviewer finds it an unpredictable yet respectable game, though less innovative than typical Hacksaw releases. The game boasts bright bubble gum visuals and lively music, creating a carefree yet engaging atmosphere.",
Wild Storm Legionnaire,4,"Wild Storm Legionnaire features a hybrid Roman-Spartan warfare theme set in a moody battlefield ravine. Its gameplay includes a 5-reel grid with 432 ways to win, wild multipliers, free spins with locked Collect symbols, and a Hold & Respin feature awarding coin prizes. The reviewer finds the game underwhelming, citing low max wins and confused theme execution, making it unappealing to demanding players. The slot's aesthetics are dark and warlike, though the theme mash-up and modest audio offer little to excite.",
Big Benji Bonanza,8,"Big Benji Bonanza is a Wall Street-themed slot with a cheeky, money-obsessed attitude inspired by hip-hop culture. It features Super Staxx multipliers, Money symbol collection, free spins with symbol upgrades, and a bonus buy option. The reviewer finds it catchy but less innovative and impactful compared to its competitor East Coast Vs West Coast. The game offers vibrant visuals of New York finance landmarks and a playful audio-visual style with humorous presidential characters.",
Pirate Pays Megaways,0,"Pirate Pays Megaways is a pirate-themed slot set on the Spanish Main, featuring a classic Caribbean backdrop with a 6+1 reel Megaways setup. The game includes reaction mechanics, wild compass symbols, and a Deal or No Deal-style Kraken Bonus Round with free spins and multipliers. The reviewer finds it solid but not exceptional, noting its reliable RTP, huge win potential, and familiar features without strong thematic depth. Visually, the game offers bright, sunny island scenes with nautical symbols but lacks a strong pirate atmosphere or iconic imagery.",
Wild Wild Bass 3,3,"Wild Wild Bass 3 is a bass-themed fishing slot set at sea with a bright, outdoorsy atmosphere. It features Big Catch and Insane Catch bonus rounds plus a new free spins round with a growing win multiplier. The reviewer finds it lacks originality but offers something new for fans, with a capped max win of 10,000x the bet. The game boasts cheerful visuals and a sunny seaside vibe, typical of fishing slots.",
Gates of Olympus 1000,5,"Gates of Olympus 1000 is a Greek mythology-themed slot featuring Zeus and ancient columns, continuing the lineage of scatter pays games. It offers tumble mechanics, multiplier symbols up to x1,000, and free spins with accumulating multipliers for big win potential. The reviewer finds it a predictable clone with increased max wins but limited novelty, appealing mainly to fans of the original. Visually, it maintains the familiar classical style with fiery braziers and a polished, slick presentation.",
Xpander,8,"Xpander features a retro-futuristic theme with a 7x7 grid set against a neon cityscape, combining classic slot symbols with a Synthwave soundtrack. The game includes cluster pays, a tumble feature, and a unique Hopper multiplier that grows in size and value, plus free spins with multiplier retention. The reviewer praises its intense gameplay and high volatility, noting it delivers strong excitement despite lacking visual flair. Visually simple and audio understated, the game’s aesthetics serve as a functional backdrop to its engaging mechanics.",
Pond of Plinko,4,"Pond of Plinko is a charming aquatic-themed slot that evolves the classic Plinko game with a mountain pond setting. It features a 5x3 reel base game, a River Prize Feature, an Enhancer Game to collect power-ups, and a multi-stage Plinko Bonus with six unique Enhancers boosting gameplay. The reviewer praises Print Studios for deepening the gameplay and enhancing excitement, calling it a thrilling and potentially rewarding experience. Visually enchanting with a magical aquatic environment, the game combines cute aesthetics and engaging audio to complement its dynamic features.",
Treasure Mine Power Reels,4,"Treasure Mine Power Reels is a mining-themed slot with a fantasy twist featuring a dragon, miner, and diamond as main characters. Its key features include interactive wilds that trigger unique animations and cash prizes through their combinations. The reviewer finds it light-hearted and entertaining for casual players but notes its low max win and simple gameplay may deter hardcore gamers. The game boasts a rich mining atmosphere with steampunk elements and playful sound effects enhancing the fun vibe.",
Lucha Maniacs,1,"Lucha Maniacs is a wrestling-themed video slot featuring vibrant luchador characters and a 5-reel, 20-payline setup. It offers free spins with selectable bonus features, tag team symbol merges, and a Golden Bet option for extra features. The reviewer praises its stunning visuals and solid mechanics, noting some repetitiveness but overall appeal to casual and hardcore players. The game boasts powerful production quality with dynamic animations and immersive audio typical of Yggdrasil titles.",
Syncronite Splitz,5,"Syncronite Splitz offers a chic, Art Deco casino theme with a sophisticated, dark velvet ambiance. The game features 6 reels, 729 ways to win, and unique Splitz and Synced Reels mechanics that multiply winning potential. The reviewer praises its elegant design and high payout potential but notes the lack of bonus rounds limits feature depth. Visually refined with bronzy gold trims and deep purple backgrounds, the slot combines style with a smooth, understated audio atmosphere.",
Candy Glyph,6,"Candy Glyph is a cluster pays slot themed around piñatas and candy, replacing the Ancient Egypt setting of its predecessor. It features tumbling wins, Power Wilds triggering Power-Ups, and a free spins round with a roaming multiplier wild. The reviewer finds it a solid but unremarkable reskin, offering similar gameplay and excitement as the original Golden Glyph. Visually, it has a pleasant, colorful candy motif but lacks the striking appeal of the earlier Glyph games.",
Himalayan Wild,2,"Himalayan Wild is a mountain-themed slot focusing on the natural beauty of the Himalayas with wild animals but minimal cultural elements. It features a 5x3 grid with 5 paylines, a high volatility, a Free Respins round triggered by wild-involved wins, and a feature buy option. The reviewer finds it a solid, if not groundbreaking, game with good winning potential and an old-school vibe. The visuals are generic mountainous scenery with snowy peaks, complemented by straightforward audio, creating a calm and immersive atmosphere.",
Phoenix Graveyard,7,"Phoenix Graveyard is a dark, gothic-themed slot set in a somber graveyard town with phoenix and Grim Reaper elements. It features dynamic reels, sliced symbols, two wilds with multipliers, tombstone frames increasing ways to win, free spins, and various buyable bonus modes. The reviewer found the game initially unsettling for ELK Studios' style but appreciated its atmospheric charm and solid gameplay, though it lacks the intensity of similar slots. The aesthetics are gothic with ominous visuals and immersive audio that complement the eerie theme.",
Sweet Spotz,5,"Sweet Spotz is a sugary-themed cluster slot blending playful candy motifs with a Shire-like backdrop. It features Avalanches, increasing multipliers, Mystery Transforms, Cupcake Wilds, free spins, and various Fast Track buy options. The reviewer finds it charming yet somewhat derivative, combining elements from Sugar Rush and Jammin' Jars without breaking new ground. Visually, the game offers bright, detailed graphics with a cheerful, lightly Asian-influenced design and lively audio.",
Cats Megaways,5,"Cats Megaways is a feline-themed slot by iSoftBet, inspired by the classic Cats game, featuring big cats and an African savannah backdrop. It offers Megaways mechanics with up to 117,649 ways to win, cascading wins, mystery symbols, Mystery Cat Respins, free spins, and doubling/tripling of cat symbols. The reviewer finds it a respectful, enjoyable update with engaging features, though the RTP is somewhat low and the aesthetics feel mildly retro. Visually pleasant but standard, the game’s music may be a placeholder, resulting in a modest sensory experience.",
Count Jokula,2,"Count Jokula is a playful vampire-joker themed slot blending Dracula and joker motifs in a light-hearted 3x3 grid format. The game features a Shapeshifter mechanic turning bats into Joker Wilds and Respins of Evil with sticky wilds and multipliers up to x20. The reviewer finds it simple and entertaining but with limited long-term appeal, praising its humor and respin potential. Visually, it combines undead and fruit symbols with a quirky, fun aesthetic reminiscent of Hotel Transylvania, supported by a fittingly playful audio atmosphere.",
Money Jar,2,"Money Jar is a 1930s jazz club-themed slot featuring animated money jars and casino motifs. It offers numerous features including Win Respins, Countdown Wilds, Money Jar & Coin Grab, a Bonus Game, and Fast Track purchase options. The reviewer praises its unique atmosphere and rich extras but notes the bonus round can be challenging and less explosive than similar games. The game’s vintage cartoon visuals and lively jazz soundtrack create an engaging, nostalgic casino vibe.",
Super Striker,8,"Super Striker is a football-themed slot set in a stadium with a retro video game style. It features a 3x3 grid, multipliers, a bonus game triggered by scatters, and an engaging Bet Slip side game. The reviewer finds it entertaining with a decent base game and a rewarding bonus round, though its simplicity might limit its appeal. Aesthetically, it offers simple charm with a floodlit stadium view and retro graphics, complementing straightforward gameplay.",
Wild Wild Pearls,7,"Wild Wild Pearls is an underwater-themed slot featuring aquatic creatures and shimmering pearls set against coral reefs. It offers a 6-reel layout with 576 ways to win, featuring Money Collect, multipliers, Free Spins, Super Free Spins, and local jackpots. The reviewer finds it functional but overly familiar, lacking innovation and distinct identity. The game presents bright, polished visuals and a light calypso-inspired soundtrack, delivering a pleasant yet predictable experience.",
Phoenix Forge,0,"Phoenix Forge is a fantasy slot themed around the mythical regenerating Phoenix set in a gold-laden dungeon. Key features include tumble wins, multiplier hot spots, and sticky multipliers during free spins for building big wins. The reviewer finds it a simple yet occasionally rewarding game, though free spins can be difficult to trigger and its max win is moderate. Visually basic with gem-like symbols and a dramatic drum-heavy soundtrack that enhances the fantasy atmosphere.",
DJ Fox,2,"DJ Fox is a vibrant slot themed around a cool fox DJ spinning tracks in a lively club setting. The game features a 5-row grid with adjustable active rows, a VIP symbol triggering respins and a Multiplier meter, plus a Meter Lock for extended play. The reviewer highlights DJ Fox as a fast-paced, straightforward slot with fewer features but lively gameplay, noting the unique ""Win What You See"" mechanic divided by 10. Visually, the game boasts dynamic club aesthetics with booming bass vibes and sharp, stylish audio complementing the energetic theme.",
Reactoonz,0,"Reactoonz is a vibrant 7x7 cluster pays slot featuring quirky alien creatures in a sci-fi theme. The game offers cascading wins, Quantum Leap charge meters, and features like Implosion and the Gargantoon wild for dynamic gameplay. The reviewer finds it initially complex but rewarding, praising its balanced math model and engaging mechanics despite occasional frustrating moments. The visuals are colorful and lively with energetic audio that complements the game's fast-paced action.",
Crank It Up,0,"Crank It Up is a loud, music-themed slot centered around a retro party vibe with a trendy, youthful aesthetic. The game features a 5x3 reel setup with 20 paylines, a free spins round with multipliers on highlighted wild spots, and a buy feature to access free spins directly. The reviewer finds the base game dull but praises the free spins and special spins for their potential excitement and winning opportunities. Visually, it sports vibrant colors and funky beats that might appeal to some while feeling cringey to others.",
Rise of Dead,8,"Rise of Dead is an ancient Egyptian-themed slot inspired by Play'n GO’s Book of Dead and Novomatic’s Book of Ra. It features a 5-reel, 20-payline setup with Mega Stacks, randomly triggered Gift of Gods, and retriggerable Ancient Free Spins. The reviewer finds it a disappointing clone of Gold King, missing the chance to build on Book of Dead’s legacy. Visually, the game is dark and apocalyptic with cold blue tones, hieroglyphs, and thematic symbols, complemented by immersive audio cues.",
Carol of the Elves,1,"Carol of the Elves is a Christmas-themed slot by Yggdrasil, reimagining their Valley of the Gods game with festive visuals and a seasonal setting. The game features a 5x5 grid with blocker tiles, respins triggered by wins, and multipliers plus extra lives activated by removing blockers. The reviewer finds it a decent but uninspired adaptation, enjoyable if you like the original but with some frustrating moments due to its high volatility. Visually plain for Yggdrasil standards, the game’s nostalgic, sentimental soundtrack adds charm and fits the holiday mood well.",
Golden Catch,3,"Golden Catch is a fishing-themed Megaways slot set against a Northern European coastal backdrop. It features reaction wins, a unique fish bonus collection mechanic, free spins with increasing multipliers, and a bonus buy option. The reviewer praises its fresh twist on money collect gameplay, solid volatility, and high win potential up to 31,430x the bet. The game boasts lively coastal visuals with serene water scenes and fitting audio, enhancing the immersive fishing atmosphere.",
Depths of Fortune,7,"Depths of Fortune is a steampunk-themed underwater slot exploring early 20th-century treasure hunting beneath murky seas. It features a unique Loaded Reel mechanic, cascading wins, and a Hold & Win bonus round with coin collection and upgrades. The reviewer praises AvatarUX’s innovative gameplay departure from their usual style, highlighting the engaging features and solid potential wins. The game’s aesthetics combine metallic, Jules Verne-inspired visuals with immersive audio, enhancing the mysterious underwater atmosphere.",
Crabby's Gold,3,"Crabby's Gold is a pirate-themed slot by Play'n GO, featuring a sunny island adventure with treasure hunting elements. Key features include Hold'n Spin, Coin Collect, a Doubloon or Nothing gamble, and progressively unlocking powerful wilds. The reviewer finds it a solid, visually appealing game with engaging mechanics, though the claimed max win seems optimistic. Bright graphics, a cheerful buccaneering soundtrack, and quirky characters create a warm, inviting pirate atmosphere.",
Razor Ways,4,"Razor Ways is a shark-themed underwater slot that updates the series with a ways-to-win system and a deep-sea exploration vibe. It features cascading wins, expanding rows, Mystery symbols, Expanding Wilds, a unique Razor Reveal bonus, and multiple free spin options with multipliers. The reviewer praises its rich feature set and betting options, calling it a well-stocked and engaging slot despite a slightly toned-down volatility. The game boasts clean, cartoon-style graphics and atmospheric, murky underwater music with a James Bond-esque feel.",
FloridaMan,0,"FloridaMan is a pop-culture themed slot inspired by the viral ""Florida Man"" meme, featuring quirky US Florida-related imagery. Its gameplay includes a 6x3 reel grid with an upper Zap Reel, cascades, multipliers, Mystery Splits, FloridaMan Attack, Jailed Wilds, free spins, and feature buys. The reviewer finds it a smart, original, and moderately volatile slot with unique mechanics, offering a fresh alternative to typical themes. Visually, the game has a stylized Florida vibe with alligators, flamingos, pastel skies, and a relentless downbeat soundtrack that adds to its cool, experimental feel.",
Chronos Joker,7,"Chronos Joker is a classic 3x3 fruit slot with a futuristic cosmic theme featuring star clusters and alien-like symbols. The game offers re-spin mechanics with stacked symbols and multiple escalating win multipliers, including Bonus and Super Spins features. The reviewer finds it a straightforward, moderately rewarding slot appealing mainly to fruit slot enthusiasts but less so for players seeking bigger wins or complex gameplay. Visually, it combines cosmic backgrounds with fridge magnet-style fruit and timepiece symbols, complemented by a spacey, futuristic atmosphere.",
Blademaster,5,"Blademaster is a fantasy combat-themed slot featuring orcs and a mountain village setting with a Warhammer/World of Warcraft vibe.  
Key features include the Blademaster wild multipliers, free spins with a global multiplier up to x50, and a bonus buy option.  
The reviewer finds the game thematically fresh but notes the gameplay can feel repetitive, with rare feature triggers and potentially long waits for big wins.  
Visually, the slot showcases a rugged, wooden village with metal-on-wood styled symbols and immersive fantasy audio enhancing the combat atmosphere.",
Paddy's Pot Mega Moolah,5,"Paddy's Pot Mega Moolah is a leprechaun-themed slot set in the Emerald Isle, part of the popular Mega Moolah progressive jackpot series. The game features three types of wilds, respins with returning wilds, free spins with special wilds, and a progressive jackpot wheel offering four jackpots. The reviewer finds it a familiar, reskinned title with average RTP but entertaining for fans of Irish slots and jackpot chasing. Its aesthetics combine jolly, retro visuals and a cheerful tune, creating a positive, classic Irish vibe.",
Mega Moolah The Witch's Moon,5,"Mega Moolah The Witch's Moon features a magical witchcraft theme set in a stone lab with potions and cauldrons. The game offers 25 paylines, free spins with tripled wins, and four progressive jackpots including the Mega Jackpot. The reviewer finds it a basic copy of the original Mega Moolah with minimal innovation but retains the thrill of the jackpot network. The aesthetics are adequate with a Harry Potter-style soundtrack enhancing the witchy atmosphere.",
Reel Keeper,8,"Reel Keeper is a 5-reel, 10-payline slot featuring dragons in a unique, non-Asian setting. Its key features include stacked Dragon Wilds that move across reels, free Dragon Spins with enhanced wild activity, and a gamble feature for risk-takers. The reviewer finds it a high-volatility, no-frills game with decent rewards, ideal for seasoned players seeking big wins. Visually, it offers gold-framed reels with detailed symbols and a simple mountainous backdrop, complemented by fitting audio effects.",
Romanov Riches,5,"Romanov Riches is a Microgaming-powered slot themed around the Romanov dynasty with a classic, retro feel. The game features stacked symbols, a re-spin feature triggered by adjacent stacks, mystery symbols, and a bonus cash wheel with multipliers. The reviewer criticizes its low win potential, lack of innovation, and absence of RTP information, resulting in a poor overall verdict. Visually and audibly, it offers a modest homage to classic Microgaming slots, reminiscent of The Finer Reels of Life.",
Anubis Wild Megaways,5,"Anubis Wild Megaways is an Egyptian-themed slot by Inspired Gaming, utilizing the Megaways mechanic with a temple backdrop.  
Key features include cascading wins in the base game, a Free Spins bonus with locking, multiplying wilds, and a unique Spin Chance feature.  
The reviewer finds it a solid but less impressive follow-up to Desperadoes Wild, citing a more limited bonus round and lower overall excitement.  
Visuals are clear but unoriginal, with standard Egyptian symbols and atmospheric torch-lit temple audio enhancing the mood.",
Armageddon 10k Ways,6,"Armageddon 10K Ways is a futuristic slot centered on a sci-fi battle against demonic forces unleashed through an ancient portal. The game features a 6-reel 10,000 ways setup, cascading wins, and a unique respins bonus where Soldier symbols collect Demon symbol values for prizes. The reviewer found the gameplay somewhat slow and feature-light but praised its intriguing story and the Soldier collector mechanic. Visually, it offers a well-designed virtual future world with intense, energetic music enhancing the immersive experience.",
Triple Royal Gold,5,"Triple Royal Gold offers a classic 3x3 slot experience with a sleek, upscale casino theme. It features Avalanches, a bonus token collection system, free spins, and a progressive multiplier, enhancing gameplay depth. The reviewer sees it as a modest yet well-executed slot that stands out quietly in a crowded market. Visually, it shines with green and gold accents, shimmering lights, and a polished, inviting atmosphere.",
Big Bass Splash,8,"Big Bass Splash is a fishing-themed slot featuring a Mega-truck and shoreline setting for a fresh twist on the series. Key features include a new scatter assist mechanic, free spins with wild fisherman symbols, multipliers, and a bonus buy option. The reviewer sees it as a modest update with bigger max win potential (up to 5,000x) but largely similar gameplay to previous titles. Visually, it retains the aquatic, Fishin’ Frenzy-like vibe with minor changes and an underwater grid, accompanied by fitting sounds evoking a fishing adventure.",
Book of Sheba,1,"Book of Sheba is an ancient-themed slot centered on the wealthy Queen of Sheba, set in her opulent palace.  
Key features include dual-role book symbols, expanding special symbols during free spins, a Golden Book reel, retriggers, and the Ultra Bet bonus enhancing RTP and win potential.  
The reviewer finds it a solid, slightly fresh take on the familiar 'Book of' slot formula with worthwhile new twists.  
The game boasts gold-adorned, regal visuals and thematic audio that complement its luxurious ancient setting.",
Mutant Trawlers,7,"Mutant Trawlers is a fishing-themed slot set in a post-apocalyptic, polluted lake with mutant fish, offering a unique environmental twist. The game features 243 ways to win, Mutant Cash symbols, Trawler Respins with increasing multipliers, free spins with gamble options, and bonus buys. The reviewer praises its humorous, light-hearted approach and distinctiveness but notes moderate winning potential capped at 3,069x the bet. The aesthetics combine eerie, grotesque visuals with a quirky, humorous tone, enhancing the game's unique atmosphere.",
The Library,4,"The Library is a slot themed around a cozy, book-filled library featuring literary figures and a quiet, contemplative atmosphere. It highlights the Stackways mechanic with symbol stacking and free spins, including Special symbols that can stack up to 20 high, plus a bonus buy option. The reviewer finds it a solid debut with impressive win potential but notes some thematic inconsistencies and less polished visuals. The game’s aesthetics blend cozy library imagery with AI-styled portraits, while the reel animations feel somewhat out of place in the setting.",
Book of Power,8,"Book of Power is an Egyptian-themed slot centered around books and expanding symbols. It features dual Book wilds/scatters, Power Bet for enhanced free spins, expanding special symbols, and multipliers up to 15,000x the bet. The reviewer praises it as a polished, traditional yet fresh take within the crowded ""book of"" genre, offering strong winning potential and replayability. The game boasts realistic, attractive visuals with confident audio, elevating its immersive experience.",
Splendour Forest,6,"Splendour Forest is a fantasy-themed 5-reel, 10-payline slot inspired by the classic 'Book' game.  
Key features include scatter wilds, a free spins bonus with special expanding symbols, and a unique pick mechanic for multiple expanding symbols.  
The reviewer finds it a decent, well-balanced slot but notes its below-average 95.04% RTP as a major downside compared to similar titles.  
Visually, the game offers a psychedelic enchanted forest setting with relaxing spa-like music and nature sounds, delivering a tranquil atmosphere.",
Space Stacks,6,"Space Stacks is a space-themed slot by Push Gaming offering a cosmic adventure with a unique Reelbets system. The game features 10 reels with Instant Prizes and three distinct bonus games: Astro, Flip, and Apex, each with different mechanics and multipliers. The reviewer praises its originality and depth, noting it may take time to master but offers engaging gameplay and medium volatility. Visually and sonically, the game presents a futuristic outer-space atmosphere that complements its innovative design.",
3 Clown Monty,1,"3 Clown Monty is a circus-themed slot with a melancholic clown troupe that never stays long due to scaring children. The game features Multiplier Wilds, a Dealers Choice mechanic, and nested free spins including sticky Multiplier Wilds in Monty Spins. The reviewer praises the effective use of stacked features, noting potential wins up to 20,000x the stake despite some slow starts. Visually, the game presents a shabby, run-down circus atmosphere with wistful clown expressions, complemented by a subtly eerie tone rather than outright horror.",
Devil's Finger,2,"Devil's Finger is a bold debut slot by Shady Lady blending a medieval and modern cosplay theme with diabolical storytelling. The game features a 6x4 grid with up to 10,000 ways to win, unique mechanics like moving fingers that affect multipliers and winning potential, plus various bonus buys including Highlight Reels and Loot Boxes. The reviewer praises its originality, intriguing lore, and innovative gameplay, highlighting the 20,000x max win as a strong draw. Visually, the slot mixes quirky, humorous elements with a dark, mystical atmosphere, supported by fitting audio that enhances the immersive experience.",
Propaganda,2,"Propaganda is a dystopian-themed slot from ELK Studios that explores social commentary through a bleak, totalitarian world. It features a 6x6 cluster pays grid with Avalanches, multiplier wilds, Wild Strikes, bonus and Super bonus games, plus an X-iter feature buy menu. The reviewer praises its clever, thrilling mechanics and high win potential, calling it thought-provoking and entertaining. The game's aesthetic is stark and haunting, with faceless humanoids, barbed wire, and surveillance imagery, complemented by an immersive atmosphere.",
Skate or Die,4,"Skate or Die is a high-volatility slot themed around hardcore skateboarding culture with a rebellious 90s punk vibe. It features a 5x3 grid with an Extra Sauce Row, xZone Wilds, xNudge Wilds, three types of free spins, a Crasher Game, and multiple boosters. The reviewer praises its thrilling gameplay, nostalgic audio, and bold aesthetic but notes the risky gamble feature and lack of bonus round progression. Visually, the game combines gritty, gore-filled skateboarding imagery with a catchy pop punk soundtrack that enhances its edgy atmosphere.",
Cash Noire,7,"Cash Noire immerses players in a crime noir theme, centering on Detective Tom Flint solving a fictional murder case.  
Key features include Avalanches, Mystery Symbols, a Crime Zone with a Clue List, and free spins with multipliers to enhance wins.  
The reviewer finds it appealing for casual players seeking low volatility but lacking the big win potential for high rollers.  
The game boasts a dark, neon-lit aesthetic with classic noir imagery, complemented by fitting atmospheric audio.",
Respin Mania Megaways,8,"Respin Mania Megaways features a classic slot theme with a straightforward, vintage style. Its main attractions are the sticky respins holding winning symbols, a free spins bonus with multipliers, and up to 117,649 ways to win. The reviewer finds it a decent sticky respin game with solid mechanics but notes the dated theme might not appeal to all. Visually, it offers a simple purple shimmering background and decent music, lacking in excitement or modern flair.",
Arctic Valor,0,"Arctic Valor is a Norse mythology-themed slot set in a mystical arctic temple featuring valkyrie warriors. It offers 6 reels, 4096 ways to win, a random Icicle feature, and free spins with stacked Valkyrie symbols. The reviewer finds the game disappointing due to dated visuals, low payouts, and cumbersome feature mechanics despite its max win potential. The aesthetics include northern lights, falling snowflakes, and an appealing intro, but overall visuals are choppy and uninspired.",
Wild Trigger,1,"Wild Trigger is a Western-themed slot featuring a showdown between two bandits in a dusty, desolate town. The game includes Walkdown Respins and Duel Free Spins with sticky wilds on reels 1 and 5, paying both ways during special features. The reviewer finds it a laid-back, simpler slot with modest max wins and sparse features, lacking high excitement. Visually, it boasts a sizzling heat haze effect, sepia tones, and atmospheric dust, creating one of the hottest-looking slots on the market.",
Genie's Arabian Riches,8,"Genie's Arabian Riches is an Arabian-themed slot featuring a genie granting wishes, set on a 6x5 grid with scatter pays replacing traditional paylines. Its key features include Rolling Reels, MultiChase Rolling Multipliers, free spins with a growing multiplier, and a feature buy option. The reviewer finds it a solid but unoriginal game, borrowing heavily from Gates of Olympus while adding minor enhancements. The game showcases a sparkling, golden Arabian aesthetic with enchanting visuals and a fitting audio backdrop.",
Chicken Drop,2,"Chicken Drop is a farm-themed slot by Pragmatic Play featuring a 7x7 grid with cluster pays and tumble mechanics. Key features include progressive symbol size and multiplier upgrades, free spins with carried-over bonuses, and a feature buy option. The reviewer finds it exciting and well-designed but somewhat generic compared to similar grid slots. The game boasts bright, cheerful farm visuals with big red barns, lush fields, and quirky bulging-eyed chickens, complemented by a light, fun atmosphere.",
Pilgrim of Dead,8,"Pilgrim of Dead is an Ancient Egyptian-themed slot inspired by the popular ""Book of Dead"" style, focusing on immortality and Pharaonic culture. Its key features include a 5x3 grid, 10 paylines, a tomb wild/scatter, and free spins with a unique sticky expanding symbol mechanic. The reviewer praises Play'n GO's execution and twist on the classic formula, noting it offers exciting gameplay though the bonus can feel tight and volatile. The game boasts rich temple and tomb visuals with atmospheric audio, maintaining a heavy, immersive Egyptian vibe.",
Bison Bonanza,5,"Bison Bonanza is a nature-themed slot set in an American rocky canyon featuring wildlife like bison and bears. It offers scatter pays, cascades, free spins with huge multipliers, and a bonus buy option for faster access to features. The reviewer finds it unoriginal but well-executed, with strong gameplay and solid winning potential. The game boasts a traditional, polished look with fitting ambient sounds that complement its wildlife theme.",
Ultra Rich,6,"Ultra Rich immerses players in a lavish theme centered on the extravagant lifestyle of the ultra-wealthy elite. The game features a multi-tiered wheel bonus system with progress bar upgrades, offering escalating cash prizes and multipliers across three prize wheels. The reviewer finds the base game dull and the progression to bigger wins slow and luck-dependent, though the potential 10,000x max win adds some appeal. Visually, the slot is flashy and glitzy with game-show style lights and rich-themed symbols, complementing its luxurious audio-visual presentation.",
Volatile Egypt Dream Drop,5,"Volatile Egypt Dream Drop is an Ancient Egyptian-themed slot by Relax Gaming and Fantasma Games, blending traditional motifs with a Dream Drop jackpot format. Key features include Multiplier Wilds, four free spins options, and a progressive Dream Drop Jackpot with five prize levels. The reviewer finds it a solid, if unoriginal, addition to the Dream Drop lineup, offering decent winning potential mainly driven by the jackpot. Visually, it boasts clean, rich Egyptian imagery complemented by a funky, beat-heavy soundtrack typical of the genre.",
Diamond Duke,5,"Diamond Duke is a 1950s-themed slot evoking classic American diners, vintage cars, and a retro rock 'n' roll atmosphere. Its features include two bonus wheels offering multipliers and a three-stage Pick & Click bonus game for enhanced wins. The reviewer finds it charming and simple, praising the soundtrack and solid math model despite modest visuals. The game’s aesthetics blend vintage style with smooth jazz audio, creating a relaxed, nostalgic vibe.",
Extra Chilli Megaways,4,"Extra Chilli Megaways is a Mexican food market-themed slot and a follow-up to the popular Bonanza, featuring a miner-turned-chilli vendor storyline. It offers up to 117,649 Megaways with cascading wins, free spins triggered by H.O.T scatters, and a gamble wheel for extra spins, boosting volatility. The reviewer praises it as an intense, thrilling game ideal for adrenaline-seeking Megaways fans. The game showcases vibrant market visuals with chilli and garlic, complemented by energetic audio enhancing the fiery atmosphere.",
Beastly Burglars,8,"Beastly Burglars is a heist-themed slot featuring animal criminals robbing a museum of ancient artifacts. Key features include unlocking grid positions, respins, reel multipliers, and a free spins round with a multiplier symbol. The reviewer praises its solid gameplay and potential rewards up to 10,000x the bet, though it’s not overly humorous or visually complex. The game combines semi-realistic backgrounds with cartoon animal characters, offering an engaging aesthetic and fitting audio.",
Mahjong Wins,7,"Mahjong Wins is an Asian-themed slot based on the Chinese tile game mahjong, blending tradition with modern slot mechanics. It features tumbles, gold symbols that turn into wilds, rising multipliers, and free spins with enhanced multipliers. The reviewer praises its polished presentation, smooth gameplay, and well-integrated features, recommending it especially for fans of mahjong-themed slots. The game boasts a strong Asian atmosphere with floating dragons, a circular patterned background, and soothing Chinese-style audio with occasional Chinese voice-over.",
Legion Hot 1,4,"Legion Hot 1 is an Ancient Rome-themed slot featuring pastoral Tuscan and urban Roman backdrops. Its key feature is a cycle-based system where collecting bonus shields expands reels and triggers free spins with multipliers. The reviewer finds the game’s RTP mechanics and cycle system complex and somewhat frustrating, though its dynamic reel changes offer engaging gameplay. Visually, it sports grainy, watercolor-style graphics with orchestral and choral music enhancing the immersive atmosphere.",
Cresus Fortunes,7,"Cresus Fortunes is an ancient history-themed slot centered on King Croesus and mining wealth. It features random base game modifiers and a Gem Link Respins bonus with collectible gems that unlock boosts and multipliers. The reviewer praises its entertaining gameplay and balanced features, appealing to fans of Gold Digger and hold 'n win slots. Visually, it offers a light, comic book-style aesthetic with engaging, playful animations and sound.",
9 Blazing Cashpots Megaways,0,"1. 9 Blazing Cashpots Megaways is a classic fruit and sevens-themed slot with a nostalgic, old-school vibe.  
2. The game features up to 46,656 Megaways, instant cashpot prizes, free spins with expanding scatter symbols, and a bonus buy option.  
3. The reviewer praises its high volatility and strong performance, elevating a familiar concept with Megaways and lucrative bonus mechanics.  
4. Aesthetics are simple and tasteful with classic slot symbols, complemented by a straightforward background that keeps focus on gameplay.",
Trillionaire,4,"Trillionaire is a fashion-themed slot showcasing glamour, designer accessories, and supermodels inspired by FashionTV. It features a 5-reel, 20-payline setup with wild nudging supermodels, a free spins round with high-paying symbols only, and a multi-level Fashion Wheel offering big multipliers. The reviewer finds the game visually impressive but critiques its low payout potential and niche appeal, suggesting it may not attract all players. The aesthetics boast sparkling diamonds, gold trim, fashionable models, and a stylish soundtrack including ""I Want to be a Trillionaire,"" enhancing the immersive luxury vibe.",
Apex Strike Megaways,1,"Apex Strike Megaways is a wilderness-themed slot set in the arid North American outdoors, featuring wild animals like bears, wolves, and lions. The game includes Megaways mechanics with tumbling reels, an ante bet, and a Hold and Win feature with respins and cash prizes. The reviewer found the game safe but uninspired, lacking innovation and excitement despite its solid mechanics. Visually, it has a classic, old-school style reminiscent of Wolf Gold, with simple graphics and naturalistic audio.",
The Rave,1,"The Rave is a high-volatility online slot themed around an energetic techno dance party, capturing the vibe of rave culture. It features Enhancer Cells, xWays expansions, and three unique bonus modifiers: Mashup!, Sidechain, and Crossfader, alongside free spins and a Nolimit Bonus buy option. The reviewer praises its thrilling count-up wins and classic Nolimit City gameplay, noting it builds from a mellow start to an intense climax. The game boasts vibrant party visuals, charismatic symbols, and a ""lit"" EDM soundtrack that enhances the immersive rave atmosphere.",
Nile Fortune,5,"Nile Fortune is an Ancient Egyptian-themed slot by Pragmatic Play featuring iconic symbols and a mystical river setting. The game includes Mystery Modifier symbols that expand reels, add wilds, and multipliers, plus free spins with enhanced modifiers and a buy feature. The reviewer finds it polished and playable but somewhat shallow, with a moderate max win of 2,500x and lacking standout depth. Visually and audibly, it effectively recreates an atmospheric Egyptian world with detailed graphics and immersive sounds.",
Piranha Pays,8,"Piranha Pays is a quirky slot themed around a charming elderly man's living room and his pet piranha fish tank.  
The game features expanding reels, a roaming wild piranha, win multipliers, mystery instant wins, and a free spins level-up system that grows the grid and wild symbol.  
The reviewer praises its unique personality and engaging mechanics, though notes the expanding grid slightly reduces wild symbol dominance.  
Aesthetically, it offers a cozy, nostalgic vibe with old-school decor and music, enhancing the playful, inviting atmosphere.",
LeoVegas Cluster Gems,0,"LeoVegas Cluster Gems features a vibrant Las Vegas-themed cluster slot with a 7x7 grid. The game includes cascading wins, a Symbol Bank that unlocks modifiers, and free cluster falls with increasing multipliers. The reviewer finds it solid and entertaining but lacking innovation and distinct personality. Visually, it offers a dazzling, high-contrast blend of reds, oranges, and golds, with recognizable Vegas landmarks and a glitzy atmosphere.",
Octo Attack,1,"Octo Attack is a quirky slot themed around an intelligent octopus named Otto in a monochrome, punk-inspired world of trash and odd items. The game features cluster pays, Ink Stains, the Tenta-Grab mechanic, and multiple free spin modes with wild multipliers and bonus buys. The reviewer praises its unique theme, engaging gameplay, and high win potential, especially during free spins. Visually, the game uses a limited color palette with pops of color and delivers a cool, irreverent punk rock vibe.",
Captain Glum Pirate Hunter,1,"Captain Glum Pirate Hunter offers a unique pirate hunter theme with a bird's-eye view of naval battles. The game features a permanent roaming wild, free spins with expanding reels, and a Treasure Hunt bonus for multipliers. The reviewer finds it fun and bright, with engaging gameplay and a max win potential of 9,000x the bet. Visually, it’s cartoony and friendly, complemented by lively animations and a playful pirate vibe.",
Immortal Guild,8,"Immortal Guild is a Lord of the Rings-inspired slot set in a flourishing forest with a heroic narrative. It features a 5x5 grid, 1024 ways to win, cascading symbols, respins with growing multipliers, and a free spins bonus with wild multipliers. The reviewer finds it engaging with strong win potential, though somewhat similar to Jammin' Jars in mechanics. The game boasts colorful cartoonish graphics and a monumental soundtrack that enhances the epic atmosphere.",
Nikola Tesla’s Incredible Machine,8,"Nikola Tesla’s Incredible Machine is a 5-reel, 25-payline slot themed around an alternate-history where Tesla’s wild inventions come to life. The game features exploding wilds, cloned reels, and a progressive free spins mode with level-ups and locked wilds for increased winning potential. The reviewer praises Rabcat’s collaboration with Yggdrasil for delivering a solid, engaging gameplay experience with medium variance and broad appeal. Visually, the slot impresses with state-of-the-art graphics, a dark noir atmosphere, and immersive sound effects set in Tesla’s mysterious lab.",
Game of Thrones 243,0,"Game of Thrones 243 is a Microgaming slot themed around the popular TV series, featuring symbols from the four major Houses of Westeros. It offers 243 ways to win, stacked wilds, a free spins selection with four distinct House-based rounds, and a Gamble Trail feature. The reviewer praises its solid gameplay, high production quality, and entertaining features, making it a must-play for fans. The game boasts high-quality graphics and includes the iconic Game of Thrones soundtrack to enhance the immersive experience.",
Hooligan Hustle,7,"Hooligan Hustle is a football hooligan-themed slot capturing rowdy, testosterone-fueled street brawls with a tongue-in-cheek style.  
The game features mystery and split symbols, a Rumble Row modifier with wilds and multipliers, plus three distinct free spin modes offering varied volatility.  
The reviewer finds it an entertaining, volatile slot with familiar mechanics, bold attitude, and a unique, controversial theme that may not suit all players.  
Aesthetics are cartoonish and brash, with vibrant visuals of rival groups and gritty urban settings, complemented by fitting audio that enhances the rebellious vibe.",
Mega Moolah,4,"Mega Moolah features an African safari theme with iconic wildlife symbols on its reels.  
Its key attractions are four randomly triggered progressive jackpots and a free spins round with a triple multiplier.  
The reviewer praises its jackpot potential but warns of a low RTP and dated visuals, recommending play mainly for jackpots.  
Graphics are simple and dated from 2006, with animal symbols and tribal sounds complementing the safari atmosphere.",
Regal Knights,8,"Regal Knights is a medieval-themed slot by Push Gaming featuring knightly adventures and chivalry. It includes classic Push features like Mystery Stacks, Golden Feature, multipliers, free spins, and a feature buy option. The reviewer finds it a toned-down, lower volatility version of Big Bamboo, appealing more to casual players than high-risk gamblers. The game boasts crisp visuals with a fun, light-hearted medieval atmosphere and well-rendered, angled buildings.",
Nightmaker,8,"Nightmaker is a dark horror-themed slot by ELK Studios, immersing players in a creepy, eldritch environment. It features a complex 5-reel layout with cascading wins, big symbols, multipliers, wilds, free spins, and bonus buy options. The reviewer praises its high volatility and explosive potential, awarding it as a well-crafted, thrilling horror slot with massive win possibilities. The game’s eerie, Giger-inspired visuals and forlorn music enhance its unsettling atmosphere.",
Flower Fortunes Supreme,0,"Flower Fortunes Supreme features a nature-inspired theme with a floral valley setting, continuing the style of its predecessor but dropping the Megaways branding. The game revolves around collecting orbs to level up, unlocking features like respins, expanding wilds with multipliers, bonus games, and both-ways wins. The reviewer finds it a puzzling sequel with reduced RTP, hit frequency, and max win potential compared to the original, making it less appealing. Aesthetically, it retains its naturalistic visuals with a new, oddly neat soundtrack, though it lacks the original's voice commentary.",
That's Rich,1,"That's Rich is a glam-themed slot centered around luxury fashion, designer goods, and an ostentatious lifestyle. Its features include expanding wilds and a Win Spins bonus with guaranteed wins and increasing multipliers up to x20. The reviewer finds it a fun, fast-paced game with solid win potential but notes its polarizing theme and limited feature set. The aesthetics boast a cartoony, elegant look with neutral tones and a seaside backdrop, complemented by a stylish, upbeat atmosphere.",
Dragon Gold 88,4,"Dragon Gold 88 is an Asian-themed slot by Pragmatic Play and Reel Kingdom, blending classic dragon motifs with a fishing slot concept. It features a 5x3 grid, 10 paylines, free spins with modifiers, Money symbols (Dragon Balls), and an ante bet option for higher win chances. The reviewer finds it a familiar but well-executed reskin of Big Bass Splash, appealing mainly to fans of Asian slots and Money symbol collection. The game offers warm, attractive Asian-inspired visuals and smooth gameplay, though it lacks originality in theme.",
Crabbin for Christmas,4,"Crabbin' for Christmas is a sea-themed Christmas slot featuring underwater holiday elements and a Santa fisherman. The game offers free spins, cash symbol collecting, Lightning Spins with multipliers, and bonus buy options. The reviewer finds it moderately entertaining but largely a repackaged version of previous slots with familiar features. The aesthetics include a twinkling Christmas soundtrack and festive sea-floor decorations, creating a subtly Christmassy underwater vibe.",
Sleeping Dragon,6,"Sleeping Dragon is a dragon-themed slot centered on the classic motif of a treasure-guarding beast. It features a Respin Bonus, free spins with giant symbols, and a feature buy option, with a max win of 15,000x the bet. The reviewer finds it familiar and somewhat unoriginal, noting it’s similar to other Pragmatic Play titles and lacks excitement. Visually, it has an old-school look with a reddish-orange dragon and occasional animations, paired with standard audio effects.",
Mystery Mission to the Moon,6,"Mystery Mission to the Moon is a sci-fi themed slot that takes players on a galactic treasure hunt in a futuristic lab setting. It features a 6x4 grid, 20 paylines, Mystery Stack symbols, Wild Moon symbols, free spins with locked reels, and an Ante Bet option to boost win chances. The reviewer praises its engaging gameplay and innovative features as a thrilling evolution of Mystery Museum, though notes a slightly lower max win capped at 10,000x bet. The game boasts detailed retro-futuristic visuals, neat animations, and an excellent win count-up sequence enhancing the immersive experience.",
Money Mayweather,0,"Money Mayweather is a boxing-themed slot centered on the undefeated boxer Floyd Mayweather Jr.  
It features a 6x5 scatter pays grid, Rolling Reels, multipliers up to x100, and free spins with growing multipliers.  
The reviewer finds it a solid but unoriginal game, offering familiar mechanics seen in similar slots like Gates of Olympus.  
The game’s aesthetics include a boxing ring bathed in orange light, with hip-hop and funky tunes enhancing the atmosphere.",
Temple Tumble 2,4,"Temple Tumble 2 is an Egyptian-themed adventure slot featuring an explorative couple and a 6x6 grid set within a desert stone temple. The game includes cascading wins, three free spin modes with unique block features, and the Dream Drop progressive jackpots offering five escalating prizes up to €10,000,000. The reviewer finds it a faster-paced, less flashy sequel focusing on jackpot thrills, though with a lower RTP and max non-jackpot wins compared to predecessors. Visually polished with top-notch graphics, the game includes an intro clip and celebratory animations, though its aesthetics are less striking than earlier titles in the series.",
Wild Buccaneers Megaways,0,"Wild Buccaneers Megaways is a pirate-themed slot featuring animal characters in place of traditional swashbucklers. It offers numerous intertwined features including Nitro Spins, cascading wins, a Treasure Trail multiplier, free spins with gamble options, and the Fortune Finder bonus. The reviewer praises its multifaceted gambling opportunities and high volatility, highlighting it as a rich and engaging sequel with big win potential. The game boasts a lively pirate atmosphere with attractive visuals and a jaunty pirating soundtrack.",
1 Million Fortunes Megaways,3,"1 Million Fortunes Megaways is an Asian-themed slot by Iron Dog Studio, reworking their prehistoric original into a sleek, upscale setting. It features cascades, free spins with a Pillar Reel, locking reels, sticky wilds, and progressive multipliers for high volatility gameplay. The reviewer sees it as a by-the-book clone with solid winning potential but limited innovation, mainly appealing to fans of Asian aesthetics. The game sports a burgundy and gold palette with elegant patterns and ambient sounds, creating a tasteful yet somewhat bland atmosphere.",
Wolf Howl,0,"Wolf Howl is a North American nature-themed slot featuring wolves and forest wildlife. The game offers high volatility, wild multipliers, a Scatter Adder feature, and a rewarding free spins bonus with the Wild Call mechanic. The reviewer highlights its strong potential payouts, straightforward gameplay, and exciting bonus rounds. Visually, it boasts a modern look with golden frames and immersive forest sounds, creating an engaging atmosphere.",
Diamonds Up,1,"Diamonds Up is a classic fruit-themed slot featuring familiar symbols like cherries and sevens with a diamond wild upgrade mechanic. The game includes a unique 30-spin cycle progression ladder, free spins, and a feature buy option enhancing symbol upgrades. The reviewer finds it better than typical fruit slots, highlighting its high 20,000x max win and engaging gameplay. Visually and audibly, it offers plain, generic graphics and a simple tune, fitting a traditional slot aesthetic.",
Holy Diver,4,"Holy Diver is a dark ages-themed slot inspired by the 1983 Heavy Metal hit, featuring video game-style animations and a 6-reel Megaways setup. Its standout feature is the Reel Adventure™ mechanic, letting players upgrade gameplay and choose their volatility through chest-triggered modifiers and a multi-level free spins bonus. The reviewer praises its innovative design and engaging player involvement, though notes it lacks the full dynamism of traditional Megaways slots. Visually classic Big Time Gaming with vibrant colors and energizing audio, the iconic Holy Diver song enhances the bonus round excitement.",
Atlantis Crush,6,"Atlantis Crush is a mythologically themed cascading slot set in an exotic Atlantis-inspired island with dual reel sets. It features unique Block symbols with various effects, two free spins rounds, and a high volatility model with 96.09% RTP. The reviewer praises its inventive gameplay, engaging cascades, and potential for big wins up to 10,000x the bet. The game boasts high-quality graphics and tense, atmospheric audio that enhance the immersive experience.",
African Legends,4,"African Legends is an Africa-themed slot set atop a mountain with a wilderness backdrop, focusing on the Wow Major progressive jackpot. The game features Rolling Reels, Wild Blasts, Multiplier Trails, free spins, and a jackpot bonus, with a 37.16% hit rate and medium volatility. The reviewer finds it appealing mainly for the jackpot chase, as the RTP is low and non-jackpot wins limited. Visually, it offers a clean, rock-carved symbol design with a rhythmic drum soundtrack, creating a pleasant but simple atmosphere.",
Blitz Super Wheel,1,"Blitz Super Wheel is an electrified fruit-themed slot blending a spinning prize wheel with classic slot elements. Key features include a Super Wheel awarding wilds, multipliers, synced reels, free spins, and a top Pot Prize of 10,000x the bet. The reviewer finds it a straightforward, familiar game lacking innovation but offers solid entertainment through its high volatility and potential big wins. Its neon-lit visuals and trance-like EDM soundtrack create a vibrant, club-like gaming atmosphere.",
Cygnus 5,1,"Cygnus 5 returns to an Ancient Egyptian star-themed slot, continuing ELK Studios' mystical Cygnus series.  
Key features include Avalanche wins with expanding rows, prism and multiplier symbols, Meteor Strikes, and free spins with persistent multipliers.  
The reviewer finds Cygnus 5 enjoyable yet somewhat overfamiliar, offering solid gameplay but lacking major innovation.  
Aesthetics are attractive with strong audiovisuals typical of ELK Studios, though the visual impact is less striking than earlier series entries.",
4 Fantastic Fish Amazon Adventure,4,"4 Fantastic Fish Amazon Adventure brings the fish slot series to a South American river theme set on the Amazon River. It features Money Ways wins, Piranha Frenzy, Giant Anaconda, Amazon Respins, Temple Pick-A-Win, and feature buys with high volatility and a max win of 11,340x. The reviewer finds it a competent but uninspired addition, recycling familiar mechanics without major innovation. Visually, it offers a surface-level river view with natural scenery, presenting a less bold but still vibrant aesthetic.",
Wheel of Wishes,0,"Wheel of Wishes features an Arabian Nights-inspired desert theme with mystical symbols and a genie lamp centerpiece.  
Its main attractions are four progressive jackpots, triggered via scatter symbols or an optional Power Mode that increases jackpot chances at a higher cost.  
The reviewer finds the base game dull with very low volatility and questions the value of Power Mode given the low RTP and high stakes.  
Aesthetically, the game presents swirling sands and towering rocks with thematic symbols, though audio details were not highlighted.",
Brew Brothers,7,"Brew Brothers is a rustic, hillbilly-themed slot set in a backwoods environment with a playful, cheeky vibe.  
The game features include sticky wilds, free spins with multipliers, the Tractor Giant Wild feature, and several buy options via Fast Track.  
The reviewer finds it a fun, highly volatile slot with potential for big wins up to 12,000x the bet, though bonus triggers can be rare.  
A banjo soundtrack and detailed wooden frame visuals complement the rustic, off-the-beaten-path aesthetic.",
Mystery Reels Megaways,4,"Mystery Reels Megaways is a modern take on a classic fruit slot, combining vintage symbols with the popular Megaways mechanic. It features cascading reels, up to 117,649 ways to win, a Mystery Symbol cloning feature, and a free spins bonus with a gamble option. The reviewer finds it a solid, if not highly original, addition to Red Tiger's portfolio that enhances win potential and gameplay excitement. Visually, the game is simple with minimal animations, focusing on large reels filled with traditional fruit and classic symbols against a blurred background.",
Castaway Cove,7,"Castaway Cove is a pirate-themed slot set on a deserted island with treasure-filled caves. Its features are minimal, focusing mainly on a free spins round where players collect and upgrade coins for prizes. The reviewer finds it a lighter, simpler Relax Gaming title lacking the depth and excitement of their flagship slots. The game's visuals include sandy shores and skull-shaped rocks, paired with an atmospheric, pirate-inspired audio backdrop.",
Ugliest Catch,0,"Ugliest Catch is a fishing-themed slot with a dark, humorous twist, diverging from the usual bright and sunny fishing games. It features high volatility, a 5x5 reel setup, multiple enhancer cells, and diverse free spin modes with multiplier mechanics like Kill N' Grill Wild Fishing. The reviewer finds it a challenging yet rewarding Nolimit City slot with a strong potential for big wins, appealing mainly to experienced players. The game's aesthetics are murky and green-toned with over-the-top, grown-up humor, matching its edgy audio-visual style.",
Bison Rising Megaways,0,"Bison Rising Megaways is a Megaways slot themed around North American wildlife, serving as a near-identical remake of Buffalo Rising Megaways. It features cascades, mystery symbols, free spins with selectable bonus rounds, and an optional Bison Bet for buying free spins. The reviewer finds it a solid but unoriginal game that delivers dependable gameplay without much innovation. Visually, it uses cartoonish desert scenery with floating clouds and modest audio, maintaining a pleasant but uninspired atmosphere.",
HelioPOPolis,1,"1. HelioPOPolis combines an Egyptian theme with the popular PopWins mechanic, offering a fresh take on a familiar setting.  
2. The game features expanding reels, free spins with increasing multipliers, mystery symbols, synced reels, and an Ante Bet and bonus buy options.  
3. The reviewer finds it a fun, well-balanced PopWins slot with creative features and a max win of 20,000x, appealing to fans of both Egyptian and PopWins slots.  
4. Visually, it boasts an oil painting style background of the pyramids and an atmospheric Egyptian-inspired EMD soundtrack that intensifies to techno in free spins.",
Dragon Hot Hold and Spin,4,"Dragon Hot Hold and Spin features a bright Asian-themed slot set in a market or temple with dragons and lanterns. The game highlights include a Hold & Spin bonus, dragon and firecracker wilds, and a Big Money Wheel offering up to 20,000x the bet. The reviewer finds it a solid, less chaotic entry from Reel Kingdom, with appealing payouts but generally familiar gameplay. The aesthetics showcase vibrant visuals paired with a lively Chinese-inspired soundtrack of zithers, gongs, and flutes.",
Wild Hike,0,"Wild Hike is a nature-themed slot centered on hiking and camping in a serene, nighttime forest setting. Its features include a 6x4 grid with 4,096 ways to win, Expanding Wilds with increasing multipliers, sticky wilds and scatters during re-spins, free spins with multiplier carryovers, and a buy feature offering two free spin options. The reviewer finds Wild Hike technically solid but not especially innovative or standout compared to other Relax Gaming titles, though it has strong max win potential. Visually, the game showcases a peaceful campfire scene under a starry sky, complemented by an immersive outdoor ambiance.",
Cluster Tumble,3,"Cluster Tumble is an adventure-themed slot set in a Himalayan temple, following a daring female explorer searching for her missing husband. The game features an 8x8 cluster pays grid with cascading wins, stone blocker tiles, three grid modifiers, and a free spins bonus with increasing multipliers. The reviewer finds it visually stunning and exciting but notes its high volatility can make big wins challenging to achieve. The game boasts lush graphics, cinematic animations, and immersive audio that enhance the adventurous atmosphere.",
Panda Money Megaways,6,"1. Panda Money Megaways features a panda-themed slot set against a serene bamboo forest and waterfall backdrop, tapping into the recent panda craze in casino games.  
2. The game centers on the Prize Builder feature, which holds winning symbols and respins others to boost wins, alongside free spins with an increasing win multiplier collected by the sleeping panda.  
3. The reviewer finds it a fast-paced, high-volatility slot with massive win potential but notes gameplay can feel cyclical with frequent dead spins and modest payouts despite many winning symbols.  
4. Visually, the slot showcases natural elements like lily pads, bamboo, and a sleeping panda, complemented by a calm atmosphere that aligns well with its soothing audio and Big Time Gaming’s signature style.",
Slashimi,0,"Slashimi is a sushi-themed slot set in an intimate Japanese eatery, featuring a fresh seafood dining experience. Key features include the Two-For-One symbol splitting and sticky symbol free spins where players pick a symbol to split and lock. The reviewer finds it a neat, satisfying slot with sharp bonus rounds and solid winning potential, though more like a snack than a full banquet. The game boasts chilled ambient EDM and interactive visuals creating a fresh, underwater sushi bar vibe.",
Floating Dragon Megaways,2,"Floating Dragon Megaways features an Asian theme with colorful kites, dragons, and a serene lady collecting fish money symbols.  
The game offers a large Megaways grid with up to 147,456 ways to win, including tumbles, mystery symbols, free spins with unlimited multipliers, Hold & Spin bonus, and feature buys.  
The reviewer finds the game busy but familiar, praising its strong RTP and high max win potential of 20,000x, while noting the gameplay may not suit everyone.  
Visually, it boasts bright, vibrant graphics set against a blue-sky backdrop, complemented by thematic audio enhancing the immersive experience.",
Crown of Fire,1,"Crown of Fire is a bare-bones slot with a misleadingly intense name, featuring a simple fruit theme rather than high fantasy or fiery action. Its features are minimal, including expanding wilds, scatter payouts, and a dollar sign symbol for modest wins. The reviewer finds the game uninspired and tedious, offering little excitement or innovation. Aesthetically, it has a plain brick wall background and a dull, repetitive soundtrack likened to a Nokia ringtone.",
King Spin Deluxe,1,"King Spin Deluxe is a classic fruit-themed slot replicating the nostalgia of land-based casino machines. It features 5 reels, 20 fixed paylines, and a Jackpot King bonus wheel offering multipliers and life-changing jackpots. The reviewer finds it unremarkable except for the jackpot wheel, favoring more modern slots on the same network. The design is minimalistic with plain white reels and simple fruit symbols set against a blue backdrop, evoking an old-school casino vibe.",
Deal or No Deal Golden Box Megaways,8,"Deal or No Deal Golden Box Megaways is a slot themed around the intense TV game show, focusing on box selection and banker bluffing. It features a 6-reel Megaways grid, Mystery Symbols, cascades, a Bonus Trail, and the new Golden Box bonus awarding up to 30 free spins with increasing multipliers. The reviewer praises its faithful recreation of the show's tension but notes the Golden Box feature adds limited new gameplay and can be hard to trigger. Visually, it mirrors the original with bright graphics, flashing lights, and heartbeat-like sounds that enhance the live game atmosphere.",
Lucky Apocalypse,3,"Lucky Apocalypse is a zombie apocalypse-themed slot featuring Ryan the leprechaun in a darker, survivalist role. The game highlights scatter pays, Gigablox symbols, a progress bar with consecutive Avalanche wins, free spins with multipliers, and a bonus buy option. The reviewer finds the theme fresh and the mechanics solid but notes a slow base game pace that slightly limits excitement. Visually moody with eerie music, the game delivers an enjoyably spooky atmosphere fitting its apocalyptic setting.",
Gods of Olympus Megaways,5,"Gods of Olympus Megaways immerses players in a Greek mythology-themed slot featuring Mount Olympus and legendary gods. Key features include up to 15,625 ways to win, cascading reels, and a Bonus Thunder Free Spins mode with four unique rounds offering wilds, multipliers, and colossal reels. The reviewer praises the game as a major creative step for Blueprint Gaming, highlighting its engaging gameplay and replay value. Visually, the slot boasts detailed, dynamic graphics with cinematic music that enhances the immersive atmosphere.",
Juicy Fruits Multihold,4,"Juicy Fruits Multihold combines a classic, refreshing fruit cocktail theme with the quad grid gameplay from Pragmatic Play’s Multihold series. Key features include multi-sized roaming wilds, up to four simultaneous 5x5 grids during free spins, and retriggerable free spins with growing wilds. The reviewer finds the base game somewhat dry but praises the exciting free spins round and solid winning potential of up to 8,000x the bet. Visually, the game is vibrant and juicy, with a dewy fruit-filled grid and an inviting, thirst-quenching atmosphere.",
Eldritch Dungeon,7,"Eldritch Dungeon is a dark fantasy slot blending dungeon-crawling RPG elements with cluster pays on an 8x8 grid. It features a Wild Warrior, companions with unique abilities, spectral effects, and multi-stage bonus rounds including Dungeon Battles and Treasure Hall Spins. The reviewer praises its depth and complexity, likening it to a video game, but notes it demands patience and strategy. The game boasts immersive dungeon-themed visuals and atmospheric audio, enhancing its eerie, adventurous vibe.",
Mustang Gold Megaways,5,"Mustang Gold Megaways is a western-themed slot set against a pastel-skied, rocky-hilled landscape with a focus on wild horses. The game features a 6-reel Megaways setup with tumbling reels, Money symbol collecting, free spins with a gamble option, and a Golden Collect symbol. The reviewer finds it a contemporary but somewhat common Megaways slot, offering decent winning potential and new twists for fans of the original. Visually, it presents a wider, more expansive view with simple, pastel-colored graphics and an ambient audio backdrop.",
Book of Kingdoms,1,"Book of Kingdoms is an Ottoman-themed book slot featuring sultans, fez-wearing monkeys, and snake charmers instead of traditional Egyptian motifs. The game offers standard book slot features, including free spins with an expanding symbol and a Money Respin bonus with jackpots. The reviewer finds it a diluted, less exciting entry lacking innovation and high-value wins, struggling to stand out. Visually, it combines unusual exotic imagery with an Ottoman-inspired soundtrack that enhances its unique setting.",
John Hunter and the Quest for Bermuda Riches,7,"John Hunter and the Quest for Bermuda Riches is a cluster-paying grid slot set on the unique Bermuda island, continuing the adventurous John Hunter series. The game features include Cursed Wilds, a Money Collect feature, free spins with a bonus pot wheel, and a tumble mechanic on a large 7x7 grid. The reviewer finds it a solid addition with engaging gameplay and star power, though it offers lower max wins compared to previous titles. Visually, it has bright, simple graphics with a tropical vibe and fitting audio that complements the adventurous theme.",
Coils of Cash,0,"Coils of Cash is a 19th-century science-themed slot inspired by pioneering inventors like Tesla and Edison. It features cascading wins, a unique horizontal Power Coil reel with multipliers up to x625, and a free spins bonus that carries multipliers forward. The reviewer praises its high volatility and massive win potential, calling it an entertaining yet challenging slot. The game sports an Art Deco style with early electrical device imagery and a subtle, pleasing aesthetic.",
Shadow Summoner Elementals,4,"Shadow Summoner Elementals is a darkly themed slot featuring a mage summoning elemental powers through an RPG-inspired quest. It offers features like an Elementals Meter unlocking wilds, explosions, respins, and upgrades, alongside scatter pays, multipliers, avalanches, free spins, and bonus buys. The reviewer praises its unique video game feel and engaging leveling mechanics, though notes some reservations about progress resets after free spins. The game boasts richly drawn, atmospheric artwork with changing color schemes and immersive audio enhancing the mystical vibe.",
Mustang Gold,1,"Mustang Gold is a western-themed slot featuring horses and a dusty canyon backdrop. It includes features like Money Collect, a jackpot bonus game, and retriggerable free spins with enhanced symbol chances. The reviewer finds it decent with medium variance and a high win potential but not particularly appealing in theme or jackpot design. Visually, it offers warm colors and an average design complemented by a classic western tumbleweed soundtrack.",
Alpha Eagle,6,"Alpha Eagle is a wilderness-themed slot set in a striking winter mountain landscape, featuring wild animals and an 80s retro vibe. Key features include the Stack'N'Sync respin mechanic, free spins, Eagle Link bonus rounds, and a bonus buy option with varying volatility and RTPs. The reviewer praises its originality and engaging features, noting it as a successful evolution beyond its predecessor Buffalo Stack'n'Sync. The game combines chromed, retro visuals with an uplifting 80s-inspired soundtrack, creating a unique and satisfying audio-visual experience.",
Fat Santa,0,"Fat Santa is a Christmas-themed slot by Push Gaming, featuring a snowy backdrop and festive symbols like Santa, reindeers, and Christmas pies. The game offers a 5x5 reel setup with 50 paylines, a Sleigh feature that randomly adds wilds, and a Buy-A-Bonus option for direct access to the free spins round. The reviewer finds it slightly less volatile than Fat Rabbit, praising the bonus round's massive win potential and the new Buy-A-Bonus feature. Visually, the game is charming with stacked symbols and festive, cheerful audio enhancing the holiday vibe.",
Squid Game - One Lucky Day,3,"Squid Game One Lucky Day is a slot themed around the hit Netflix series, immersing players in its survival contest narrative. The game features multiple bonus rounds inspired by the show, including Red Light Green Light, Glass Bridge, and Tug of War, plus a Buy Pass for direct bonus access. The reviewer finds it a decent but somewhat toned-down adaptation, praising the integration of show elements but wishing for bolder gameplay. Visually and audibly, it captures the show's unnerving atmosphere, enhancing the fan experience.",
5 Lions Megaways 2,5,"5 Lions Megaways 2 is an Asian-themed slot that builds on its popular predecessor with cultural symbols like turtles, phoenixes, and dragons. The game features an expanded 6-reel grid with up to 262,144 ways to win, wild multipliers up to x100, free spins with level-up mechanics, and bonus buy options. The reviewer praises the enhanced features and gameplay depth, though notes the max win of 8,000x could be higher. Visually, it offers bright, detailed Asian-inspired graphics with a patterned blue backdrop and thematic audio enhancing the immersive experience.",
More Unusual Suspects,4,"More Unusual Suspects is a cops-and-robbers themed slot set in a nighttime urban jungle inspired by New York City. It features multiple bonus rounds including Bonus Perk Picks, nudging respins, free spins with multipliers, and a Vault Jackpot Bonus with up to 5,000x wins. The reviewer praises the expanded features and engaging free spins but notes the jackpot feels somewhat unnecessary and cautions about the risky free spins gamble. The game boasts cartoon-style graphics paired with swanky jazz audio and immersive voice-overs, enhancing the gritty crime atmosphere.",
Finn and The Candy Spin,5,"Finn and The Candy Spin is a candy-themed slot featuring NetEnt’s leprechaun Finn in a sugary palace setting with a unique clockwise spiral spin mechanic. The game includes Avalanches, wild symbol explosions, random base game modifiers, and multiple free spins modes unlocked via a key meter. The reviewer finds it charming with gentle volatility and a novelty factor but notes its gameplay feels dated compared to modern high-volatility slots. Visually, it offers light purples and pinks with cotton candy clouds and a friendly, amiable Finn, complementing its sweet, whimsical audio-visual style.",
Star Pirates Code,8,"Star Pirates Code is a pirate-themed slot with a space twist, though its theme feels generic and confusing. The game features a 5x3 reel setup, Wild Compass respins, and multipliers, but overall offers basic gameplay mechanics. The reviewer finds it underwhelming and unlikely to attract players beyond niche Starburst fans. Visually, the graphics are dated and juvenile, with a blurry oceanic background and uninspired audio reminiscent of old-school phone ringtones.",
Faces of Freya,1,"Faces of Freya is a Norse mythology-themed slot focusing on the goddess Freya, highlighting her mystical and powerful aspects. The game features 5 reels, 20 paylines, and four distinct free spins rounds, including a multi-level Folkvang bonus with symbol upgrades, wilds, and multipliers. The reviewer finds it a solid, medium-volatility Play'n GO release with exciting potential during free spins but a quieter base game. Visually, it offers a lush summer Norse landscape with Celtic patterns, complemented by a peaceful, magical atmosphere.",
Rogue Rats of Nitropolis,5,"Rogue Rats of Nitropolis is a dystopian-themed slot featuring a rat clan navigating a desert wasteland outside the urban Nitropolis. The game replaces traditional reels with a moving rat collecting same-colored pay symbols, coins, and fuel on an expanding grid, featuring multipliers, bonus games, and an X-iter bonus buy system. The reviewer praises its innovative gameplay, distinct from previous Nitropolis slots, offering exhilarating and rewarding experiences despite its high volatility and lower RTP. Visually, the game showcases a gritty, explosive desert setting with an intense electronic soundtrack reminiscent of Northlane and Skrillex mashups.",
Temple of Torment,2,"Temple of Torment is an Ancient Egyptian-themed slot featuring gods Ra and Anubis in a mythical mountain setting. Key features include expanding Wild Golden Scarabs, wild multipliers, two distinct bonus games, and a bonus buy menu with varied stakes. The reviewer finds it a balanced, visually appealing game with familiar yet effective features, offering potential big wins up to 10,000x the bet. The game delivers strong aesthetics with detailed visuals and an inviting atmosphere, complemented by clever audio elements enhancing the immersive experience.",
Curse of the Mummies,6,"Curse of the Mummies is an Egyptian-themed slot featuring spooky mummy revenge as its core narrative. The game offers symbol transformations in the base game and a free spins bonus with multipliers and retriggers, plus a bonus buy option. The reviewer finds it a polished but somewhat conventional slot with solid multipliers and 243 ways to win, though lacking standout originality. Aesthetically, it combines rich graphics with a creepy vibe, enhanced by atmospheric audio to boost the spooky Egypt theme.",
Good Old 7’s,1,"Good Old 7’s is a retro-themed slot blending nostalgic fruit symbols with a metallic Art Deco style reminiscent of Red Tiger’s design. It features a 243 ways to win system, Twin Reel cloning, a Bonus Wheel with multipliers up to 100x, and a Gamble Prize option. The reviewer finds it uninspired and repetitive, lacking innovation compared to earlier NetEnt titles. Visually, it combines classic slot icons with a shiny metallic finish and subtle vintage audio elements, but overall feels like a less exciting remake.",
Gods of Asgard Megaways,8,"Gods of Asgard Megaways is a Norse mythology-themed slot that transports players to a celestial realm with gods like Freya, Loki, Thor, and Odin. The game features a 6+1 reel Megaways system, cascading wins, godly symbol modifiers, free spins with a progressive multiplier, and a bonus buy option. The reviewer finds it a solid but unoriginal remake with potent features and high winning potential, though lacking innovation. Visually, it offers a decent celestial aesthetic with a starry sky and Yggdrasil backdrop, complementing the Norse theme.",
Cash Carts Western Wagons,8,"Cash Carts Western Wagons features a bright, arcade-style Western theme with a wagon train and gold coin visuals. The game includes cash symbol collection, Lucky Loser and Cash Carts features, jackpots, and free spins with progressive rewards. The reviewer finds it a modest, mid-range slot with familiar mechanics and limited originality but enjoyable for fans of cash collect games. A twangy guitar soundtrack and simple wooden, gold-themed visuals create a decent Western atmosphere.",
Icarus Wilds,8,"Icarus Wilds is an Ancient Greek-themed slot centered on the myth of Icarus, developed by STHLMGAMING on Relax Gaming’s Silverbullet platform. The game features 243 ways to win, with Nudging, Locked, and Multiplier Flying Wilds, plus a free spins bonus that expands the reels and ways to win. The reviewer finds it decent but highly volatile, with big wins possible but requiring patience and some luck. Visually, it offers a serene sea backdrop and a labyrinth, complemented by stirring yet somewhat basic soundtrack.",
The Great Albini,7,"The Great Albini is a magician-themed slot set in the 1920s golden era of illusionists. It features a 5-reel base game with a Mystery Box Respin and a 5x6 free spins bonus with multiplier wilds. The reviewer finds it one of Foxium's better titles, with an engaging bonus but a somewhat dull base game. Visually and audibly, the game is decent but unremarkable, with occasional entertaining character animations.",
Dragon King Hot Pots,8,"Dragon King Hot Pots is an Asian-themed slot continuing the Reel Kingdom legacy with a classic mini slot machine style. Its key feature is the mini slot machine bonus offering consecutive wins and a top prize of up to 2,500x bet. The reviewer sees it as a solid, familiar experience for fans of Reel Kingdom’s style but not highly original. The game sports typical Reel Kingdom visuals with shimmering lights, a dragon’s head, and an ambient soundtrack enhancing the theme.",
Sheriff of Nottingham,1,"Sheriff of Nottingham is a Robin Hood-themed slot featuring the heroic outlaw in a humorous, cartoonish Sherwood Forest setting.  
It offers 25 paylines, medium volatility, and features like Wanted Respins, Pick a Royal Letter modifiers, and synchronized reels in free spins.  
The reviewer finds it appealing for casual players seeking moderate rewards but notes it lacks the high-risk excitement of similar titles.  
The game boasts bright, animated symbols and a pleasing UI upgrade, with an engaging woodland backdrop and subtle, fitting audio.",
Chomplings,3,"Chomplings is a sci-fi themed slot featuring cute alien creatures that roam and consume items on an 8x8 grid. Gameplay highlights include moving Chomplings, wall-breaking, feature bets, and a progress bar that triggers payouts when filled. The reviewer finds it an engaging, patient-friendly variation on similar slots, with high volatility and up to 20,000x wins. The game combines quirky alien visuals with funky, somewhat out-of-place muzak, creating a charming yet unique atmosphere.",
Whacked!,8,"Whacked! is a gangster-themed online slot set in a desolate desert featuring ruthless mob violence. The game offers features like Lock 'N' Load, xWays symbol expansions, Whacked Spins bonus rounds, and a unique Russian Roulette multiplier. The reviewer finds it straightforward yet entertaining, with a solid max win of 11,912x and a fresh take on hold 'n win gameplay. Visually, it boasts a gritty desert backdrop with 70s gangster-style audio blended with Eastern European and Latino influences.",
Barbarossa DoubleMax,8,"Barbarossa DoubleMax is a pirate-themed slot inspired by the feared 16th-century pirate Hayreddin Barbarossa, set on a 5x3, 243 ways game board. It features Yggdrasil’s DoubleMax multiplier mechanic, cascades, wild adds, free spins with a persistent multiplier, a Bonus Buy option, and a unique Multiplier Jump feature. The reviewer praises Peter & Sons for delivering a solid, entertaining slot that balances proven mechanics with fine visuals and a touch of originality. Visually lush with detailed pirate-themed graphics and fitting audio, the game creates an immersive buccaneering atmosphere.",
Crazy Digginz,7,"Crazy Digginz is a mining-themed video slot combining classic motifs with a distinctive, familiar art style reminiscent of Peter & Sons. It features Special Wilds with unique multiplier and upgrade abilities, a Crazy Mode bonus, free spins with escalating wilds, and optional buy and booster features. The reviewer finds it a surprisingly strong release for Pulse 8 Studios, delivering high volatility excitement and potential big wins up to 68,000x the stake. Visually, the slot offers striking, if uncanny, graphics paired with dynamic gameplay, though audio details were not highlighted.",
8 Tigers Gold Megaways,8,"8 Tigers Gold Megaways is an Asian culture-themed slot featuring a traditional dynastic aesthetic. It offers up to 262,144 ways to win, cascades, multiple base game modifiers, and a multi-choice free spins bonus with escalating Tiger wild multipliers. The reviewer praises its strong appeal to fans of traditional Asian slots and the high max win potential of 20,000x the bet. Visually, the game is restrained with a dark patterned background, neat tiger animations, and classic symbols, complemented by fitting audio effects.",
Hot Spin Megaways,0,"Hot Spin Megaways by iSoftBet expands the classic fruit slot theme with a dynamic Megaways grid and a rotating bonus wheel. It features cascades, altering ways, a Bonus Wheel with 10 modifiers, and free spins with a progressive multiplier. The reviewer praises the game’s seamless upgrade, rich features, and huge 50,000x max win potential. The aesthetics include a relaxed house music track evoking a Balearic Islands vibe, complementing the vibrant slot visuals.",
Golden Buffalo Double Up,5,"Golden Buffalo Double Up is a Native American-themed slot set against an American prairie sunset, focusing on nature and cultural heritage. The game features 5 reels, 1,024 ways to win, a Bonus Wheel with free spins and jackpots, and a unique double-up mechanic increasing scatter symbol size. The reviewer finds it a simple but engaging slot with decent winning potential, especially during bonus rounds, though the base game is considered dull. The aesthetics include detailed visuals and a classic Western soundtrack that enhances the land-based casino atmosphere without overwhelming gameplay.",
Funk Master,1,"Funk Master is a disco-themed cluster slot set on a vibrant 8x8 grid with a 70s party vibe.  
Key features include avalanches, Dancing Wilds with hotspots, multipliers, and free spins with expanding grids.  
The reviewer finds it polished and entertaining but less innovative and with lower max win potential than top competitors.  
Visually bright with a disco ball motif, it features catchy tunes like Zapp's ""Doo Wa Ditty"" enhancing the funky atmosphere.",
Gates of Etherea,1,"Gates of Etherea offers a mysterious, ethereal theme blending Ancient Greek, Egyptian, and Persian motifs.  
Key features include portal scatter pays, charge mechanics, wild multipliers, and retriggerable free spins with enhanced symbols.  
The reviewer praises its unique, immersive experience and engaging gameplay, awarding it a positive verdict despite some familiar mechanics.  
Visually striking with glowing guardians and cosmic backdrops, the game’s audio complements its floating, electrifying atmosphere.",
Fire Gnomes,1,"Fire Gnomes is an underground cave-themed slot featuring mischievous garden gnomes as guardians of treasures. The game includes Build-Up Symbols, a Big BuildUp feature with wilds and multipliers, plus a dynamic bonus game with rolling bomb multipliers. The reviewer finds it a more accessible and lively release from Crazy Tooth Studio, balancing uniqueness with straightforward gameplay. Visually, the slot offers a wavy, otherworldly backdrop with charming animations and playful audio enhancing the quirky gnome atmosphere.",
6 Jokers,0,"6 Jokers is a fruit slot-themed game blending classic joker motifs with a lively rave atmosphere. Its features include scatter-paying wins, tumbles, wild multipliers, Joker Reels, and Ante Bet options to increase starting Joker Reels. The reviewer appreciates its innovative mechanics but finds the theme overused and gameplay occasionally dull without bonus rounds. Visually, the game presents bright, rave-style lighting and bouncy tunes that create an energetic yet familiar casino vibe.",
4 Fantastic Fish in Egypt,3,"1. 4 Fantastic Fish in Egypt uniquely blends fishing and Ancient Egypt themes, merging Nile-inspired visuals with bright, cheerful gameplay.  
2. The slot features 4,096 ways to win, Fish for cash prizes, a Giant Squid that rearranges symbols, a Respin Bonus with reel unlocking, and Sarcophagus Scatter modifiers.  
3. The reviewer finds the theme mashup either brilliantly inventive or oddly mismatched but praises the gameplay and big max win potential of 15,000x the bet.  
4. The game sports vibrant, positive colors with happy fish, Egyptian pyramids, statues, and Nile boats, complemented by an upbeat, pleasant audio atmosphere.",
Mad Cars,6,"Mad Cars is a post-apocalyptic racing-themed slot featuring souped-up cars competing in the Mad Race. It includes features like Instant Prize symbols, a Boost Reel with multipliers and gas boosts, and a Mad Bonus free spins round with persistent modifiers. The reviewer finds Mad Cars to be a thrilling but brutal game, tougher and more ruthless than similar titles like Money Train 2. The game's gritty, sepia-toned visuals and intense audio create a grim yet engaging wasteland atmosphere.",
Blender Blitz,5,"Blender Blitz is a beach-themed slot set at a tranquil beach bar serving blended fruit juices. The game features cascading wins, symbol collection meters, a unique Eliminator symbol, free spins with lives, and a high-payout Super Spin bonus. The reviewer appreciates its relaxed start that builds to exciting volatility and rewarding bonus potential. Its laid-back visuals and ambient beach sounds create a chill, seaside atmosphere.",
Space Miners,5,"Space Miners is a space-themed slot featuring quirky aliens mining an asteroid for precious minerals. The game boasts up to 1 million ways to win by destroying blocker tiles and expanding the grid, with respins and free spins that keep the action intense. The reviewer praises its unique blend of mechanics and high volatility, offering thrilling gameplay and big win potential. Visually, it impresses with vibrant nebula backgrounds, engaging animations, and fitting audio that enhance the cosmic mining adventure.",
Howling Wolves Megaways,7,"Howling Wolves Megaways is a North American wilderness-themed slot featuring Native American cultural elements and wolf motifs. It offers cascades, random modifiers, and up to 117,649 ways to win with a 96% RTP and free spins that trigger more frequent modifiers. The reviewer finds the game underwhelming due to low max wins and underused features despite decent graphics and animations. The aesthetics include a mysterious forest backdrop with full moons and well-executed wolf-themed visuals and sound.",
Squeeze,8,"Squeeze is a tropical-themed cluster slot set on a deserted island, featuring a unique sidewise squeeze/tumble mechanic. The game includes Feature Meters that trigger symbol swaps, upgrades, big symbols, and wild spawns, alongside free spins and an X-iter bonus buy option. The reviewer finds it engaging with solid potential especially in the super bonus round, though regular play can feel slow and the squeeze visuals somewhat unusual. Aesthetically, it combines bright colors with a tropical backdrop and lively music, though the squeeze animation is less appealing.",
Tombstone No Mercy,6,"Tombstone No Mercy is a Western-themed slot by Nolimit City, revisiting the dusty, lawless frontier with a rugged outlaw vibe. It features a unique 2-3-3-3-2 reel layout, Outlaw Wilds with nudging multipliers, multiple free spin modes, and xBet options to buy bonuses or increase feature triggers. The reviewer finds it a worthy follow-up to the original, with expanded betting options and high volatility offering thrilling but risky gameplay. The game’s gritty visuals and atmospheric audio effectively capture a desolate Wild West setting, maintaining the original’s standout presentation.",
Davey Bones,4,"Davy Bones is a dark nautical-themed slot blending pirate lore with skeleton imagery. It features a 5x5 grid, Pirate Wilds, Cannon and Monkey multipliers, Pirate Spins, free spins, and a bonus buy option. The reviewer finds it a highly volatile but entertaining pirate adventure with strong multiplier mechanics and a max win of 12,500x the bet. The game's stormy sea visuals and eerie audio create a foreboding, immersive atmosphere.",
John Hunter and Galileo's Secrets,5,"John Hunter and Galileo's Secrets is an adventure-themed slot featuring the explorer John Hunter with nostalgic archaeological motifs. The game offers Mystery symbol reveals, hold 'n' win respins, free spins with symbol upgrades, and bonus buy options. The reviewer finds it a solid, if not innovative, title that appeals to fans of classic gameplay with a modern twist. Its aesthetics reflect a deliberately vintage look, complemented by immersive audio that evokes a sense of exploration.",
Candy Cashcades,6,"Candy Cashcades is a candy-themed grid slot from Blueprint Gaming, inspired by their earlier Sweet Success Megaways. It features cluster pays, cascading wins, Colossal Candies, and wilds with progressive multipliers, plus an 8-free-spin Sugar Rush bonus. The reviewer finds it a decent but generic grid slot lacking a unique identity or intense gameplay. A familiar candy land aesthetic pairs with an upbeat yet oddly melancholic soundtrack.",
Invading Vegas Las Christmas,6,"Invading Vegas Las Christmas is a festive-themed slot featuring aliens invading a snowy, lit-up Vegas with a humorous twist. The game includes mystery symbols, Lock on Re-spins, Walking Wilds with multipliers, and up to 120 free spins. The reviewer finds it visually appealing and entertaining but notes it can feel slow and offers a modest max win of 2,500x the bet. The slot boasts smooth animations and a fun Christmas atmosphere, emphasizing humor over horror.",
Reel Steal,4,"Reel Steal by Netent immerses players in a bank heist theme where they join thieves to loot cash and diamonds. The game features 5 reels, 9 fixed paylines, wild multipliers up to 25x during free spins, and up to 25 free spins triggered by scatter symbols. The reviewer praises its high-quality graphics, engaging features, and rewarding potential of over 4000x stake wins. Aesthetically, it offers thematic symbols like guns, plans, and safes with a simple background, complemented by classic Netent visual and audio quality.",
Gangster Paradise,8,"Gangster Paradise is a 1920s mobster-themed Novomatic slot featuring an art deco style and a bustling street backdrop.  
Key features include a police badge scatter triggering free spins, with stacked symbols transforming into wild reels and frequent re-triggers.  
The reviewer finds it a typical medium variance Novomatic game, favoring high variance titles or the classic Chicago slot for bigger wins.  
Visuals showcase period symbols like detectives and armed mobsters, complemented by thematic audio and an atmospheric design.",
Stumpy McDoodles,8,"Stumpy McDoodles is a cheerful leprechaun-themed slot featuring two charming characters, Stumpy and his wife Penny, set against a vibrant Irish countryside backdrop. The game offers features like random wilds, free spins with multiplier coins and shifting wilds, plus buy options for free spins and the Foxify multiplier booster. The reviewer appreciates its simplicity and charm, highlighting Foxium's creative character design and medium variance gameplay with decent winning potential. Visually, the slot boasts crisp, well-drawn symbols and pleasant, restrained animation that complements its lively Irish theme.",
Candy Blitz Bombs,1,"Candy Blitz Bombs is a candy-themed slot by Pragmatic Play set in a bright, sugary wonderland featuring a 6x5 grid. The game includes tumbles, a linear multiplier reel, a new Bomb symbol with multipliers up to x500, free spins, and a bonus buy option. The reviewer appreciates the new features and straightforward multiplier but notes the halving of maximum win potential from 10,000x to 5,000x as a downside. Visually vibrant and cheerful, the game maintains a colorful candy aesthetic with upbeat audio fitting its sweet theme.",
Hockey Bonanza,3,"Hockey Bonanza combines ice hockey with the popular Gates of Olympus slot mechanics for a unique sports-themed experience. The game features a 6x5 grid, scatter pays with tumbling reels, multipliers up to x500, free spins with global multipliers, and an Ante Bet or bonus buy option. The reviewer finds it mechanically solid but notes it’s largely a thematic clone of previous Pragmatic Play hits, appealing mainly to hockey fans. The game’s arena setting and crowd sound effects create an engaging ice hockey atmosphere.",
Bust the Mansion,8,"Bust the Mansion is a vintage-style online slot themed around robbing a wealthy mansion. It features a 5x3 reel setup with 25 paylines, a Link&Win hold & win bonus round, and free spins with a special wild money vault reel. The reviewer finds it dependable but unoriginal, with standard features and a retro, Book of Ra-like vibe. The graphics and audio are basic and old-fashioned, reinforcing the slot's nostalgic yet unimaginative presentation.",
Jackpot King Prize Lines,4,"Jackpot King Deluxe Prize Lines features a casino-themed game combining progressive jackpots with a bingo-style Prize Lines mechanic. Players aim to land crown symbols across a grid over multiple spins, unlocking modifiers and the Wheel King jackpot feature. The reviewer praises its unique gameplay and high replay value, while cautioning about the potential for escalating bets. The aesthetics include classic Jackpot King décor with ruby red leather walls, gold trim, and a lively soundtrack enhancing the casino atmosphere.",
Floating Dragon,6,"Floating Dragon shifts from the usual fruit theme to an Asian-inspired sky setting featuring dragons and traditional motifs. The game combines Hold & Spin with a Fishin’ Frenzy-style free spins round, including wild symbol collections and multipliers. The reviewer finds it a well-balanced, enjoyable slot that modernizes classic features without being groundbreaking. Aesthetic-wise, it offers a light, open feel with a clear blue sky backdrop and a plinking soundtrack complementing the Asian theme.",
Krazy Klimber,5,"Krazy Klimber is a King Kong-themed slot inspired by classic climbing games with a dated, early-2000s visual style. It features 20 fixed paylines, two RTP versions, a climb bonus with multipliers or free spins, and Super Wilds during the free spins round. The reviewer finds the game outdated and mediocre, with limited features and low payout potential, appealing mainly to Reflex Gaming fans. The graphics and audio evoke a stretched, smooth-skinned CD-ROM era feel, lacking polish and contemporary appeal.",
Release the Bison,8,"Release the Bison features a nature-themed slot set in serene mountains and meadows, replacing sea creatures with wild animals. Key features include wild respins with roaming wilds, guaranteed wins, free spins with multipliers, and an optional feature buy. The reviewer finds it less exciting than its predecessors due to reduced features, lower win potential, and a smaller maximum payout. The game offers pleasant outdoor visuals with calm scenery, though some animal symbols have odd expressions, and the audio complements the natural setting.",
John Hunter and the Aztec Treasure,8,"John Hunter and the Aztec Treasure is an Aztec-themed slot featuring adventurer John Hunter on a quest for treasure. The game uses Pragmatic Play’s Megaways engine with up to 7,776 ways to win and a free spins round offering multipliers up to 10x. The reviewer finds the gameplay bland, bonuses hard to trigger, and overall quality lacking compared to similar titles. Visually, the slot presents standard Aztec motifs with a rainforest backdrop, but its design and audio feel generic and uninspired.",
Dia Del Mariachi Megaways,1,"Dia Del Mariachi Megaways celebrates Mexican Mariachi music with a festive cultural theme. It features a Megaways grid with up to 117,649 ways to win, Rolling Reels, special symbols triggering Sombrero Spins, free spins, and jackpot prizes. The reviewer finds it a fun, well-designed slot with a positive vibe, though some special symbol prizes feel modest. The game offers bright visuals and a joyous Mariachi soundtrack, creating an upbeat and authentic atmosphere.",
Free Reelin Joker 1000,3,"Free Reelin Joker 1000 is a fast-paced, minimalist joker-themed slot with a single-row, 3-reel setup inspired by circus and big-top casino vibes.  
Features include a Chance Spin triggered by three zero symbols and a Free Reelin Bonus adding a fourth reel for bigger wins up to 1,000 coins.  
The reviewer finds it a niche, novelty game appealing to players who enjoy simple gameplay over massive payouts.  
Aesthetically, it sports a glamorous, glittering circus atmosphere with busy voiceovers and bright lights to enhance its sensory appeal.",
Diamond Mine Extra Gold Megaways: All Action,0,"Diamond Mine Extra Gold Megaways All Action features a high-stakes mining theme with a focus on skipping the base game to jump straight into bonus action. Key features include a gamble for spins, cascading wins with unlimited multipliers, Dynamite Wilds, TNT Mystery Symbols, and free spins triggered by Gold Scatter symbols. The reviewer finds it an exciting, riskier alternative for fans of the original, especially appealing to UK players restricted from feature buys. The game offers solid graphics and animations consistent with Blueprint’s style, delivering an immersive audiovisual experience.",
Jolly Roger 2,1,"Jolly Roger 2 is a pirate-themed slot by Play’n GO, featuring a high seas adventure with treasure maps and buccaneering motifs. The game offers multiple bonus features including random multipliers, a scroll-picking Bonus Quest, and varied free spin modes like Treasure Hunt and Battle Spins. The reviewer praises it as a major improvement over the original, highlighting its engaging gameplay and diverse features. Visually, it boasts enhanced graphics set on a ship with dramatic, fitting soundtrack that complements the swashbuckling theme.",
Azticons Chaos Clusters,6,"Azticons Chaos Clusters immerses players in a vibrant Aztec jungle adventure centered around temple raiding. The game features a 7-column cluster pays grid with Tumbling Reels, Turning Twins, and Sacred Free Spins with progressive multipliers. The reviewer praises its polished design, satisfying gameplay, and potential for huge wins despite high volatility. Visually rich jungle scenery and immersive ASMR-like audio effects enhance the thematic experience.",
Western Wilds,6,"Western Wilds offers a lighter, cartoon-style take on the Western theme, set in a ravine with a quirky mining-town vibe. The game features tumbles, two types of wilds, TNT-triggered explosions, and a free spins round with a modifier conveyor belt and up to 7,776 ways to win. The reviewer finds it less intense and gritty than top Western slots but appreciates its engaging bonus mechanics and potential for big wins. Visually, the slot is pleasant with a mild cartoon aesthetic complemented by a fitting Western twang soundtrack.",
"Pizza!, Pizza?, Pizza!",6,"Pizza!, Pizza?, Pizza! is a pizza-themed online slot from Pragmatic Play and Reel Kingdom with a slice-shaped 2-3-4-5-6 grid layout. The game features medium/high volatility, free spins with money symbol collection, wilds that expand the grid, and multipliers through retriggers. The reviewer finds it an enjoyable, familiar gameplay experience akin to Big Bass Bonanza but with higher potential wins up to 7,200x the stake. Visually simple but appealing, it offers basic yet pleasant graphics and a cheerful soundtrack enhancing the overall vibe.",
Tiki Infinity Reels Megaways,1,"Tiki Infinity Reels Megaways offers a laid-back Pacific island theme with palm trees and golden sands. It combines ReelPlay's Infinity Reels with Megaways, featuring expanding reels, win multipliers, and free spins triggered by volcano scatter symbols. The reviewer finds it a pleasant, less intense alternative to Odin Infinity Reels, suitable for relaxed gameplay with a 10,000x top prize. The aesthetics include smooth animations and a chill Survivor-lounge soundtrack that enhances the tropical vibe.",
Yummy Wilds,2,"Yummy Wilds features a popular candy theme with a traditional 5-reel, 3-row slot setup. Its main features include free spins with four types of wild modifiers like expanding and locked wilds, triggered via bonus symbols. The reviewer finds it unoriginal but acknowledges its solid potential and enjoyable bonus rounds. The game sports pastel colors, candy imagery, and clear graphics, creating a sweet, lighthearted atmosphere.",
The Incredible Balloon Machine,1,"The Incredible Balloon Machine features a unique, reel-less slot experience with a steampunk balloon inflation theme. Gameplay involves holding the spin button to inflate balloons for growing prizes, balanced by random balloon pops and multiplier bonuses including a Pick Bonus round. The reviewer finds the game innovative but polarizing, with engaging mechanics that can also feel tedious and frustrating. Visually minimalist with drifting clouds and bronze latticework, its steampunk aesthetic is complemented by a sparse, atmospheric presentation.",
Bushido Ways xNudge,2,"Bushido Ways xNudge is a Japanese samurai-themed slot inspired by the warrior code of honor and revenge. It features 1,024 ways to win, Sliced Wilds, Wild Geishas with nudging multipliers, Oni Transformations, and two free spin bonus rounds. The reviewer finds it fast-paced and entertaining, though not groundbreaking, with high volatility and big win potential. Visually distinct with Eastern-inspired soundtrack, the game evokes feudal Japan’s atmosphere with burning embers and torn pennants.",
Reel Nightmare,8,"Reel Nightmare is a horror-themed slot inspired by 80s teen-slash movies, set in a spooky suburban environment. It features sticky wilds with free spins and a bonus buy option, emphasizing straightforward gameplay and volatility. The reviewer finds it a less intense clone of Sticky Bandits Trail of Blood, offering solid max wins but lacking multipliers. The game boasts eerie visuals with dim lighting and suspenseful audio, balancing spooky and lighthearted tones.",
Danger! High Voltage,0,"Danger! High Voltage combines a funky disco theme inspired by Electric Six’s hit song with Big Time Gaming’s innovative slot mechanics. The game features 6 reels, 4,096 ways to win, two types of wilds with multipliers, and a free spins bonus offering a choice between High Voltage or Gates of Hell modes. The reviewer praises its unique style, exciting gameplay, and strong win potential, highlighting the challenging yet rewarding free spin options. Visually bright and garish, the slot delivers a vibrant disco atmosphere complemented by the energetic soundtrack of the original track.",
Fluffy Favourites Megaways,5,"Fluffy Favourites Megaways features a playful fairground theme filled with soft toys and carnival imagery. The game offers cascading reels, win multipliers, a claw wild collecting multipliers, and free spins with increasing rewards. The reviewer finds it charming for fans of the original but criticizes its low RTP and jerky animations, making the experience less satisfying overall. Visually, it is colorful and sweet with carnival sounds, but its sugary style may not appeal to all players.",
Big Money Wheel,0,"Big Money Wheel is a retro cartoon-themed slot with a groovy, jazzy game show vibe. It features a unique 2-2-4-4-4-4 reel layout, respins, free spins with sticky Mystery symbols, and a prize wheel bonus offering multipliers up to 1,000x. The reviewer finds it a decent, fun game with solid winning potential but less sophisticated than competitors’ titles. The game sports a finger-clicking, Hanna-Barbera-style aesthetic paired with engaging, upbeat audio.",
Hot Shots 2,0,"Hot Shots 2 is a football-themed slot set on a sandy pitch in a lively forest environment. Key features include expanding wilds, a progressive multiplier in free spins, and the innovative Ultra Bet mode offering boosted RTP and jackpot chances. The reviewer finds the game a solid follow-up with enjoyable gameplay, highlighting Ultra Bet as a standout addition that enhances value. Visually, it features bold animal symbols and a cheerful, upbeat soundtrack with crowd reactions adding to the fun atmosphere.",
Wild Donuts,5,"Wild Donuts is a candy-themed slot centered around donuts in a pastel-hued, molten sugar world. It features cluster wins, cascades, wild multipliers, a Random Wild feature, free spins, and a buy bonus option. The reviewer finds it a solid but somewhat formulaic slot with enjoyable gameplay and potential big wins. Visually, the game is bright and sweet-looking with catchy audio but follows typical candy slot aesthetics.",
Halloween Horrors Megaways,5,"Halloween Horrors Megaways is a Halloween-themed slot set in a generic graveyard scene with standard spooky motifs. It features a 6-reel Megaways setup with tumbling wins, free spins with locking reels, win multipliers, and a buy spins option. The reviewer finds the game unoriginal and dull, reusing old mechanics and lacking engaging thematic elements. Visually, it is bland but functional, with decent music that offers some atmospheric support.",
In the Zone,5,"In the Zone is a modern classic fruit-themed slot blending vintage vibes with contemporary gameplay twists. It features 3 reels with Bigways paylines, multipliers, nudging wilds, linked spins, respins, and five X-iter bonus buy modes. The reviewer finds it a tasteful mix of old and new, offering decent depth but limited appeal beyond niche players due to modest max wins and below-average RTP. Visually, it’s plain and minimalistic, with simple graphics set in a bare, brassy room, lacking ELK Studios' usual visual flair.",
Beetlejuice Megaways,1,"Beetlejuice Megaways is an online slot themed around the cult 1988 film Beetlejuice, featuring its quirky and campy supernatural story. The game offers unique 5-reel expandable rows, cascading wins, mystery ghost symbols, and a free spins round with a progressive multiplier. The reviewer finds it an okay Megaways slot with decent win frequency but modest payouts and slow scatter triggers. The aesthetics capture the movie's eerie humor with recognizable characters and thematic symbols, though no mention of audio was made.",
Rainbow Reels,3,"Rainbow Reels is an Irish folklore-themed slot featuring leprechauns, rainbows, and pots of gold. It offers a unique Seven Layers mechanic with cascading wins and a free spins bonus where wilds with usage counters enhance gameplay. The reviewer finds the base game underwhelming but praises the bonus rounds for exciting, repeat-win potential and a max win of 5,000x the bet. The game sports lush green visuals and a jaunty Irish tune, creating a cheerful and immersive atmosphere.",
Mutagenes,8,"Mutagenes is a sci-fi themed slot set in a futuristic lab where genetic mutations create next-gen humanoids. It features cascades with increasing multipliers, Infection and Mutation random upgrades, free spins with expanding wilds, and a buy-in option. The reviewer finds it thought-provoking with solid gameplay and up to 12,000x max wins, though not the most innovative. The game boasts quirky visuals, retro-inspired sounds, and lively animations that enrich its unique scientific atmosphere.",
Black River Gold,7,"Black River Gold is a frontier-themed slot featuring Kane Steel’s gold rush adventure with a mysterious Black River setting. It offers expanding reels with Avalanche mechanics, big symbol alterations via the Revolver feature, Compass wilds, and a bonus free spins game with sticky wilds. The reviewer finds it a solid but slightly less thrilling continuation of the series, appealing mainly to established fans. The game sports a rugged, misty wilderness aesthetic with thematic symbols and fitting audio that complements the frontier vibe.",
Ramses’ Revenge,2,"Ramses’ Revenge is an Egyptian-themed slot featuring the Pharaoh Ramses seeking payback in a 5x5 grid setting.  
Key features include 4,096 ways to win, Mystery Sandstorms, and free spins with roaming multiplier wild mummies that can multiply wins.  
The reviewer finds the game challenging and volatile but rewarding during free spins, praising its dynamic bonus rounds despite a slow base game.  
Aesthetically, it offers a familiar Relax Gaming style with a crumbling courtyard backdrop and a relaxing Arabic soundtrack enhancing the atmosphere.",
The Catfather,8,"The Catfather is a quirky slot themed around gangster-styled cats engaging in playful crime antics. It features 5 reels, 9 paylines paying both ways, random wild stacks, and free spins with a fixed 4x multiplier. The reviewer finds it charming for cat lovers and fans of simple gameplay but notes its modest max win and gentle volatility limit broader appeal. The game’s aesthetics showcase distinctively dressed cats with a homely, understated background, complemented by a 70s Bond-style bass soundtrack.",
Dragon Hopper,8,"Dragon Hopper immerses players in an Oriental-themed grid slot inspired by Asian architecture and festive lanterns. Key features include cascading clusters, Instant Prize symbols, and unique Dragon, Bubble, and Mystic Flare mechanics enhancing multiplier potential and win opportunities. The reviewer finds it a polished yet familiar Push Gaming title that, while fun and engaging, lacks distinct innovation. The game boasts tranquil cloud-high visuals with soft glowing lights and a soothing Asian-inspired soundtrack, creating a calming, mystical ambiance.",
Arthur's Gold,8,"Arthur’s Gold is a medieval-themed slot centered on King Arthur, his knights, and their treasure-filled adventures. The game features double premium symbols, two types of wilds, a free spins bonus with expanding wilds and respins, plus a Double Up gamble feature. The reviewer finds it a solid first release with engaging mechanics, decent volatility, and potential wins over 4,000x stake but slightly modest max payouts. Visually, it offers a classic slot feel with an old hall backdrop and animated characters, complemented by thematic audio enhancing the medieval atmosphere.",
Ashoka,7,"Ashoka is a historically themed slot centered on Ashoka the Great and ancient Asian mysticism. It features a 6x8 grid with scatter pays, Avalanche mechanics, multiple wild types, multipliers, a bonus game, and an X-iter buy menu for bonus modes. The reviewer praises its originality and engaging gameplay but notes the low 94% RTP and high volatility as drawbacks. The game’s aesthetics include a mystical natural world setting with a rhythmic chanting soundtrack, creating an exotic and secretive atmosphere.",
Fruity Treats,7,"Fruity Treats is a fruit-themed cluster pays slot blending candy and fruit motifs in a semi-cosmic setting. It features tumbles, rising multiplier spots, free spins with persistent multipliers, and optional feature buys. The reviewer finds it a solid, if not groundbreaking, Pragmatic Play release with engaging multiplier mechanics and a 5,000x max win. Visually simple with purple/red cosmic animations, the soundtrack is described as unusual.",
Eternal Dusk,1,"Eternal Dusk is a mysterious slot set in the twilight realm between day and night, featuring a porcelain-skinned heroine in an arcane, misty world. The game offers high volatility with Wild Surges, roaming wilds, multipliers, and progressive free spins with a multiplier meter. The reviewer praises its polished, playable design and engaging wild features, though it lacks explosive potential or deep thematic storytelling. Visually, the slot is handsomely presented with a subtle, atmospheric aesthetic and non-intrusive audio.",
Barrel Bonanza,4,"Barrel Bonanza is a tropical-themed slot featuring a muscular gorilla who throws barrels to create wilds and multipliers. The game offers 5 reels, 4 rows, 14 paylines, sticky wilds in free spins, and a unique barrel-bouncing feature that can multiply wins. The reviewer finds it enjoyable with exciting moments, especially during bonus buy spins, though base gameplay can feel slow. Visually, the game showcases swaying palm trees, a lively gorilla, and upbeat seaside music enhancing the lighthearted vibe.",
Legend of Athena,2,"Legend of Athena is a straightforward Ancient Greek-themed slot centered on the goddess Athena. It features a multiplying wild symbol and free spins with a triple multiplier, plus scatter-triggered bonus spins. The reviewer finds it simple and lacking innovation but acknowledges its high win potential and classic appeal. Visually, the game offers a minimalist marble and temple design with subtle, pleasing aesthetics.",
Elemental Princess,0,"Elemental Princess is an Asian-themed slot featuring four princesses, each with unique powers influencing gameplay. The game offers modifiers like floating, sticky, and spreading wilds, plus free spins with distinct princess-themed features. The reviewer finds it charming but low in thrill and potential, with moderate wins and steady but unspectacular payouts. Visually, it’s gentle and elegant, with backgrounds shifting to reflect each princess, complemented by a tasteful wooden frame and serene audio.",
Savanna Roar,1,"Savanna Roar is an African savanna-themed slot featuring wildlife like buffalo, rhinos, leopards, and elephants. It offers multiple base game modifiers, a respin feature, and a free spins bonus with multipliers and wilds. The reviewer finds it a safe, reliable debut with familiar mechanics but lacking innovation or standout creativity. Visually, the game has a somewhat flat color palette but brightens during free spins, accompanied by an uplifting choral soundtrack.",
Gods of Troy,0,"Gods of Troy is an Ancient Greek-themed slot inspired by the Trojan War and its legendary gods. It features a 10-spin cycle adding wilds to framed positions and a Troy Spins bonus with roaming wilds and up to 50 free spins. The reviewer finds it traditional but rewarding, with a max win potential of over 6000x the bet and engaging wild mechanics. The game showcases classical architecture, Aegean Sea visuals, and thematic audio that evoke the era's atmosphere.",
Dawn of Egypt,5,"Dawn of Egypt is an Ancient Egypt-themed slot from Play'n GO, continuing their popular genre with a temple and pyramid backdrop. It features high volatility gameplay with a two-tiered Free Spins round, including a Wheel of the Gods and Pyramid Spins for enhanced winning potential. The reviewer finds the game dependable and enjoyable but somewhat unoriginal, blending familiar quality with solid payouts. Visually, it boasts high-definition symbols and a sunlit pyramid setting, delivering an immersive and polished audio-visual experience.",
Marlin Catch,4,"Marlin Catch is a fishing-themed slot offering an aquatic adventure with a birds-eye view of clear waters and lively marine life. Key features include sticky multiplier wilds in free spins, a collection bar system, gamble option, and four bonus buy choices. The reviewer sees it as a fresh take on a familiar concept, delivering higher win potential and a more original experience than expected. Visually, the game is bright and friendly with transparent reels showing detailed underwater scenes, enhancing immersion.",
Dragon Chase,6,"Dragon Chase by Quickspin features an Asian dragon theme set in heavenly realms with warm red and gold tones. The game offers Wildfire cascading symbols, a Free Spins bonus with extra Wildfires, and a Dragon Pearl Respin jackpot feature with four progressive jackpots. The reviewer finds it a solid but uninspiring first jackpot slot for Quickspin, relying heavily on the progressive for appeal. Visually, it boasts polished artwork with swirling fireflies and thematic symbols, complemented by atmospheric audio enhancing the immersive experience.",
Jelly Slice,8,"Jelly Slice is a cute, anime-inspired slot themed around jiggly jelly creatures with a playful, sweet aesthetic. The game features a unique Slicer mechanic that slices symbols to increase ways to win, along with tumbling reels, a Razor-Sharp bonus round, and multiple feature buys. The reviewer finds the slot light and less impactful compared to other Hacksaw Gaming titles but acknowledges its innovative mechanics and solid winning potential. Visually, the game is colorful and charming with a pink and cyan palette, complemented by a flowing pink-haired character and a catchy, upbeat style.",
The Bowery Boys,4,"The Bowery Boys is a gritty 19th-century New York gang-themed slot with a graphic novel style. It features cascades, multipliers, three distinct bonus games, and an all-scatter win system with a wild symbol. The reviewer praises its high volatility, engaging gameplay, and up to 10,000x win potential despite some familiar mechanics. The game boasts moody, cinematic visuals with dark skies and cobblestone streets, complemented by intense, atmospheric audio.",
Africa X UP,1,"Africa X UP is an African-themed slot featuring wildlife and cultural motifs with a 5-reel, 243-ways layout.  
Its key features include a scatter collection system that builds multipliers, free spins with increasing multipliers, and a bonus buy option.  
The reviewer praises its imaginative take on a common theme, high volatility, and strong winning potential up to 30,000x the stake.  
The game boasts rich visuals of African plains and animals, complemented by a Lion King-style soundtrack for immersive play.",
Lucky Nuggets Megaways,0,"Lucky Nuggets Megaways is a mining-themed slot featuring a classic gold prospector collecting gold and diamond symbols underground. The game offers Megaways paylines, free spins with multiplier boosts, and special modifiers like Gold Rush respins and Big Blast Bonanza symbol transformations. The reviewer finds the gameplay familiar and somewhat uninspired, though polished and potentially enjoyable for fans of mining slots. Visually, the game presents a standard mining setting with lanterns and rocks, accompanied by simple audio, lacking dynamic animations or character depth.",
Bust the Bank,2,"Bust the Bank is a classic 2013 Microgaming slot themed around a bank heist with a playful take on robbing a vault.  
The game features 5 reels, 243 ways to win, a Wild logo symbol, Safe and Piggy Bank Bonuses, random robber appearances, and 8 free spins with wild reels.  
The reviewer praises its entertaining gameplay, medium variance, and rewarding special features, recommending it as a must-play classic.  
Set inside a bank vault, the slot boasts impressive graphics, thematic symbols, and a great soundtrack enhancing the immersive experience.",
Crystal Mirror,4,"Crystal Mirror features a luxe Euro riche theme with jewelled symbols and a mirrored reel design. Its main features include mirrored reels, stacked Super Wilds with nudges, and free spins with locked wilds. The reviewer finds it a typical Red Tiger slot—unremarkable but offering some entertaining moments during free spins. The game’s aesthetics combine dark tones and sparkling jewels with relaxing music that suits its glitzy vibe.",
Apollo Pays Megaways,8,"Apollo Pays Megaways is an Ancient Greek-themed slot centered on the Olympian god Apollo, offering a classic mythological vibe. The game features up to 117,649 Megaways, a unique hold & win respin mechanic, and a free spins round with a progressive multiplier. The reviewer finds it a well-crafted but slower-paced game with solid potential, rewarding patience with massive win possibilities. Visually, it presents a serene Mt Olympus backdrop with a calm, contemplative soundtrack enhancing the relaxed atmosphere.",
Temple Frenzy Lightning Chase,0,"Temple Frenzy Lightning Chase takes players on a jungle adventure with explorers seeking treasures for a British museum. The game features a Lightning Chase Hold & Respin bonus and free spins with added wilds, offering 178 ways to win. The reviewer praises the removal of pay-to-access features and the balanced gameplay, though notes it lacks novelty in the hold & win genre. Visually, it’s a vibrant, cretaceous jungle setting with lively animations and immersive audio enhancing the experience.",
Time Travel Tigers,2,"Time Travel Tigers is a time-travel themed slot featuring Dr Tigerstein exploring four historical eras. The game offers four free spins modes with unique wild placements and multipliers, triggered by scatters. The reviewer finds the base game dull with limited paylines and low win potential, recommending the slot only for free spins seekers. Visually, it boasts excellent animations and a detailed time machine setting with immersive audio effects.",
Fishin' Reels,1,"Fishin' Reels is a fishing-themed slot that builds on the classic Fishin’ Frenzy with an underwater tropical vibe. It features two bonus games—Reel' Em In and The Big Catch—offering varied free spin experiences and cash prizes. The reviewer praises its bright graphics and animations but notes the limited payout potential as a drawback. The game boasts clear, warm ocean visuals with lively animations and a banjo-driven soundtrack during free spins.",
Twisted Lab RotoGrid,1,"Twisted Lab RotoGrid is a mad scientist-themed slot set in a quirky, twisted laboratory featuring eccentric characters like Mr Melker and Pat the Rat. The game highlights include a rotating 5x5 grid, spreading wild multipliers via Oozing Beakers, and two unique bonus rounds—Unleash the Ooze! and The Twist of the Twisted. The reviewer praises Hacksaw Gaming’s inventive design and engaging mechanics, noting a strong max win potential of 15,000x the bet. The slot sports a neon-on-dark punk aesthetic with playful, lively audio matching its eccentric, energetic vibe.",
Ring of Odin,0,"Ring of Odin is a Norse mythology-themed slot centered on Odin, the powerful All-Father of Asgard. It features a 5x3 grid with 10 paylines, Odin’s Ring respins, and two types of free spin rounds including multiplier-enhanced free spins. The reviewer finds it a solid, well-crafted slot with balanced gameplay and engaging features, though not groundbreaking. Visually, it impresses with detailed, thematic symbols, slick animations, and a powerful, atmospheric design.",
The Knight King,7,"The Knight King is a medieval-themed slot set in a romantic fairy-tale castle environment inspired by Bavarian landscapes. It features Special Money symbols with random values and a free spins bonus where a symbol is selected to award cash prizes, plus an optional Buy Free Spins feature. The reviewer found the game underwhelming, citing uninspired features and mediocre visuals, making it feel like a rushed release. Visually, the game has a polished but uninspired look with typical Pragmatic Play audio, lacking distinctive atmosphere.",
Win-O-Mart,2,"Win-O-Mart is a slot game themed around the everyday experience of shopping in a supermarket, with a subtle undercurrent of mystery. It features a 5-reel, 26-payline setup with high volatility and a multi-level Bonus Bundle free spins round that includes wild expansions, multipliers, symbol removals, a prize wheel, and a combined final level. The reviewer finds it uniquely thought-provoking and subtly unsettling, praising its originality but noting the base game is a bit dull. The game’s aesthetics include ordinary store imagery paired with sweet muzak, creating an oddly familiar yet slightly eerie atmosphere.",
Cops'n'Robbers,1,"Cops'n'Robbers is a classic cops-and-robbers themed 5-reel slot with up to 9 adjustable paylines. It features a Car Chase bonus with free spins, directional choices, and a gamble option to double winnings. The reviewer finds it straightforward and enjoyable, especially for fans of lower volatility games with solid max win potential. The game boasts clear, thematic symbols and an intense atmosphere, though the audio and detailed aesthetics were not specifically highlighted.",
Dynamite Diggin Doug,4,"Dynamite Diggin Doug is a mining-themed slot featuring a cheerful prospector named Doug exploring underground riches. The game offers instant prizes via dynamite symbols and a streak respin Dynamite Bonus with multipliers and lives. The reviewer finds the game amiable but underwhelming, with slow gameplay, modest wins, and weaker features compared to other mining slots. Its music is surprisingly compelling, though the visuals and animations feel outdated and lackluster.",
Towering Pays Valhalla,3,"1. Towering Pays Valhalla is a Norse mythology-themed slot by GamesLab featuring expanding towers on reels.  
2. Key features include Mega Tower Magic, expanding grids up to 5x8, multipliers, and a four-stage free spins trail with increasing complexity.  
3. The reviewer finds the game somewhat outdated and convoluted, with limited paylines and modest wins despite the expanding grid and features.  
4. The game offers high-quality graphics with eerie blue-lit Viking imagery and an immersive, haunting soundtrack.",
Floating Dragon Boat Festival,4,"Floating Dragon Boat Festival is an Asian-themed slot centered on dragon boat racing with a relaxed riverside atmosphere. It features Hold & Spinner and free spins with increasing multipliers, plus Ante Bet and bonus buy options. The reviewer finds it a pleasant, familiar sequel offering higher Fish Money values and a max win of 10,000x the bet. The game boasts calm visuals with mountains, clouds, birds, and soothing music that enhance its laid-back vibe.",
Charlie Chance XreelZ,6,"Charlie Chance XreelZ revisits the 1930s underworld theme with a darker, more serious twist on the original character's misfortune. The game features a 5x3 grid with 243 ways to win, incorporating the XreelZ multiplier mechanic, Second Chance respins, and tiered free spins with increasing multipliers. The reviewer praises the game's higher volatility and significantly larger max win potential of 20,000x stake, calling it a thrilling evolution from the original. Visually, it blends early black-and-white cartoon style with added color and a swinging era soundtrack, enhancing its vintage animation charm.",
8 Golden Dragon Challenge,4,"8 Golden Dragon Challenge is an Asian-themed slot centered on dragons and the lucky number 8, symbolizing prosperity. The game features a 5x3 base grid with 10 paylines and a unique Mini Slot Machine Bonus involving eight mini-slots and an Envelope Bonus multiplier round. The reviewer found the base game generic but praised the innovative bonus rounds for adding excitement and potential big wins. Visually, the slot showcases traditional Asian elements like pagoda structures and pink flowering trees, complemented by a classical soundtrack.",
1 Million Megaways BC,1,"1 Million Megaways BC is a prehistoric-themed slot set in the Pleistocene era, evoking an Ice Age vibe with cavemen and mammoths. The game features a unique Megaways mechanic with cascading wins, an increasing multiplier, a Mammoth reel in free spins, and a feature buy option. The reviewer appreciates its high win potential and innovative mechanics but notes base game volatility and some rough edges. A richly primal scene is enhanced by tribal orchestral beats and detailed icy, snowy visuals.",
Bookie of Odds,5,"Bookie of Odds is a horse racing-themed slot inspired by major British racing events. It features a 5-reel, 10-payline setup with paid respins and expanding symbols in the free spins bonus. The reviewer finds it a well-made but unoriginal clone of Book of Oz, catering mainly to horse racing fans. Visually, the game is colorful and soothing but simple, with a static abstract background and classic slot symbols.",
Big Top Bonanza Megaways,2,"Big Top Bonanza Megaways features a circus big top theme with a charming, restrained design centered on the reels' action. The game offers up to 200,704 ways to win, cascading wins, bonus modifier symbols (Normal, Super, Mega), and a free spins feature with a growing multiplier. The reviewer found it a solid, enjoyable Megaways slot with good variety, though lacking major innovation and a modest max win of 5,000x. Visually, it uses subtle circus elements with a striped tent backdrop and bright lights, complementing a lively but not over-the-top atmosphere.",
Gates of Valhalla,6,"Gates of Valhalla is a Norse mythology-themed slot set in a rugged, snowy Asgardian landscape.  
Key features include roaming wild multipliers, a tumble mechanic, and a high-frequency free spins mode with increasing multipliers.  
The reviewer found it a slow starter that becomes quite thrilling, offering satisfying volatility and decent winning potential.  
The game sports bright, neon-style symbols with a somewhat unusual color scheme, paired with a rugged mountain backdrop, though its atmosphere and audio are less immersive than peers.",
Tai The Toad,1,"Tai The Toad is an Asian-themed slot featuring classic symbols like toads, dragons, and coins rooted in cultural beliefs of fortune. It offers medium volatility gameplay on a 5x5 grid with features including wilds, coin multipliers, free spins, and multiple bonus buy options. The reviewer finds it a more conventional and less innovative release from Hacksaw Gaming, lacking their usual creative edge. Visually, the game sports traditional Asian iconography with a decent, if not standout, aesthetic and sound design.",
Aloha! Christmas,2,"Aloha! Christmas Edition offers a unique tropical Christmas theme, blending Hawaiian island vibes with festive touches. The game features enhanced Mystery Symbols with multiplier wilds, Sticky Win Respins, and dual free spin modes for varied volatility. The reviewer praises its improved gameplay and graphics but notes limited big win potential. Visually, it sports refined island graphics with a groovy tune, creating a laid-back holiday atmosphere.",
Vampires,5,"Vampires is a gothic-themed slot featuring a lost girl exploring a vampire’s ancient palace.  
It offers fixed paylines, a Scatter Wild vampire symbol triggering 15 free spins, symbol transformations, and gamble rounds.  
The reviewer finds it a classic Merkur slot with straightforward gameplay, high volatility, and an exciting free spins feature despite a common vampire theme.  
The game sports retro-style graphics with a thorny forest backdrop and classic slot visuals, complemented by a night-lit palace atmosphere.",
Firewins Factory,7,"Firewins Factory is an industrial-themed slot featuring quirky minion-like workers in a vintage factory setting. The game highlights cascading wins, multiple types of explosive wilds that spread and boost multipliers, free spins with persistent multipliers, and feature buys. The reviewer finds it a solid, if not spectacular, Relax Gaming slot with potential for big wins but somewhat infrequent base game action. The aesthetics combine a 19th-century factory vibe with colorful, animated worker critters, complemented by thematic audio enhancing the industrial atmosphere.",
Bon Bomb Bonanza Hyperboom,1,"Bon Bomb Bonanza Hyperboom is a candy-themed slot that immerses players in a sugary world inspired by confectionery delights. It features a scatter pays system, cascading wins, a growing Hyperboom multiplier, free spins, side bets, and a bonus buy option. The reviewer finds it an enjoyable but fairly standard candy slot with solid features, lacking standout innovation. Visually, it presents vibrant candy graphics and a pink-hued free spins mode, delivering a familiar yet pleasant aesthetic and audio experience.",
The Sword and The Grail,0,"The Sword and The Grail is an Arthurian-themed slot featuring King Arthur, Merlin, and the Holy Grail. It offers classic 5x3 reels with 20 paylines, wild multipliers up to 100x, and a progressive free spins round with up to 10,000x stake wins. The reviewer praises its balanced high volatility and intense free spins, making it appealing yet cautionary for risk-tolerant players. Visually, the game boasts detailed medieval artwork with a majestic castle backdrop and fitting thematic audio.",
Spirit of Adventure,3,"Spirit of Adventure is an online slot themed around adventure and fortune, featuring a mix of eclectic symbols and a daring heroine. The game offers 10 fixed paylines, a free spins feature with a relic collection mechanic, moving wilds, and mystery prizes. The reviewer finds it one of Reel Kingdom's more conventional yet still quirky releases, with entertaining features and solid stats. Visually, the game combines mismatched symbols and cultures with bobbing animations, creating a distinctive but somewhat offbeat aesthetic.",
Elemental Gems Megaways,2,"Elemental Gems Megaways features an Asian-inspired theme with traditional symbols and purple dragons framing the reels. The game uses the Megaways engine with up to 512 ways to win and a unique fourth reel that applies multipliers up to x100 on wins. The reviewer finds the gameplay basic and underwhelming, lacking bonus features and excitement despite the Megaways mechanic. Visually, it offers pleasant aesthetics and a traditional soundtrack but ultimately feels dull and hollow.",
Lion Strike,0,"Lion Strike is an African wilderness-themed slot featuring iconic wildlife and grassy landscapes. It offers expanding reels, multiple free spins rounds, and a Lion Spins feature with multiplier wilds for big win potential. The reviewer finds it a well-crafted but conventional game with solid gameplay and high volatility. Visually, it impresses with detailed, golden-toned graphics and atmospheric transitions from day to night.",
Jack Frost’s Winter Infinity Reels,7,"Jack Frost’s Winter Infinity Reels features a cozy, winter-themed slot centered on the mischievous Jack Frost character. The game offers Infinity Reels with expanding wilds, free spins, and a progressive win multiplier. The reviewer finds it competent but unremarkable, lacking standout features to compel repeated play. A charming snowy town backdrop with jingling Christmas tunes enhances the mobile-focused aesthetic and audio experience.",
Saint Nicked 2,1,"Saint Nicked 2 features a naughty Father Christmas theme, blending Christmas cheer with irreverent humor and mischief. The game offers 4,096 ways to win, a multi-stage Cash Collect mechanic, free spins with retriggers, and progressive multipliers linked to the Jackpot King network. The reviewer finds it a standard Blueprint Gaming cash collect slot, lacking the originality of the first game but appealing to fans of the developer’s familiar style. Visually, it presents a snowy suburban setting with Santa and his crew on a sleigh, complemented by a cheeky voice-over and festive, playful audio.",
Street Fighter 2: The World Warrior Slot,0,"Street Fighter 2: The World Warrior Slot brings the iconic 1991 arcade fighting game to life with 8 unique characters and a battle-themed slot experience. The game features a 5x5 Cluster Pays mechanic, character-specific wild modifiers, and two distinct bonus rounds: Car Smash and Beat the Boss free spins with multipliers. The reviewer praises its faithful arcade spirit and innovative gameplay but notes it may overwhelm casual players due to complexity. Visually and audibly, the slot perfectly captures classic arcade aesthetics and sounds, including signature moves and catchphrases.",
Turn It Up!,4,"Turn It Up! is a rock and roll-themed 5-reel slot featuring fast-paced music and action-packed gameplay.  
Key features include Reel Enhancers that build up on losing spins, free spins with persistent enhancements, and multipliers boosting wins.  
The reviewer finds it a well-produced medium variance slot with solid win potential and engaging mechanics.  
The game boasts high-quality visuals and dynamic rock music that enhance the immersive experience.",
Buffalo Collector,7,"Buffalo Collector is a nature-themed slot centered on collecting buffalo symbols across a 10-spin cycle. Key features include a Buffalo Collection mechanic that gathers symbols for a final spin with multipliers, plus a free spins bonus with additional wild multipliers. The reviewer finds it a solid, straightforward game with decent winning potential but lacking originality. Visually, it offers a dry prairie backdrop with herds of buffalo, delivering competent but average graphics and immersive audio.",
Pirates' Frenzy,8,"Pirates’ Frenzy is a pirate-themed slot inspired by the ocean and classic fishing slots.  
It features a 5-reel base game with an optional 6th reel that doubles bets and enhances payouts, plus a free spins round with collectible money bag symbols.  
The reviewer finds it polarizing, praising gameplay for fans of retro slots but cautioning that the dated graphics may deter newer players.  
Visuals are intentionally old-school and simplistic, reminiscent of 1990s VGA graphics, with a bright, friendly beach backdrop but lacking modern polish.",
Arctic Magic,6,"Arctic Magic features a wintery, Art Deco-themed slot set in a snowy mountain landscape. The game offers 9 paylines, wilds, scatters, and a free spins feature with 3x multipliers and retriggers. The reviewer finds it unoriginal and dull, with weak gameplay and little entertainment value. Visually, it combines old-school World’s Fair style with a relaxing but mismatched Andean panpipe soundtrack.",
Luchamigos,4,"Luchamigos is a vibrant slot themed around Mexican lucha libre wrestling combined with spicy chili peppers. It features 1,024 ways to win, Amigo Wilds with three Hot Amigo modifiers, free spins with a Chile Meter, and guaranteed-win Hot Spins. The reviewer finds it spirited and entertaining, though not likely to become a classic, appreciating its engaging gameplay and wild-packed action. The game boasts colorful, pastel visuals set in an outdoor wrestling ring with a lively mariachi and ska soundtrack enhancing the atmosphere.",
Rudolph Gone Wild,1,"Rudolph Gone Wild is a Christmas-themed slot centered on the story of Rudolph the Red-Nosed Reindeer, featuring festive characters like elves and Santa. The game offers 50 paylines, two types of wilds, random wild features, and a free spins bonus with stacked walking wilds, plus a bonus buy option. The reviewer found it entertaining with decent potential but noted its lower RTP and challenging volatility as drawbacks. Visually, the slot is bright, cheerful, and humorous, complemented by a festive soundtrack that enhances the holiday spirit.",
Egyptian Tombs,8,"Egyptian Tombs immerses players in an Ancient Egypt theme set on the Giza Plateau with a unique 5x5 grid offering 3,125 ways to win. The game features a 6-level instant prize system, Tomb Bonus free spins, and random Super Spins that add wilds and high-value symbols. The reviewer finds it a feature-rich, volatile jackpot chase with frequent but often low-value bonus rounds, creating a somewhat unbalanced experience. Visually, the game boasts sparkling graphics and animations with a physical machine feel, complemented by atmospheric night-time Egyptian scenery.",
Divine Showdown,8,"Divine Showdown merges multiple mythologies into a unique slot where four gods battle for supremacy. Features include random god abilities, a Multiplier Reel, and an indefinite free spins bonus with battle mechanics. The reviewer finds the game entertaining but feels it falls short of its epic theme's potential. Graphics are decent with a Street Fighter 2 style, complemented by fitting action-themed audio and visuals.",
Fire Forge,8,"Fire Forge is a straightforward, high-volatility slot themed around dwarven smithing and fire, inspired by Stormcraft Studios' logo. It features 243 win ways, Rolling Reels, three jackpot picks, and a free spins mode with escalating multipliers up to x200 and infinite retriggers. The reviewer praises its big win potential and gameplay options but notes its dated visuals and underwhelming jackpots. The game's aesthetics are plain yet functional, with modest graphics and an all-business vibe, focusing more on gameplay than flashy design or audio.",
Brute Force,0,"Brute Force is a retro 8-bit style slot themed around nostalgic arcade heroism and brute strength. It features xNudge Wilds with multipliers, free spins, and bonus buy options, focusing on straightforward yet high-impact gameplay. The reviewer praises its raw, no-frills approach with big volatility and winning potential, though it lacks the complexity of other Nolimit City titles. The game boasts chunky pixelated graphics and energetic chiptune audio that evoke classic video game arcades.",
Rotiki,1,"Rotiki is a Pacific Island-themed grid slot featuring cluster pays and a respins mechanic. The game includes locked respins, symbol upgrades, and a Treasure Room bonus with multiplier picks. The reviewer finds its low payouts unusual but appreciates its unique, challenging gameplay. Visuals showcase a volcanic island backdrop with rhythmic drumming and atmospheric chanting effects.",
Greek Gods,6,"Greek Gods by Pragmatic Play centers on an Ancient Greek theme featuring Zeus and Hera with a 5x3 grid set against a golden cloud backdrop. The game includes features like Random Awards with cash prizes, a Wheel of Fortune bonus, and free spins triggered by scatter symbols. The reviewer finds the slot functional but uninspiring, lacking excitement and strong thematic impact. Visually, the backdrop and temple frame are appealing, though the reels themselves are standard, with no standout audio mentioned.",
Flower Fortunes Megaways,1,"Flower Fortunes Megaways features a vibrant, plant-themed world blending video game elements with slot gameplay. It offers progressive levels with increasing reel rows and unique features like expanding multiplier wilds, respins, and a mystery flower bonus. The reviewer praises its originality, innovation, and high win potential but notes its complexity and awkward desktop layout. Visually stunning with a dreamy soundtrack, the game resembles a high-definition Nintendo Switch experience optimized for mobile play.",
The Goonies Hey You Guys,6,"The Goonies Hey You Guys slot is themed around the cult 80s adventure film, featuring characters and treasure-hunting motifs. Key features include multiple Sloth Collect symbols that activate progressively, cash symbol collection, free spins with multipliers, and four jackpot prizes. The reviewer finds the game fun but less feature-rich than previous Goonies slots, noting a mixed approach to feature activation. Visually, the game is neat but not exceptional, with a soundtrack that supports the adventure vibe without standing out.",
Beef Lightning Megaways,4,"Beef Lightning Megaways is a farm-themed slot by Big Time Gaming, centered around a cheerful Australian cattle farm. It features Megaways mechanics with up to 117,649 ways to win, reactions, free spins triggered by M.O.O. scatters, cow auctions, and collectible bonus coins for jackpots. The reviewer finds it a fresh yet grind-heavy slot with solid win potential up to 56,000x the bet, though free spins can be rare. The game boasts bright, sunny farm visuals paired with an upbeat, twangy soundtrack that may wear on some players.",
Gem Rush,1,"Gem Rush is a mining-themed slot with a futuristic twist, set in an other-worldly rocky landscape under a pink sky. It features avalanches, progressive multipliers, a Gem Crusher mini-reel, free spins without blockers, and multiple power-ups and bonus buys. The reviewer praises its minimalist design and engaging gameplay, highlighting its high volatility and a max win of 10,000x the bet. Visually clean and streamlined, the game combines sci-fi aesthetics with subtle audio, focusing on gameplay over flashy animations.",
Legendary Battle of the Nian,8,"Legendary Battle of the Nian is themed around an ancient Chinese legend featuring a monstrous beast and the traditional Lion Dance. The game offers cascading reels, wilds, scatter-triggered free spins, and a Battle of the Nian feature with level upgrades and big prize potential. The reviewer highlights its engaging gameplay with the option to buy features for immediate action. The aesthetics evoke Chinese cultural elements like firecrackers and red lanterns, enhancing the immersive experience.",
Pirates' Plenty,1,"Pirates' Plenty is a pirate-themed slot set in the captain's quarters, featuring a treasure hunt for sunken riches. Key features include a 6th reel Treasure Reel, stacked multiplier wilds, re-spins, and a multi-stage free spins Ocean Spins bonus. The reviewer praises its exciting gameplay twist with the 6th reel and high win potential but notes its high volatility may challenge bankrolls. Visually, it offers detailed, warm graphics with lively animations and immersive audio, reminiscent of classic adventure games.",
Gonzo's Quest Megaways,3,"Gonzo’s Quest Megaways revamps the classic adventure theme with a modern twist using the popular Megaways engine. Key features include 6 reels with up to 117,649 ways to win, Avalanche multipliers, Earthquake symbol removal, Unbreakable Wilds, and an extendable free spins round. The reviewer praises it as a superb sequel that enhances the original while maintaining its fun and appeal. The game boasts crisp, sharp visuals and immersive jungle sounds, complemented by Gonzo’s playful animations.",
Temple of Treasure Megaways,8,"Temple of Treasure Megaways is an Aztec-themed slot set against a jungle backdrop with stone temple pillars. It features cascading reels, up to 117,649 ways to win, unlimited multipliers in free spins, and a bonus buy option with four choices. The reviewer finds it impressive in design but somewhat repetitive compared to other Blueprint Megaways titles, though the guaranteed Megaways feature adds excitement. Visually, the game boasts detailed Aztec symbols and a jungle setting, complemented by immersive audio enhancing the adventurous atmosphere.",
Mighty Empire Hold & Win,4,"1. Mighty Empire Hold & Win is a domination-themed slot centered on Napoleon Bonaparte's military exploits.  
2. Features include 3 random Napoleon modifiers, Hold & Win Respins with connected scatters, and regional conquest multipliers.  
3. The reviewer finds it a well-made, entertaining game with creative mechanics but modest top prizes.  
4. The game boasts dramatic visuals of battle and conquest, complemented by a rousing soundtrack and Napoleon's voice commentary.",
Voodoo Reels,1,"Voodoo Reels is a playful voodoo-themed slot featuring pins, dolls, and spooky rural imagery. It offers multiple features including a pick & click bonus, unlimited free spins with colossal symbols, and a Super Stake option enhancing gameplay. The reviewer finds it entertaining with a decent atmosphere but notes the unlimited free spins feature can feel elusive and misses the traditional gamble option. The game sports cartoony graphics, gnarled tree backgrounds, and a harpsichord soundtrack that shifts to sinister during bonuses.",
Infernus,0,"Infernus is a fiery underworld-themed slot by Backseat Gaming with a hot, smoky atmosphere and a 5x5 grid. Its standout features include large multipliers from wild blocks and two bonus rounds with free spins and sticky wilds. The reviewer praises its powerful, high-volatility gameplay but notes its simpler feature set compared to Hacksaw Gaming titles. The game sports chunky, cartoony flames and a moody starry sky, combining engaging visuals with fitting audio elements.",
Fire My Laser,0,"Fire My Laser is a sci-fi themed slot where players battle alien invaders using explosive bombs and laser beams. The game features a 7x6 grid with cascading wins, four bonus modes, progressive multipliers, and unique bomb and laser mechanics instead of traditional paylines. The reviewer praises its experimental design and engaging explosive gameplay, recommending it for adventurous players despite some base game variance. Visually, it offers a space war aesthetic with video game-style sound effects that enhance the intense, action-packed atmosphere.",
Rome Supermatch,5,"Rome Supermatch is an Ancient Rome-themed slot by Nailed It! Games featuring statues, warriors, and columns with a unique reverse Tetris stacking mechanic. It offers Multiplier and Spreading Wilds, Second Chance Bonus, Mega Respin, and a bonus buy menu enhancing gameplay depth. The reviewer praises its creativity and balanced features, highlighting its potential appeal to players seeking something fresh. The game boasts tasteful, classical aesthetics with dynamic visuals and a solid presentation, complementing its engaging audio and UI elements.",
Wild Corral,7,"Wild Corral is a Wild West-themed slot featuring a 6-reel grid set against a desert sunset backdrop. Its key feature is the Wild Zone, locking wilds and upgrading them with multipliers, alongside an expanding free spins mode. The reviewer finds the game promising but somewhat underwhelming due to limited paylines and wild mechanics that could be more impactful. The game’s aesthetics include vibrant sunset colors and fitting Western-style music reminiscent of classic Western films.",
Wild Hop & Drop,1,"Wild Hop & Drop is a cheerful frog-themed slot set in a vibrant outdoor forest environment. It features a 6x6 cluster pays grid, growing roaming wilds in free spins, and an option to buy free spins for added excitement. The reviewer finds it a friendly, well-designed game that borrows heavily from Push Gaming’s “Fat Series” but still offers enjoyable gameplay. Visually, it dazzles with bright colors and immersive nature sounds, creating a lively and engaging atmosphere.",
Book of Shai,1,"Book of Shai is an Ancient Egypt-themed slot that introduces the lesser-known deity Shai, blending traditional Egyptian motifs with a fresh narrative twist. The game features 5 reels, 20 paylines, variable RTP up to 95.9%, expanding wilds with multipliers, and a buyable free spins round with up to 8 extra spins. The reviewer finds the unique mechanics intriguing but notes the gameplay can feel slow and less rewarding for those expecting classic 'Book of' slot simplicity. Visually, the game immerses players with burning braziers, stone statues, hieroglyphics, and atmospheric sounds that evoke the Egyptian theme effectively.",
Hyper Respins,1,"Hyper Respins is a cosmic-themed cluster slot inspired by space and nebulas, reminiscent of ReelPlay’s Hypernova series. It features bombs, zap symbols, and a hold'n'win respins bonus round with cascading wins and multipliers. The reviewer finds it modestly entertaining with effective features and a solid max win, despite its basic, old-school look. Visually simple, the game’s highlight is its dramatic, space-themed soundtrack enhancing the overall experience.",
Elysian Jackpots,0,"Elysian Jackpots transports players to the mythical Greek Elysian Fields, a divine realm inspired by ancient mythology. The slot features five progressive jackpots, a Pick 'n Click game, Jackpot Free Spins, and a Treasure Chest Bonus Game, with low volatility and a 96% RTP. The reviewer finds it a modest, busy jackpot slot with frequent but generally low-value bonuses, suitable for players preferring smaller, steady wins over massive jackpots. Visually, the game boasts inspiring temple and nature backgrounds with somewhat mismatched reel symbols, complemented by a dreamy, atmospheric soundtrack.",
Robin Sherwood Marauders,4,"Robin Sherwood Marauders is a Peter & Sons slot themed around the Robin Hood legend, featuring forest heists and classic English folklore. The game offers cascades with increasing multipliers, free spins with expanding wilds, and a grind-based super free spins mode with a multiplier target. The reviewer finds it enjoyable and well-crafted but notes its conventional features lack innovation compared to previous titles. Visually, it sports distinctive stop-motion style animations and medieval-themed audio that evoke a warm, rustic atmosphere despite a plain background.",
Midas Golden Touch,2,"1. Midas Golden Touch is a Greek mythology-themed slot focusing on King Midas's golden touch legend.  
2. Features include a Wild Multiplier up to 32x and a Free Spins bonus with Sticky Respin for wins up to 10,100x stake.  
3. The reviewer praises its simple yet engaging gameplay, balanced volatility, and rewarding bonus features.  
4. The game boasts outstanding artwork with a Greek temple backdrop, detailed symbols, and a relaxed vibe, typical of Thunderkick’s style.",
Phoenix Reborn,6,"Phoenix Reborn is an Aztec-themed slot immersing players in ancient culture with a 5-reel, 40-payline setup. Key features include expanding Phoenix wilds, guaranteed wild reels during free spins, and up to 40 retriggerable free spins. The reviewer finds it an average, solid slot with good graphics but lacking standout bonus excitement. Visually, it presents detailed Aztec temple imagery and jungle animals, paired with a cheesy Ace of Base-style soundtrack.",
Epic Fish Net of Fortune,6,"Epic Fish Net of Fortune is a fishing-themed slot set in a serene Norwegian coastal village, featuring a cheerful fisherman guide. The game offers standard fish collection mechanics with wilds, a Net Respin feature, and three free spin modes including the sticky wilds Fisherman Legend. The reviewer finds it a competent but unoriginal entry in a crowded genre, appealing mainly to newcomers or casual players. Its vibrant cartoon graphics and relaxing ocean sounds create a calm, immersive atmosphere.",
Pineapple Pop,4,"Pineapple Pop is a fruity, beach-themed slot blending tropical fruits with icy visuals.  
It features Rolling Reels, Escalating Ways, Jumbo Blocks, free spins with an Elevator mechanic, and bonus buys.  
The reviewer finds it a fun but unoriginal game, borrowing heavily from ELK Studios without major innovation.  
The game offers bright, playful graphics and sounds, creating an upbeat and juicy atmosphere despite its derivative nature.",
Serpent King,8,"Serpent King is a jungle-themed slot starring a mythical serpent ruler, linked to Red Tiger's Primate King series. Key features include upgrading wild symbols via Gold Coins, unlocking a sixth reel, Multiplier Stones, and Serpent Respins for enhanced wins. The reviewer praises its engaging progression system and higher win potential of 12,825x the bet, though notes it may not suit all players. The game boasts a dark, torch-lit jungle aesthetic with atmospheric sound effects complementing the mysterious serpent theme.",
Spinions Game Day,2,"Spinions Game Day is a charming football-themed slot featuring the playful Spinions characters. Key features include Passing Wild Re-Spins with moving wilds and multipliers, plus Game Day Free Spins with sticky wilds that pass a multiplier-boosting football. The reviewer praises its lighthearted fun and clever football integration, though max wins are moderate. The game boasts cute, vibrant visuals and lively audio that enhance the whimsical sports setting.",
Dragonfate's Favor,6,"Dragonfate's Favor is a dragon-themed slot that offers a mythical, rural adventure setting. It features walking and multiplier wilds, a Goldar respins mechanic, and three selectable free spins bonus rounds. The reviewer finds it a visually appealing but mechanically familiar reskin of Raging Rex, with solid gameplay and a max win of 30,000x the bet. The game boasts vibrant, lush artwork and a charming fantasy atmosphere reminiscent of popular dragon tales.",
Mega Cherry,2,"Mega Cherry is a retro fruit-themed slot emphasizing speed and simplicity over modern features. It offers a basic 5x3 layout with 10 paylines, featuring a Cash Collector Bonus and a Spin Chance comeback feature. The reviewer finds it frustratingly slow-paced with rare wins, making it a challenging and nerve-testing experience. Visually plain with a soothing yet eventually irritating soundtrack, the game lacks engaging aesthetics and audio depth.",
Primal Megaways,8,"Primal Megaways features a prehistoric, Paleolithic ice age theme with a familiar Blueprint Megaways style. Key features include up to 46,656 ways to win, Mystery symbols, a Free Spin Guarantee, and unlimited retriggers with multiplier wilds. The reviewer praises it as a high-volatility, mechanically strong Megaways slot with exceptional bonus potential. Visually, it offers crisp graphics, warm colors, and an adaptive soundtrack that enhances gameplay immersion.",
Fortunes of Sparta,4,"Fortunes of Sparta offers a historical Spartan warfare theme inspired by ancient battles and classic epic imagery. The game features a Spartan Streak sticky wild and a free spins bonus with potentially huge spin counts and enhanced wilds. The reviewer finds it a satisfying, volatile slot with a rewarding bonus round despite a slow base game. Visually, it combines crisp, high-quality graphics with epic sound effects and a choral soundtrack that enrich the gameplay atmosphere.",
Atlantean GigaRise,8,"Atlantean GigaRise is an underwater-themed slot set in the mythical city of Atlantis with a focus on jackpots and rising reels. The game features expanding reels up to 8 rows, a Rising Reels mechanic triggered by tridents, and a bonus round awarding free spins, cash prizes, and progressive jackpots. The reviewer finds it a laid-back, medium volatility game suited for casual players, offering moderate thrills rather than high excitement. Visually, it presents Greco-Roman structures with gentle aquatic animations, accompanied by a peaceful but somewhat soporific soundtrack.",
Infectious 5,1,"Infectious 5 is a futuristic superhero-themed slot set in a toxic, industrial world. It centers on the Infectious xWays feature with expanding reels, multiple free spin modes, and high volatility gameplay. The reviewer praises its innovative feature focus, massive win potential, and thrilling high-risk rewards. The game features a comic book vibe with an epic soundtrack, industrial visuals, and a moody, atmospheric setting.",
Golden Ticket 2,5,"Golden Ticket 2 continues the circus theme with a vibrant big top setting, featuring clowns, ringmasters, and classic circus icons. The game introduces multiplier wilds, a 3-segment meter triggering enhanced wilds, free spins with selectable volatility, and Win Spins offering retriggers and big win potential. The reviewer sees it as a thrilling, high-volatility sequel with up to 5,000x stake wins, blending familiar charm with fresh, sophisticated features. Visually and audibly, it captures an old-time circus atmosphere under the tent, maintaining the original’s nostalgic look and feel.",
King of Sweets,0,"King of Sweets is a candy-themed slot by Play'n GO, transforming the eerie Tome of Insanity into a sugary, confectionery world. It features a 5x5 grid with cluster wins, cascading reels, multiple wild types, a Sweet-o-meter charging up special modifiers, and a Flavour Frenzy free spins mode. The reviewer finds the gameplay solid and familiar but notes the candy theme lacks novelty compared to the original's darker tone. Visually, the game offers a colorful candy-coated aesthetic with candy and cupcakes, paired with lighthearted audio fitting its sweet motif.",
Cyberslot Megaclusters,8,"Cyberslot Megaclusters features a futuristic, neon-lit cyber theme with a compact 3x3 grid framed by purple and pink hues. The game centers on the Megaclusters mechanic with Reactions, Roaming Wild Multipliers, and a challenging free spins trigger requiring 12 consecutive wins. The reviewer sees it as a patient, slightly different follow-up to Star Clusters, offering a solid but not revolutionary experience. Visually simple with ambient hums and retro synths, the aesthetics support gameplay without overshadowing the core mechanics.",
Dragon’s Fire InfiniReels,7,"Dragon’s Fire InfiniReels features a fantasy theme centered on dragons and treasure within a mystical chamber. The game utilizes the InfiniReels mechanic with multipliers, Fire Eggs, Fire Wilds, and free Dragon Spins offering expanding reels and growing win potential. The reviewer finds it a solid evolution of the Dragon’s Fire series, highlighting fun gameplay and strong win opportunities despite slightly overstated “infinite” potential claims. Visually refined with animated symbols, a serpent motif, and twinkling treasure, the game provides an immersive audio-visual fantasy experience.",
Cash Lab Megaways,0,"Cash Lab Megaways features a quirky science lab theme with a friendly scientist and bubbling lab equipment.  
The game offers up to 200,704 ways to win, cascades, free spins with rising multipliers, and unique Wild Link/Gold Link features.  
The reviewer praises its solid Megaways mechanics combined with fresh wild reel features and a high 20,000x max win potential.  
A restrained but engaging aesthetic with fitting soundtrack complements the gameplay without overwhelming the theme.",
Twin Spin,2,"Twin Spin is a classic Netent slot featuring a retro theme with traditional symbols like cherries, bells, and lucky sevens. Its key features include the unique Twin Reels mechanism and a wild symbol, enhancing winning potential across 243 ways. The reviewer praises its simple yet engaging gameplay, exceptional graphics, and solid entertainment value. The game boasts vibrant visuals and smooth animations paired with a jazzy soundtrack that enriches the nostalgic slot experience.",
Astro Newts Megaways,1,"Astro Newts Megaways is a cartoonish, sci-fi themed slot featuring adorable newt characters in a colorful space adventure. It offers up to 117,649 ways to win, tumbling reels, expanding wilds, Mega Fission, and a multi-level free spins bonus across different planets with unique modifiers. The reviewer finds it charming and unique but notes its slower pace and niche, childlike aesthetic may not appeal to everyone. Bright, playful visuals with 90s neon hues and lighthearted audio create a fun, whimsical atmosphere.",
Valley of the Gods,1,"Valley of the Gods 2 immerses players in an Ancient Egypt theme with a fresh, expanded 6-reel pyramid-style layout. The game features blocker tiles removal, respins, and three modifier meters that grant extra lives, multipliers, and wild reels. The reviewer praises it as a superior sequel with engaging gameplay and a strong ""just one more spin"" appeal. Visually, it boasts detailed Egyptian motifs with pyramids and palm trees, complemented by an exotic, dynamic soundtrack and impactful bass-heavy sound effects.",
Barnyard Megahays Megaways,7,"Barnyard Megahays Megaways is a cheerful farm-themed slot featuring smiling livestock and a sunny rural setting. It offers a Megaways setup with tumbling reels, collect and special symbols, free spins, and unique features like wild multipliers and a max win symbol. The reviewer finds the game a refreshing twist on typical Megaways slots, appreciating its unique mechanics and entertaining gameplay. The aesthetics are warm and lush, with a chipper, classic farm vibe complemented by bright visuals and upbeat audio.",
Dawn of Kings,4,"Dawn of Kings is an Ancient Egyptian-themed slot featuring a female adventurer exploring a blue-lit tomb setting. The game offers expanding symbols, multiple free spin bonuses including Triple Book and Best of Bonuses, plus a variety of feature buy options. The reviewer finds it a solid, familiar slot with clever tweaks and a top win potential of 10,000x the bet, though not groundbreaking. Visually, it’s stylish yet somewhat plain, with a fun, action B-movie vibe and fitting audio enhancing the experience.",
Word of Thoth,2,"Word of Thoth takes players to Ancient Egypt's lesser-seen city of Khem, blending cosmic themes with traditional Egyptian motifs. It features a 6-reel, 4096-ways grid with cascading wins, free spins, and a progressive multiplier linked to a win/scatter meter. The reviewer finds it a solid but somewhat uninspired slot with decent potential and a slightly sluggish pace. Visually, it combines neon-lit symbols with atmospheric statues, though the overall feel is a bit disjointed and less dynamic than top-tier Egyptian slots.",
24 Hour Grand Prix,6,"24 Hour Grand Prix is a retro racing-themed slot inspired by 1960s motorsport, featuring classic cars and a coastal Grand Prix setting. The game offers stacked symbols, two-reel wide Super Wilds, and a free spins round that removes low-paying symbols for better wins. The reviewer finds it fun but somewhat repetitive, with underwhelming feature variety and below-average RTP, yet appreciates the nostalgic vibe. The aesthetics combine vintage car imagery with rock-blues soundtrack and realistic engine sounds, creating an immersive, laid-back racing atmosphere.",
Buffalo Toro,5,"Buffalo Toro is a Wild West-themed slot featuring Toro and the Matador on a quest for the Golden Buffalo. The game includes multiplier wilds, Walking Wilds, two free spins rounds, and five X-iter buy options. The reviewer finds it entertaining with strong character interplay but criticizes the low 94% RTP and challenging gameplay. Aesthetically, it boasts an oil painting-style canyon backdrop and an immersive Wild West soundtrack.",
Skulls UP,5,"Skulls UP is a pirate-themed slot featuring cheerful, cartoon-style buccaneers and animals. The game includes expanding reels triggered by Flaming Skull Wilds and a free spins round with sticky reel height boosts. The reviewer finds it entertaining with smooth feature flow but notes its maximum win potential is modest for its volatility. Visually, it sports Quickspin’s classic orange interface with bright, friendly graphics and lively audio.",
Ancient Fortunes: Zeus,1,"Ancient Fortunes: Zeus is a Greek mythology-themed slot centered on the thunder god Zeus and Mount Olympus. It features Rolling Reels with increasing multipliers up to 21x during free spins and offers up to 70 free spins. The reviewer finds the game uninspired, slow, and limited by its 10-payline setup, resulting in disappointing gameplay and payouts. Visually, the game is well-designed with appealing graphics depicting gods and mythical creatures, set against a heavenly Olympus backdrop.",
Birthday!,8,"Birthday! is a 5-reel, 4-row slot featuring a birthday party theme with guest characters from other ELK Studios games. It offers unique features like five types of randomly triggered Happy Spins respins and a Free Spins bonus with sticky and walking wilds. The reviewer finds it a solid but unremarkable high volatility game with a 96.3% RTP and a max win of 5,000x, lacking standout innovation. The game’s funky R&B soundtrack and typical ELK visual style create an engaging and memorable audio-visual experience.",
Dragonfire Chamber of Gold,0,"Dragonfire Chamber of Gold is a fantasy-themed slot featuring dragons and a dungeon quest setting.  
Key features include splitting wilds that trigger respins with increasing multipliers and a Hold&Win bonus round with locking dragon egg scatters and multiplier frames.  
The reviewer finds the game above average with strong base game mechanics but considers the bonus round somewhat standard.  
The graphics are good, the soundtrack is uplifting and chilling, and the game smoothly shifts between the base game hall and bonus dungeon.",
Spirit of the River,4,"Spirit of the River is an Aztec-themed slot that reimagines SG Digital's earlier Native American-inspired Yanaha's Rite with a river priestess and magical elements. The game features Dual Ways Pays, a Spin Tower scatter collection, and free spins with four distinct reel modifiers enhancing gameplay. The reviewer finds the slot slow-paced and less exciting than similar titles, appealing mainly to players who enjoy a relaxed, thematic experience. Visually, the game offers a serene river setting with subdued animations and mystical audio, though it lacks the richness of its predecessor.",
Flying Hippo,0,"Flying Hippo is a cluster pays slot with a quirky flying hippo theme set against a cloudy night sky. Its main features include tumble mechanics, spawning wilds with multipliers, and a wild collection meter progressing through levels. The reviewer found the game odd and underwhelming, criticizing its weak RTP and lackluster execution. Visually, it has simple, dull imagery with fluffy clouds and stars, accompanied by minimal audio effects.",
4 Diamond Blues Megaways,1,"1. 4 Diamond Blues Megaways is a blues-themed slot with a semi-one armed bandit design, set in a live casino atmosphere.  
2. The game features Rolling Reels, free spins triggered by diamond scatters with progressive multipliers, and a buy feature option.  
3. The review finds it a basic yet decent Megaways slot for fans of simple gameplay and live casino vibes, but lacking originality overall.  
4. It boasts a rocking blues soundtrack and ambient crowd noises, creating an engaging live music mood despite its plain visuals.",
Thunder Screech,5,"Thunder Screech is an outdoor-themed slot set in the North American countryside featuring uncommon wildlife and a touch of Native American culture. The game includes sticky wild multipliers, random wild additions, sticky respins, and free spins with guaranteed multipliers. The reviewer finds it a solid, medium-volatility slot suitable for players seeking a calm, playable experience rather than high volatility thrills. Aesthetically, it offers peaceful autumnal scenery with natural sounds evoking a serene rural setting.",
Chaos Crew,2,"Chaos Crew is a quirky slot themed around a rebellious cat and sidekick in a graffiti-filled neon back alley. It features a 5x5 grid with 15 fixed paylines, wild multipliers, and a volatile bonus game with free spins and multiplier collection. The reviewer finds it unique and enjoyable but warns of its high volatility and slow pacing. The game sports vivid neon visuals and an electro soundtrack that complements its edgy, punk-inspired vibe.",
Diamond Sands,5,"Diamond Sands is a wealth-themed slot set in a luxurious seaside resort, celebrating opulence and glamor. It features Money Symbols, a Diamond Wheel jackpot, and Sunset Free Spins with increasing multipliers up to x25. The reviewer finds the game appealing for fans of the bling lifestyle, noting decent potential but no groundbreaking features. Visually, it offers a relaxed, clubby vibe with a sleek seaside aesthetic and smooth soundtrack.",
The Watcher,8,"The Watcher is a dark, ritualistic horror-themed slot set in a haunted village where ancient evil awakens. Key features include roaming wilds that grow and multiply during free spins, a Mystery Multiplier, and a feature buy option. The reviewer finds it an entertaining, atmospheric game with exciting mechanics despite some minor imbalances. The slot boasts eerie visuals of a church with stained glass and unsettling audio that enhances its chilling, otherworldly vibe.",
Caishen's Cash,1,"Caishen's Cash is a Chinese-themed slot centered on the god of prosperity, continuing Pragmatic Play’s focus on ancient China motifs. It features 5 reels, 243 ways to win, 4 fixed jackpots, and two bonus games: Free Spins with high-value symbols and a Money Respin with win streaks. The reviewer finds it well-crafted with high production quality and solid potential, despite lacking originality. Visually, it boasts a warm red and gold palette with luxurious design elements and traditional Chinese music enhancing the immersive experience.",
J-POP,4,"J-POP is a quirky slot themed around bizarre creatures from Jellon using Porta-loos to enter Earth, blending candy visuals with a trippy backstory. It features a dynamic grid with expanding reels, walking wilds, big symbols, Grid Flip mechanics, free spins, and multiple buy options via X-iter. The reviewer finds it an entertaining mix of fresh ideas and familiar gameplay, appealing especially to fans of ELK Studios' Kane series. Bright, vivid graphics and a bouncy soundtrack complement the slot's upbeat, candy-coated world.",
Hall of Gods,2,"Hall of Gods is a Norse mythology-themed slot centered on chasing a multi-million progressive jackpot. It features 5 reels, 20 paylines, expanding wilds, free spins with a x3 multiplier, and a bonus game where players smash shields to win coins or jackpots. The reviewer praises its enduring popularity, low to medium volatility, high hit frequency, and solid entertainment value despite aging visuals. The game offers a simple icy wasteland backdrop with pounding drums and crashing waves enhancing the immersive Norse atmosphere.",
Country Farming,3,"Country Farming is a rural-themed slot by Pragmatic Play showcasing a sunny farm life with crops, animals, and classic countryside elements. The game features Mystery symbols, fixed Jackpot prizes, free spins, and a bonus buy option on a 5x3 grid with 20 paylines. The reviewer finds the base game somewhat dull with infrequent jackpot triggers but praises the potential for big wins, especially the 10,000x top prize. Visually, the slot offers charming farm scenery with a wooden grid, hay bales, scarecrows, and ambient farm sounds enhancing the relaxed vibe.",
Rainbow Riches Midnight Magic,3,"Rainbow Riches Midnight Magic is an Irish-themed slot set in a nighttime woodland beneath a rainbow, continuing the iconic leprechaun adventure. The game features a 5-reel, 10-payline setup with a Super Dial bonus wheel, free spins, and symbol upgrades during free spins. The reviewer finds it faithful to the original series, appealing mainly to fans who enjoy classic gameplay with modest new additions. Visually, it retains a nostalgic look with Celtic motifs, complemented by a standout soundtrack blending traditional Irish and Flamenco guitar.",
Dark Vortex,5,"Dark Vortex is a dark fantasy-themed slot featuring a mysterious vortex and supernatural elements. It offers innovative features like expanding Vortex reels, collectible orbs enhancing wilds and free spins, plus a Buy-A-Bonus option with higher RTP. The reviewer praises its high variance, strong potential, and engaging gameplay, calling it possibly Yggdrasil's best release of the year. Visually, it impresses with eerie stone sculptures, misty fortress backdrops, and a ghostly soundtrack that perfectly sets an atmospheric mood.",
Chaos Crew 2,4,"Chaos Crew 2 is a punk-themed slot set in a neon-lit back alley, continuing the Banksy-style art and chaotic vibe of the original. It features a 5x5 grid with 19 paylines, multiple bonus rounds including Epic Drop, and various multiplier wilds and sticky symbols enhancing volatility and win potential. The reviewer finds it bigger and more chaotic than its predecessor, praising the engaging bonus rounds but noting the base game can feel grindy due to frequent dead spins. Visually, it combines edgy graffiti aesthetics with a menacing soundtrack that shifts from dirge to dance beats, complementing the intense gameplay.",
Dionysus Golden Feast,6,"Dionysus Golden Feast is a Greek mythology-themed slot centered on the god of wine, offering a relaxing, pastoral setting.  
Key features include Wild Payline Multipliers, a Sticky Respin mechanic triggered by Golden Scatters, and free spins with retriggers.  
The reviewer views it as a solid, visually appealing Thunderkick game with familiar yet well-executed features, though not groundbreaking.  
The game boasts vibrant, bright artwork depicting a serene country retreat, complemented by an easy-on-the-eyes aesthetic.",
The Last Sundown,6,"The Last Sundown is a post-apocalyptic themed slot where siblings fight for survival in a harsh, resource-scarce world. It features splitting symbols that increase ways to win and a free spins round with a collection mechanic to unlock more splitting symbols and extra spins. The reviewer finds the gameplay simple yet effective, praising its higher volatility and potential for big wins despite fewer features than previous titles. The game boasts gritty, burnt-orange visuals and a desolate atmosphere, enhancing its immersive, futuristic wasteland setting.",
Kiss Reels of Rock,1,"Kiss Reels of Rock is a stadium-themed slot celebrating the iconic rock band Kiss, featuring their legendary stage antics. The game offers a 6-reel layout with 576 ways to win, plus random features like Lock and Load, Drive Me Wild, and five selectable free spin destinations with varying encore spins. The reviewer finds it a high-volatility, oversized slot that will appeal to fans and rock enthusiasts, with a max win potential of 50,000x the bet. Visually solid with atmospheric stadium graphics and familiar Kiss tracks, the audio enhances the immersive rock concert experience.",
Magic Merlin Megaways,3,"Magic Merlin Megaways is an Arthurian-themed slot set in Merlin's magical laboratory. It features up to 117,649 ways to win, cascading symbols, a mystery symbol mechanic, and an unlimited win multiplier in free spins. The reviewer finds it a solid but unoriginal Megaways game, praising its quality but noting a lack of unique features. The game boasts crisp, cartoonish graphics and outstanding background music, creating a vivid and colorful fantasy atmosphere.",
Vikings Go To Hell,1,"Vikings Go To Hell is a Viking-themed video slot featuring battles against demons across 5 reels and 25 paylines. It offers complex features including rage point collection, multiple free spin levels, sticky wilds, and boss fights with escalating rewards. The reviewer finds it visually impressive with a fantastic intro but criticizes its high volatility and challenging math, leading to frequent losses despite occasional big wins. The game boasts detailed graphics and immersive audio, enhancing the intense, dark Viking atmosphere.",
Jungle Jim and The Lost Sphinx,0,"Jungle Jim and The Lost Sphinx is an Egyptian-themed sequel to Microgaming's adventure slot series following Jungle Jim’s quest in the Valley of the Kings. The game features Rolling Reels™, increasing multipliers up to 20x, expanding reels and paylines, a Second Chance Respin, and a free spins bonus with enhanced multipliers. The reviewer finds it more volatile with better win potential but feels the sequel lacks the original’s charm and vibe, offering mixed appeal. Visually, the game has a dramatic Egyptian backdrop and soundtrack but the character design feels less vibrant and somewhat generic compared to the original.",
Snoop Dogg Dollars,7,"Snoop Dogg Dollars is a laid-back, urban-themed slot featuring the iconic rapper in a graffiti-filled setting. It offers cluster pays, cascading wins with multipliers, sticky wilds, free spins, and bonus buy options for varied gameplay. The reviewer found it entertaining and surprisingly well-executed despite the absence of Snoop’s actual music tracks. The game’s aesthetics blend street vibes with city sounds and Snoop-inspired beats, creating a fitting, though musically limited, atmosphere.",
Bounty Raid 2,1,"Bounty Raid 2 is a Western-themed slot featuring a tough bounty hunter chasing down outlaws in a frontier town and train chase setting. The game offers medium volatility gameplay with a 5x4 reel layout, special Bandit scatter symbols, and a Hold & Respins bonus round triggered by a stacked Bounty Hunter symbol. The reviewer finds it an improved, more engaging sequel to the original, with bigger win potential but still modest compared to top Wild West slots. Visually, it boasts attractive, atmospheric graphics and fitting audio that enhance the rugged, adventurous vibe.",
Nitropolis TV,4,"Nitropolis TV is a vibrant slot set on a post-apocalyptic animal-populated planet featuring a vulture aiming for TV stardom. The game offers Nitro Reels, upgrading stars, vulture-triggered modifiers, free spins, super free spins, and X-iter feature buys for varied gameplay. The reviewer finds it a polished, more relaxed yet potent addition to the Nitropolis series with solid creative execution. Its classy art and sound create a bright, engaging atmosphere contrasting previous darker entries.",
Gimme the Honey Megaways,8,"Gimme the Honey Megaways features a charming bee and nature theme centered on honey production. The game includes cascading wins, mystery symbols, stacked Queen Bee Wilds with increasing multipliers, free spins, and bonus buy options. The reviewer finds it a delightful, well-executed Megaways slot with pleasant gameplay and engaging features, though not groundbreaking. Visually, it offers warm golden-hued rural scenes with upbeat, catchy music enhancing the inviting atmosphere.",
Sanctuary,3,"Sanctuary is an Egyptian-themed slot blending ancient pyramids with cosmic elements, featuring music from rock band The Cult. The game offers 6 reels, 4,096 ways to win, full reel wilds with multipliers, and a free spins feature with up to 4 simultaneous grids and sticky wilds. The reviewer finds Sanctuary a solid, less flashy but engaging slot with rewarding features and a max win of up to 44,070x. The aesthetics combine fiery red Egyptian visuals with a cosmic twist, complemented by toe-tapping rock music enhancing the immersive experience.",
Valkyrie,4,"Valkyrie is a Nordic mythology-themed slot set between Midgard and Helheim, featuring Freya and the Valkyries on a 5x4, 1024-win-lines layout. Key features include three random bonuses—Sword of Destiny, Shield of Chance, and Arrow of Fortune—plus free spins with escalating Valkyrie features. The reviewer finds it high variance with decent max win potential but notes awkward payout mechanics and generally low returns. Visually impressive with dramatic intro scenes and stunning effects, though gameplay mechanics lack the same polish.",
Treasure Ireland,4,"Treasure Ireland is a leprechaun-themed slot set uniquely at sea and on a tropical island, diverging from typical Irish slot settings. It features a 5x5 expanding grid, Compass Meter, Win Breaker Chase, Nudging Scatter Respins, free spins with special awards, and four jackpots. The reviewer appreciates its fresh take on the theme and engaging gameplay, noting it suits players who enjoy longer sessions and strategic play. The game offers vibrant visuals with a maritime atmosphere and lively audio, enhancing the adventurous treasure hunt experience.",
Wild Heist At Peacock Manor,1,"Wild Heist At Peacock Manor is a 5-reel slot themed around a charming heist story with peacocks and human characters. It features Wild Reels, Random Wilds, Walking Wilds, and a customizable free spins bonus game with card picks. The reviewer praises its high variance, big win potential (up to 8483x), and engaging gameplay despite long bonus wait times. The game boasts phenomenal audiovisuals and a polished mathematical design, enhancing the overall player experience.",
"Lucky, Grace and Charm",5,"Lucky, Grace & Charm is a Norse-themed slot featuring three female Viking warriors on a quest for glory. The game offers 5 reels, 10 paylines, free spins with multipliers, and a Mega Hold & Spin feature with expanding grids and multiplying stars. The reviewer finds it a visually appealing and entertaining Hold & Win slot with familiar mechanics but some fresh twists. The aesthetics showcase semi-realistic graphics with Viking longships and an upbeat Celtic soundtrack that contrasts the visuals.",
Popeye,1,"Popeye is a nostalgic slot themed around the classic sailor man cartoon, featuring Popeye, Bluto, and Olive Oyl in a quaint port town setting. The game offers reel multipliers, free spins, a coin bonus game, and a gamble feature, with medium volatility and a 96.1% RTP. The reviewer finds the slot charming and faithful to the cartoon but considers its gameplay features somewhat underwhelming and limited. Visually, it captures the cartoon’s spirit well, though the music falls short compared to the iconic Popeye tune.",
Galactic Invaders,7,"Galactic Invaders is a vibrant, cartoon-style slot themed around a humorous alien invasion.  
It features a 5x3 grid with up to 7,776 ways to win, Instant Alien Jackpot SwiftHits, and free spins with multipliers.  
The reviewer finds it entertaining but notes its gameplay closely mirrors Pear Fiction Studios' previous slot Blazing Mammoth XL.  
The game's bold, colorful visuals and playful B-movie audio create a fun, light-hearted sci-fi atmosphere.",
Duel of the Dead Megaways,4,"Duel of the Dead Megaways is a Western-themed slot featuring a gunslinger facing off against zombies in a deserted frontier town. The game offers up to 84,035 Megaways to win, with unique features like Zombies Go Wild, Duel multipliers, free spins, and bonus buy options. The reviewer praises its originality and high winning potential, calling it a curious and entertaining twist on typical Megaways slots. The aesthetics combine spooky, rundown Western visuals with atmospheric audio, enhancing the undead showdown vibe.",
Gems Infinity Reels,1,"Gems Infinity Reels transports players to a magical fantasy realm filled with gems and princesses. It features stacked and expandable reels, symbol multipliers, wild princess symbols, and a unique Unity Bonus. The reviewer finds the game offers a fresh twist on Infinity Reels but lacks the satisfying reel-building excitement of previous titles. Visually, it presents a pastel-hued enchanted world with crystals and mystical landscapes, complemented by fitting magical audio.",
Shimmering Woods,3,"Shimmering Woods immerses players in a mystical nature-themed slot with dynamic reels and cell-splitting symbols.  
Key features include cascading wins, increasing multipliers, and splitting symbols that expand win ways up to 7,776, plus a rewarding free spins round.  
The reviewer praises its high winning potential and engaging mechanics, though notes the theme and visuals are modest.  
Aesthetically, the game offers a serene daytime glade that transforms into a glowing, mystical forest by night, complemented by fitting audio.",
Voodoo Magic,8,"Voodoo Magic is a New Orleans Voodoo-themed slot by Pragmatic Play blending spooky and exotic elements. The game features 40 paylines, three bonus games with win guarantees, random spin modifiers, and a bonus buy option. While visually appealing and atmospheric, the game’s low win potential and short bonus rounds make it less exciting for high-stakes players. The aesthetics include detailed, eerie symbols and a sultry soundtrack that shifts to lively Mardi Gras tunes during bonuses.",
Oishii Bonanza,8,"Oishii Bonanza is a Japanese cuisine-themed reskin of Pragmatic Play's Sweet Bonanza, blending food and animals in a quirky cartoon world. The game features a 6x5 scatter-paying grid with tumbling reels, free spins triggered by lollipop scatters, and multipliers up to x100, plus an Ante Bet and buy feature. The reviewer finds it largely a clone with an unusual but unsettling theme, lacking originality and unlikely to stand out in a crowded market. Visually, it offers bizarre, cartoonish sushi-wrapped animals with a familiar, upbeat soundtrack borrowed from Sweet Bonanza.",
The Cursed King,8,"The Cursed King is an Ancient Egyptian-themed slot featuring stone buildings, statues, and hieroglyphs, centered on an archaeology adventure. Key features include expanding walking wilds with multipliers, free spins with respins, and three high-volatility feature buy options. The reviewer finds it a solid but somewhat unremarkable slot, lacking a standout element to elevate it beyond above average. Visually, it offers detailed thematic symbols and an exotic soundtrack, though some hieroglyphs appear hastily drawn.",
Hercules Unleashed Dream Drop,2,"Hercules Unleashed Dream Drop is an Ancient Greek-themed slot centered on the legendary demigod completing his 12 labors. The game features an expandable 5x5 grid, sticky respins, a Beast Slayer Bonus with multipliers, and the Dream Drop progressive jackpots up to €3 million. The reviewer found the gameplay a bit repetitive but praised the clever respin mechanics and jackpot potential, rating it as a solid yet unremarkable slot. Visually, the game impresses with realistic stone animal animations and thematic symbols, though some elements like water effects felt less polished.",
Dragon Kingdom - Eyes of Fire,0,"Dragon Kingdom - Eyes of Fire is a dragon-themed fantasy slot featuring a 3x3 reel setup with an additional multiplier reel. The game’s main feature is a dead spin collection system that activates multipliers on a fourth reel after consecutive non-winning spins. The reviewer finds the gameplay repetitive with modest win potential, yet appreciates the unique multiplier mechanic and low volatility. The aesthetics depict a cold blue-lit cavern filled with treasure, complementing the mystical dragon theme with fitting audio ambiance.",
King Kong Cash Even Bigger Bananas 2,1,"King Kong Cash Even Bigger Bananas 2 features a playful jungle theme with a charming cartoon ape Kong and quirky wild animals. The game includes multiple Collect symbols, Cash Collect mechanics, Banana Blitz, free spins, and super free spins with various upgrades. The reviewer finds it a solid, evolved follow-up offering engaging gameplay and a 10,000x max win, appealing to fans of Blueprint Gaming’s collect-style slots. Visually, it presents a vibrant, cartoonish jungle setting with whimsical character designs, complemented by fitting audio to enhance immersion.",
Gonzo's Gold,7,"Gonzo's Gold is an Aztec-themed cluster pays slot featuring the explorer Gonzo as a top symbol but with minimal character presence. Its main features include a free spins bonus with an expanding symbol mechanic and cluster wins without cascading reels or wilds. The reviewer finds it a brave yet underwhelming entry that lacks the charm and excitement of earlier Gonzo games, though the bonus rounds and frequent free spins add some appeal. The game offers a misty stone complex backdrop with subdued base music, but its chanting soundtrack during free spins provides a lively contrast.",
Don't Hit Plz!,1,"Don't Hit Plz! is a punk neon-themed slot that builds on the ""losing spin"" concept with a unique underground and junkyard vibe. Its features include a Progress Bar multiplier fueled by dead spins, an Underground Free Spins round, and a challenging Junkyard Bonus with dynamic reel modifiers. The reviewer finds the game innovative and original but notes its frustrating mechanics may suit only niche players seeking high volatility and a 25,000x max win potential. The aesthetics combine monochrome with bright punk neon visuals, creating a striking, edgy atmosphere reminiscent of Hacksaw Gaming’s style.",
Fly Cats Dream Drop,8,"Fly Cats Dream Drop is a hip-hop-themed slot set in urban New York, featuring feline characters and a progressive jackpot. Key features include Mystery Respins, sticky wild free spins with multipliers, and a Dream Drop jackpot offering up to €10 million. The reviewer finds it a more toned-down, broader-appeal game compared to Relax Gaming’s previous high-volatility titles but appreciates its unique jackpot potential. The game boasts vibrant urban visuals with energetic hip-hop audio enhancing its lively, street-style atmosphere.",
Lock A Luck,4,"Lock A Luck is a medium variance slot themed as a clone of NetEnt’s Twin Spin, focusing on locked reels and classic lucky symbols. Its main feature is the Locked Reels mechanic, where adjacent reels lock and synchronize to boost winning potential up to 1,333x the stake. The reviewer finds it technically comparable to Twin Spin but visually and aesthetically inferior, recommending the original over this version. The game’s graphics are basic and unrefined, paired with a funky lounge soundtrack that lacks sophistication.",
Age of Beasts Infinity Reels,7,"Age of Beasts Infinity Reels immerses players in a mythological fantasy world featuring creatures like Centaurs and Griffins. The game offers Infinity Reels with increasing multipliers, a Wheel feature, free spins, jackpots, and an 888x Infinity Reels Bonus. The reviewer finds it enjoyable with solid build quality but notes it lacks originality and has a moderate max win of 3,953x the bet. The aesthetics combine dramatic, oil painting-style backgrounds with a suitably epic soundtrack, balancing bleak landscapes and powerful beasts.",
Lady Earth,3,"1. Lady Earth is a calm, space-themed slot featuring a mystical mother nature figure guiding players through a cosmic setting.  
2. The game includes the Respin Insanity feature, triggering respins on winning symbols, and a multi-level Picking Game bonus with multipliers and tokens.  
3. The reviewer finds the game a missed opportunity due to frequent blocking passive symbols and low win potential capped at 450x stake.  
4. Visually, Lady Earth boasts original elemental symbols and a dark blue universe backdrop, complemented by a relaxing, new age atmosphere.",
Joker Troupe,6,"Joker Troupe is a vibrant slot blending classic fruit themes with modern gameplay and jokers. It features three unique Joker-triggered bonuses, including respins, a multipliers wheel, and a timed Hypermode™ free spins round. The reviewer praises its rewarding complexity, frequent bonuses, and a max payout of 25,000x stake. Visually bright with a modern fruit slot look, it pairs perfectly with a house/trance soundtrack that enhances the immersive experience.",
Wild Yield,3,"Wild Yield is a farm-themed slot that explores the challenges and rewards of agriculture. It features cascades, Weather symbols that turn reels wild, free spins, and a risky Extra Free Spin buy option. The reviewer finds it thrilling with high volatility and potential for big wins, praising its depth and excitement. Visually, it boasts rich, vibrant farm scenery with a playful scarecrow and a lively banjo soundtrack.",
Pub Kings,0,"Pub Kings is a Viking-themed slot celebrating the convivial pub life of fierce warriors. It features a 5x4 grid, 20 paylines, Random Awards with scatter-triggered prizes, and a free spins round focused on collecting and leveling up high-pay symbols. The reviewer finds it a fun, fast-paced game with clever features and engaging tension, though not overly complex. The game boasts bright, cheerful visuals and a warm atmosphere reminiscent of enjoying a favorite drink on a sunny day.",
Beach Invaders,2,"Beach Invaders is a beach-themed slot where aliens party by the sea instead of invading Earth. The game features expanding and shifting wilds, a locked wild progress bar, and free spins with increasing multipliers. The reviewer finds it charming and engaging but not as feature-rich or high-potential as some NetEnt classics. The aesthetics include a vibrant seaside setting with upbeat, tropical audio enhancing the relaxing beach vibe.",
Raiders of Fortune,8,"Raiders of Fortune is an adventure-themed slot inspired by Indiana Jones, set in a forest with temple backdrops. The game features a 6x4 grid with cascading wins and a Trailways Trail that awards wilds, multipliers, free spins, and grid expansions as players progress. The reviewer finds it a more accessible, modest alternative to similar slots, with frequent rewards but lower maximum potential. Visually, the slot offers decent but unremarkable temple scenery and soundtrack, with some elements feeling slightly out of place.",
Wolf Blaze Megaways,3,"Wolf Blaze Megaways is a nature-themed slot set in the North American wilderness featuring wolves and other wildlife. It offers Megaways mechanics with Rolling Reels, free spins with a progressive multiplier, and a Jackpot Pick Game with up to 5,000x bet wins. The reviewer finds it a competent, middle-of-the-road slot suited for fans of nature themes but not particularly groundbreaking. The game boasts handsome woodland visuals and immersive audio that complement its naturalistic setting.",
Primate King,4,"Primate King is a jungle-themed slot featuring rampaging gorillas and a lush, immersive jungle setting. The game includes wild upgrades, a 6th reel unlock mechanism, and the Primate Smash feature that removes low-paying symbols for guaranteed wins. The reviewer praises its higher RTP, engaging gameplay, and rewarding multiplier respins, though notes the initial unlocking process may deter casual players. Visually, it boasts high-quality animated graphics and an ominous soundtrack that enhance the atmospheric jungle experience.",
Devour The Weak,6,"Devour the Weak is a high-volatility slot set in a fiery underworld filled with demonic creatures and eternal torment. It features dropdown wins that remove lower-value symbols, hexed symbols transforming into wilds, a rising multiplier up to x666, and a free spins bonus with enhanced wilds and multipliers. The reviewer praises its sophisticated twist on popular mechanics, strong visuals, and potential for big wins, though its volatility may not suit all players. The game boasts dark, intense graphics reminiscent of a death metal album cover, complemented by a heated, lava-filled atmosphere.",
Rise of Olympus,0,"Rise of Olympus is a Greek mythology-themed cascading grid slot featuring gods Hades, Poseidon, and Zeus. The game includes unique ""Hand of God"" random features and a ""Wrath of Olympus"" free spins mode with escalating multipliers. The reviewer finds it mechanically identical to Moon Princess, making the choice a matter of visual preference rather than gameplay innovation. The game's aesthetics showcase muscular Greek gods with solid production quality, replacing the original's manga style, and include fitting audio effects.",
Fruit Party 2,7,"Fruit Party 2 is a fruit-themed grid slot set in a countryside with refreshed, clearer visuals. It features cluster pays, tumbling wins, wild multipliers up to x729 in free spins, and a bonus buy option. The reviewer finds it a solid but somewhat generic sequel lacking standout excitement or a bigger top prize. The game offers colorful graphics and a bubbly soundtrack, maintaining a warm yet unremarkable atmosphere.",
Dolphin Coast,3,"Dolphin Coast is an ocean-themed slot featuring dolphins and various sea creatures. It offers 3,125 ways to win, a Wild Dolphin Bonus multiplier, and a free spins mode with stacked high-value symbols. The reviewer highlights its impressive max win potential but notes outdated production and limited evidence of big wins. The game has a static deep blue sea backdrop with relaxing music, reflecting an old-school Microgaming style.",
Wild Hot Chilli Reels 2,1,"Wild Hot Chilli Reels 2 is a basic fruit-themed slot with a spicy twist, continuing the original's simple style.  
It features 243 ways to win and a single Hot Chilli Wild respin mechanic that locks wilds and triggers respins.  
The reviewer sees it as a modest, unoriginal sequel that offers straightforward gameplay without innovation or big wins.  
The game displays minimalistic visuals with floating embers and funky music, maintaining a sparse, classic slot atmosphere.",
Cash-A-Cabana,7,"Cash-A-Cabana is a slot themed around a swinging 1920s nightclub vibe, inspired by the famous Copacabana club and jazz age partying. The game features expanding full-reel wild Copa Girls, guaranteed wins in the base game, and a free spins mode with increasing multipliers up to x20. The reviewer finds the gameplay fairly standard but enjoyable for fans of the theme, highlighting its solid winning potential of up to 10,000x the bet. Visually, the game boasts a glitzy Art Deco style with jazzy audio, cocktails, and a lively club atmosphere.",
Alchemy Fortunes,5,"Alchemy Fortunes is a medieval alchemy-themed 7x7 grid slot centered on transmuting elements for instant riches.  
Key features include the Hyperclusters mechanic, Rolling Reels, and a progressive meter unlocking modifiers and free spins.  
The reviewer finds it an entertaining, well-balanced game with a high hit frequency despite modest max win potential.  
Visually, the game offers a mystical stone chamber setting with phenomenal graphics and a nicely atmospheric soundtrack.",
Amazon Lost Gold,5,"Amazon Lost Gold is an Amazon rainforest-themed slot offering an immersive jungle adventure inspired by Central and South American cultures. The game features 5 reels, 3,125 ways to win, Rolling Reels with Echo Rolls, free spins with a Bonus Wheel, and an Upsizer option. The reviewer finds it a competent but familiar slot, with a lower max win than its predecessor, making it suitable for those seeking a solid, if not groundbreaking, experience. Visually, it boasts pleasant, clear artwork with vibrant jungle motifs and a heat haze effect, creating an intoxicating exotic atmosphere.",
Mermaids,0,"Mermaids is an underwater-themed slot by NetEnt featuring charming mermaid characters in a bubbly, treasure-filled ocean setting. The game includes 40 paylines, a 5x3 grid, and three distinct bonus rounds triggered by collecting Progress Wilds: Picker Bonus, Wild Spins, and Mermaid Spins. The reviewer finds it a lightweight, atmospheric slot suited for patient players who enjoy collection mechanics but notes its moderate volatility and modest maximum win potential. Visually, the game offers a deep-sea ambiance with colorful, characterful mermaids and fitting bubbly audio effects enhancing the immersive experience.",
Bonanza Falls,6,"Bonanza Falls is a mining-themed slot set at a waterfall-surrounded mine shaft, continuing the legacy of Big Time Gaming's Bonanza Megaways. It features a new Megadozer coin pusher mechanic during free spins, reaction wins, Win Exchange gamble, and a free spins buy option. The reviewer praises its fresh take on the classic, highlighting a massive 93,540x top prize and engaging bonus innovations. A rustic mine aesthetic with natural water sounds complements the immersive gameplay experience.",
Rich Wilde And The Amulet of Dead,8,"Rich Wilde and the Amulet of Dead features an Egyptian archaeology theme centered around the Abu Simbel temples, continuing the iconic Rich Wilde adventure style. The game offers expanding special symbols, Thoth wild multipliers, adjustable paylines, and retriggerable free spins with special expanding symbols. The reviewer finds it a solid ""book of"" slot with some unique twists but ultimately not groundbreaking, relying mainly on the Rich Wilde brand appeal. Visually, it presents a familiar Book of Dead aesthetic with immersive temple backdrops and complementary audio enhancing the Egyptian atmosphere.",
Sherlock Bones,6,"Sherlock Bones is a detective-themed slot featuring anthropomorphic dogs and a cat set in moody Victorian London. Its main feature is the trademarked Rolling Respins, where expanding sticky wilds increase reels, ways, and win potential. The reviewer finds it moderately entertaining but somewhat lacking in variety and excitement outside the key feature. The game offers a grim, steampunk-inspired backdrop with a mysterious Holmes-like soundtrack, though the cheerful animal characters feel slightly out of place.",
Jackpot Express,7,"Jackpot Express is a roaring 20's riverboat casino-themed slot featuring three progressive jackpots by Yggdrasil Gaming. It offers a Wheel of Fortune with multiple free spin modes and a multi-level jackpot bonus game. The reviewer appreciates the unique setting, high hit rate, and engaging features but notes patience is needed for big wins. The game boasts high-quality Art Deco visuals and a jazzy soundtrack enhancing its vintage charm.",
7x7 Thor,7,"7x7 Thor is a Norse mythology-themed slot featuring the powerful god Thor against a rugged mountain backdrop. The game includes expanding 7x7 grids, multiplier symbols that double with wins and expansions, free spins with progressive multipliers, and multiple feature buy options. The reviewer finds it a solid, familiar scatter pays slot with exciting extras, though its RTP is relatively low and it offers little innovation beyond its predecessor. Visually, it showcases a majestic outdoor scene with mountains and northern lights, complementing the epic theme with stirring audio.",
Toshi Video Club,1,"Toshi Video Club offers a stylized, playful take on Japanese culture through a minimalist, manga-inspired theme. The game features 15 paylines, cascading wins, multipliers from Daruma symbols, and a free spins round with escalating multipliers. The reviewer finds it a simple, tidy slot with solid potential for big wins but less innovation than typical Hacksaw titles. A chic monochrome palette accented with orange complements a cool, Asian-influenced soundtrack for a hip, understated aesthetic.",
7s On Fire,0,"7s On Fire is a basic 3x3 fruit slot with a classic, old-school theme. The main feature is the High Roller Spins, allowing wilds to substitute for all symbols but halving symbol values. The reviewer found the game outdated, uninspired, and poorly executed with little appeal beyond potential big wins. Graphics and UI are dated and low quality, reminiscent of early 90s fruit machines, with unimpressive audio not highlighted.",
Spectre Estate,6,"Spectre Estate is a horror-themed slot set in a haunted mansion with ghostly owners roaming its corridors. The game features seven random modifiers triggered above reels, including wild expansions, multipliers, and free spins with respins. The reviewer finds it visually decent but disjointed, with low excitement and payout potential despite many features. The eerie blue-lit crypt setting pairs with a mysterious quirky tune and a heavy metal track during free spins for atmospheric audio-visuals.",
Mystery Drop,0,"Mystery Drop is a PopWins-style slot with a classic fruit theme and a blurred background, heavily inspired by CherryPop. It features expanding reels, a Super Stake bet enhancer, free spins with a growing multiplier, and a Pachinko-style Gamble Drop for extra spins. The reviewer finds it a close copy with minor tweaks but questions its appeal over the original due to lower RTP and higher costs. The game offers muted EDM audio and simple visuals consistent with classic slot symbols and a subdued backdrop.",
Legacy of Egypt,4,"Legacy of Egypt is an ancient Egyptian-themed 5-reel slot featuring gods like Cleopatra and Ra.  
Key features include wild Scarab symbols, a Wheel of the Gods for free spins, and multipliers up to 10x.  
The reviewer praises it for refreshing the classic theme with smooth gameplay and a powerful free spins round.  
Visually pleasing with seamless performance, it combines classic motifs with engaging audio effects.",
Shining Hot,7,"Shining Hot is a retro-themed fruit slot series by Pragmatic Play, featuring multiple versions with varying paylines. The game offers minimal features, mainly scatter symbol wins, and lacks bonus rounds. The reviewer sees it as a basic, nostalgic option for players who prefer simplicity over innovation. Its visuals are classic fruit symbols with flickering flame effects, paired with old-school, straightforward audio.",
Wildest Gambit,6,"Wildest Gambit is an adventurous slot featuring the intrepid Wilde family exploring four exotic world locations. The game highlights unique wild symbol features—multiplier, expanding, and sticky wilds—with free spins triggered by scatter symbols and location-specific bonuses. The reviewer praises its high 20,000x max win potential and engaging travel theme, though notes the features are solid but not groundbreaking. Visually, it offers a fun B-movie vibe with animated intros and diverse backgrounds reflecting each exotic destination, complemented by fitting audio effects.",
Cash Truck Begins,8,"1. Cash Truck Begins transports players to a fantasy-themed world with swords and axes, diverging from its vehicular predecessors.  
2. The game features a 5x7 grid with tumbling wins, expanding play area, Big Wilds, a second chance mechanic, and a complex hold 'n win bonus round.  
3. The reviewer finds it entertaining but notes it is largely a rehash of Cash Truck 3 Turbo with lower maximum wins and fewer innovations.  
4. Aesthetic elements include a misty, fantastical backdrop with a caged wagon full of gold, maintaining a sense of fast-paced adventure; audio details are not specified.",
Sweet PowerNudge,5,"Sweet PowerNudge is a candy-themed slot from Pragmatic Play, featuring sweet symbols and a familiar confectionery setting. It includes the PowerNudge mechanic, a Multiplier Reel, free spins with retriggers, and options like Ante Bet and feature buy. The reviewer finds the gameplay solid but somewhat uninspired compared to previous PowerNudge releases, with decent win potential but a conventional theme. The visuals are pleasant but generic candy graphics, complemented by a joyful soundtrack that could benefit from richer bass.",
Deal or No Deal Megaways,0,"Deal or No Deal Megaways brings the popular TV show theme to life, letting players relive the suspense of beating the banker. It features the Megaways engine with cascading reels, mystery symbols, multiple Deal or No Deal bonus tiers, free spins with increasing multipliers, and a Jackpot King Deluxe progressive jackpot. The reviewer praises it as the top Deal or No Deal slot, offering up to 10,000x stake wins, though the bonus round shifts may interrupt gameplay flow. The game captures the show's atmosphere with familiar elements and a dynamic audio-visual presentation enhancing the immersive experience.",
The Expendables New Mission Megaways,2,"The Expendables New Mission Megaways slots into the action movie theme with a gritty mercenary vibe inspired by the third film and Grand Theft Auto V.  
It features up to 117,649 Megaways ways to win, cascades, multiplier wilds, mystery symbols, free spins with increasing multipliers, and a gamble option.  
The reviewer finds it an improved, livelier sequel with better pacing, more frequent features, and strong brand integration, appealing especially to fans.  
The game boasts enhanced graphics, a dynamic audio-visual style, and entertaining character animations, notably Sylvester Stallone’s grenade-throwing cameo.",
Casino on the House,1,"Casino on the House features a bold 1970s Las Vegas-style theme with a bright pink, candy floss color palette.  
It offers a 5x3 grid, 20 paylines, wilds, scatters triggering free spins with customizable bonuses, and a Super Free Spins round for big wins.  
The reviewer praises its confident, flashy style and high volatility, recommending it for players who enjoy big jackpots and unique gameplay.  
The game boasts vibrant, retro aesthetics paired with a funky disco soundtrack that enhances its nostalgic atmosphere.",
Path of Destiny,3,"Path of Destiny explores a Hindu culture theme set in a Maharaja's palace with restrained but authentic Indian influences. The game features 5 reels, 20 paylines, free spins, Ganesha Coins, and Mega Ganesha Coins for bonus wins. The reviewer praises its originality and soundtrack but notes modest max winnings and medium+ volatility. The aesthetics are rich with gold and burgundy tones, complemented by thematic music that enhances the atmosphere.",
Club Tropicana,1,"Club Tropicana is a tropical party-themed slot inspired by the Big/Bigger Bass series. It features Money symbol collections, free spins with retriggers, and multipliers, mirroring Bigger Bass Blizzard's gameplay. The reviewer sees it as a direct clone offering no new mechanics, appealing mainly to fans of the Bass slots. The game sports vibrant tropical visuals, waving foliage, silhouetted palm trees, and a swinging, upbeat soundtrack.",
Vampy Party,1,"Vampy Party is a vampire-themed slot set in a gothic castle hosting a seemingly quiet party. It features tumble mechanics, multipliers up to x1,024, free spins with gamble options, and a feature buy. The reviewer finds it entertaining but somewhat limited compared to similar high-multiplier slots. The game boasts a moody atmosphere with flashing lights and a sexy saxophone funk soundtrack.",
Jungle Spirit: Call of the Wild,8,"Jungle Spirit: Call of the Wild immerses players in a vibrant jungle teeming with wildlife and lush plant life.  
Key features include Symbol Expansion, Butterfly Boost, and a high-volatility Free Spins round with selectable risk levels.  
The reviewer praises its engaging gameplay, strong potential payouts, and overall appeal as one of NetEnt's top releases.  
Stunning graphics and animations are complemented by rhythmic drums and rich animal sounds for a fully immersive experience.",
Vikings,2,"Vikings is a Norse-themed slot inspired by the popular historical TV series featuring characters from the show. It offers a 243-ways-to-win base game, expanding to 78,125 ways during free spins, with unique features like the Hotspot and Shield Wall. The reviewer praises Vikings as a well-balanced, captivating slot with impressive win potential, comparable to NetEnt’s best releases. The game boasts high-quality visuals and an atmospheric Norse setting with a wintry landscape and thematic audio enhancing immersion.",
Colt Lightning Firestorm,4,"Colt Lightning Firestorm is a Wild West-themed slot featuring horses and lightning with a dramatic showdown vibe.  
It offers features like Lightning Blaze, Firestorm Feature, and Fire Free Spins with up to 3,125 ways to win and a max payout of 50,000x the bet.  
The reviewer found the game’s huge max win promising but criticized the unclear and inconsistent feature triggers, which detracted from the overall experience.  
The game boasts a desolate grassy backdrop with twangy guitar audio, maintaining a similar look and feel to its predecessor.",
Hammer of Gods,0,"Hammer of Gods is a Viking-themed slot set in a quirky mountainous landscape with a unique cartoon style. The game features a 6x3 grid with 729 ways to win, Way Multipliers, a wild collect-and-release mechanic, and free spins with guaranteed wilds. The reviewer praises its high volatility and solid potential rewards but notes it lacks a breakthrough edge compared to other titles. Visually, the game boasts distinctive, colorful cartoon graphics with a playful Norse atmosphere and fitting audio.",
5 Doggy Dollars,0,"1. 5 Doggy Dollars is a dog-themed online slot featuring a cheerful canine-centric environment reminiscent of The Dog House.  
2. The game offers multiple features including Money Ways, Cash Bones, Big Prize Bones, Frisbee, Pick-A-Win, Respin Bonus, and bonus buys.  
3. The reviewer praises its fresh gameplay blend and appeal to dog lovers, noting a fair max win of 5,000x bet and engaging feature variety.  
4. The aesthetics are bright and laidback with a dog house backdrop, complemented by a carefree, playful vibe suitable for dog enthusiasts.",
4 Secret Pyramids,4,"1. 4 Secret Pyramids takes players on an Ancient Egypt-themed adventure featuring pyramids and iconic Egyptian symbols.  
2. The game includes a unique Bonus Up mechanic with four bonus round tiers, free spins with multipliers, and a Pyramid Pick feature for added rewards.  
3. The reviewer finds the game stylish and transparent with massive win potential but notes its theme is common and the RTP slightly lower than its predecessor.  
4. Visually, it boasts high-quality graphics reminiscent of popular Egypt slots, accompanied by immersive thematic audio enhancing the overall experience.",
Rise of Olympus 100,3,"Rise of Olympus 100 is an Ancient Greek-themed slot featuring gods Zeus, Poseidon, and Hades. It offers cascading wins, wild symbols, a win multiplier up to x100, and three distinct free spin modes tied to each god. The reviewer praises its highly volatile gameplay, expanded win potential up to 15,000x the bet, and engaging chain reactions. Visually, it retains the original’s dynamic god-themed backgrounds and iconic voice overs, enhancing the immersive atmosphere.",
Big Juan,7,"Big Juan is a Mexican-themed slot featuring a lively fiesta atmosphere with a Mariachi band soundtrack. The game offers a Wild Switch feature in the base game and a unique respins bonus round with four jackpots to chase. The reviewer finds it visually dated and ultimately average, with the music being its most redeeming quality. Overall, the aesthetics are chaotic and gaudy, leaning more toward tourist-shop style than authentic cultural respect.",
Who Wants To Be A Millionaire Megapays,0,"Who Wants To Be A Millionaire Megapays is a slot themed around the iconic quiz show, offering players a chance to climb the prize ladder for big wins. The game features Megapays progressive jackpots, reaction wins, free spins with multipliers, and a Hot Seat Free Spins Gamble with lifelines mimicking the show’s format. The reviewer finds the gameplay entertaining with high volatility but notes the gamble feature can be frustrating, while the Megapays jackpots add significant appeal. Visually, the slot maintains the show's dark, minimalist style with familiar symbols and psychedelic wilds, complemented by thematic audio enhancing the quiz show atmosphere.",
Safari of Wealth,1,"Safari of Wealth is an African safari-themed slot featuring iconic savannah animals. Its main features include a Gold Reel pick 'n click bonus and a free spins round with multiple grid size options. The reviewer finds the game dependable but unremarkable, offering straightforward gameplay without surprises. Visually, it presents classic savannah scenery with vibrant graphics and a bubbly soundtrack.",
Legends Battle Of Earth,8,"Legends Battle Of Earth is a superhero-themed slot where heroes and villains clash in a comic book-style battle. Key features include a 6x4 grid, Wild Toolbox modifiers, and an engaging Showdown Spins bonus with allies and enemies battling for cash prizes. The reviewer finds it an exciting yet familiar combat slot, praising the dynamic free spins but noting the base game can feel slow. The game boasts high-quality comic book visuals and animations that enhance the immersive superhero atmosphere.",
Alice in Adventureland,3,"Alice in Adventureland is a fantasy-themed slot inspired by Lewis Carroll’s Alice, set in a unique alternate world called Adventureland. The game features wild multipliers, Rocketkats that upgrade symbols, Ultrabombs, free spins with scatter collection, and a rare Adventure Spin bonus. The reviewer finds it a charming, moderately imaginative slot with exciting feature interactions, though the top bonus is elusive. Visually, it offers a misty emerald valley backdrop with a quirky soundtrack, creating a pleasant but less psychedelic atmosphere than typical Alice-themed slots.",
Last Chance Saloon,1,"Last Chance Saloon is a Wild West-themed slot set in a 19th-century saloon, evoking the final stop for a drink before entering a harsh frontier. The game features Coin multipliers, Bullet Spins with growing multipliers, a Double or Nothing gamble, and a Second Chance flip for added excitement. The reviewer finds it charming and atmospheric, though not groundbreaking, with enjoyable gameplay and decent winning potential. The visuals are simple with a dusty frontier vibe, complemented by a stripped-down but effective soundtrack enhancing the bleak mood.",
Rich Wilde and the Shield of Athena,1,"Rich Wilde and the Shield of Athena explores Greek mythology with Rich Wilde and his daughter Cat uncovering Atlantis secrets.  
The game features a traditional 5x3 reel setup with high volatility, including Medusa Respins and retriggerable Medusa’s Gaze Free Spins.  
The reviewer praises its polished design and well-balanced gameplay, calling it one of Rich Wilde’s best titles yet.  
Aesthetics include detailed Greek-themed symbols and brooding water visuals, complemented by fitting atmospheric audio.",
Fat Drac,8,"Fat Drac is a vampire-themed slot set in a spooky Transylvania backdrop, continuing Push Gaming's 'Fat' series with a darker twist. It features a revealing Fat Drac symbol, instant bubble prizes, a Fat Bat feature, pick 'n click coffins, and escalating free spins with an expanding symbol. The reviewer views it as a challenging, high-volatility game with huge win potential but warns it may alienate fans of earlier, lighter titles. The game boasts detailed, cartoonish graphics and playful piano music that add charm to its eerie atmosphere.",
A Tale of Elves,4,"A Tale of Elves is a Christmas-themed slot set in a snowy forest and an elves' workshop, evoking traditional holiday cheer. It features a 5-reel, 243-ways layout with free spins offering four volatility options, random cash prizes, and retriggerable bonuses. The reviewer praises its classic Microgaming gameplay and high volatility, making it appealing to veteran players despite a modest RTP. The game boasts charming festive visuals with snow-covered trees, colorful elves, and a cozy, heartwarming audio atmosphere.",
Fruit Shop Megaways,8,"Fruit Shop Megaways revamps the classic fruit-themed slot with a lively market stall setting. It features a 6-reel Megaways system, free spins triggered by fruit wins, and a win multiplier up to x10. The reviewer finds it a playable, entertaining upgrade with higher volatility but notes it can feel repetitive without cascades. Aesthetics remain bright and simple, retaining original sounds for a clean, faithful vibe.",
Crystal Robot,7,"Crystal Robot combines a futuristic robot theme with a mysterious crystal mining backdrop. The game features a 5x5 grid, wild reels with multipliers, two distinct free spin modes, and bonus buy options offering varied gameplay intensity. The reviewer finds it reliable and solid, praising its effective mechanics though noting a lack of groundbreaking innovation. Visually, the slot presents a charming robot world with a cool, mechanical atmosphere complemented by fitting audio elements.",
Hand of Anubis,1,"Hand of Anubis is a dark, brooding Ancient Egyptian-themed slot featuring the god Anubis with a heavy, foreboding atmosphere. The game offers cluster pays, two unique bonus rounds—Underworld and Judgement—with extensive multiplier mechanics and feature buy options. The reviewer praises its creative, intense gameplay and rich atmosphere, highlighting its potential for huge wins despite high volatility. Visually, it uses a dark palette with steely-eyed jackal deities and a sinister setting, complemented by an eerie audio backdrop enhancing the immersive experience.",
Raging Riches,5,"Raging Riches is a prairie-themed slot blending classic Americana with modern slot mechanics. It features expanding reels in free spins with wild multipliers and a hold 'n win Coin bonus round offering sticky symbols and jackpots. The reviewer finds it a straightforward, mainstream game targeting players who enjoy familiar features and a neighborly atmosphere. The game sports a wide prairie backdrop, buffalo imagery, and a honky-tonk Country & Western soundtrack enhancing its rustic vibe.",
Space Zoo,0,"Space Zoo is a quirky outer space-themed slot featuring astronaut animals collected in a cosmic menagerie. Key features include a Wheel of Fortune symbol triggering wilds, multipliers, cash prizes, and a free spins bonus with persistent benefits. The reviewer found the game moderately engaging with a unique personality, but noted some slow pacing and limited max win potential outside bonus features. The aesthetics combine a futuristic metal frame with playful animal astronauts and subtle space sounds, creating a distinctive though not awe-inspiring atmosphere.",
Devil's Crossroad,3,"Devil's Crossroad is a dark-themed slot centered on supernatural crossroads where deals with the devil are made. The game features a unique 4-cross grid, cascading wins, multipliers, scatter-triggered Redemption Spins with various modifiers, and a bonus buy option. The reviewer finds it an interesting but somewhat underwhelming Nolimit City release, lacking the shock and excitement of previous titles. Aesthetically, it offers eerie visuals like a 4-eyed cat and a menacing devil at the center, paired with a moody, unsettling atmosphere.",
Triple Fruit Deluxe Megaways,4,"Triple Fruit Deluxe Megaways is a vibrant fruit-themed slot with a disco vibe, replacing Moriarty Megaways' detective theme. It features cascading wins, Mega Max Megaways, Mega Mystery Symbols, and an uncapped win multiplier during free spins. The reviewer finds it well-made but unoriginal, appealing mostly to fans of bright, flashy slots rather than novelty seekers. The game boasts classic slot aesthetics with flashy lights and upbeat music, delivering a lively, toe-tapping atmosphere.",
Napoleon Megaways,3,"Napoleon Megaways is a historical-themed slot centered on Napoleon's military exploits with a battlefield backdrop. It features expanding wilds, free spins with symbol upgrades, and up to 15,625 ways to win. The reviewer finds it a simple, recycled design appealing to fans but potentially dull for others, with frequent dead spins noted. The aesthetics are misty and sparse, with subtle battlefield visuals and minimal dynamic action, accompanied by fitting but understated audio.",
Darkness,3,"Darkness is a genuinely spooky Halloween-themed slot set in a sinister, musty old house with an Eldritch horror atmosphere. The game features adjustable darkness settings, SuperSpinners multipliers, Giant symbols, and a Dark Ritual Bonus with free spins and locking wilds. The reviewer praises its immersive, unsettling theme combined with solid gameplay and potential wins up to 20,000x the bet. Visually dark and eerie with fitting audio, Darkness creates a chilling, atmospheric experience unlike typical Halloween slots.",
4 Fantastic Fish Gold Dream Drop,1,"1. 4 Fantastic Fish Gold Dream Drop is a fishing-themed slot offering a fresh take without a fisherman symbol, focusing on fish and aquatic life.  
2. Key features include Fish for Cash prizes, a Respin Bonus with sharks and giant squids, and a progressive Dream Drop jackpot with a Fortune Wheel.  
3. The reviewer praises its upbeat gameplay and jackpot potential, noting reduced regular win sizes but emphasizing the Dream Drop as the main attraction.  
4. Visually bright and busy with a lively angling vibe, the game combines colorful aquatic symbols and energetic audio to enhance the experience.",
Fruit Snap,7,"Fruit Snap is a classic fruit-themed slot featuring an 8x8 grid with familiar symbols and a neon-pink disco ball backdrop. Its key features include cluster wins, symbol meters that trigger fruit removal or double win upgrades, and a free spins mode with persistent meter effects. The reviewer finds it a solid but unremarkable grid slot lacking innovation and narrative depth, with moderate winning potential. The game’s aesthetics combine colorful symbols with funky lounge music, delivering a luxurious yet typical fruit slot vibe.",
Pearl Harbor,8,"Pearl Harbor is a WWII-themed slot focusing on the 1941 Japanese attack on the US base, immersing players in the Pacific battle. It features a 7x7 grid with expanding active areas, cluster pays, avalanches, multipliers, and two main bonus games: Dogfight and Tora! Tora! Tora!. The reviewer praises its high volatility, dynamic gameplay, and immersive experience beyond typical slots. The game boasts detailed military visuals, targeting system overlays, and intense audio effects enhancing the wartime atmosphere.",
Kingdom Below,0,"Kingdom Below is a fiery, underworld-themed slot by Play'n GO featuring a unique abyss setting. It offers innovative features like a floating Beast that collects cash symbols in three distinct ways and a progressive free spins round with multiple modifiers. The reviewer appreciates its fresh take on cash symbol collection but notes familiar mechanics and a somewhat low max win probability. The game boasts cute, flaming visuals and haunting, dramatic music that enhance its immersive atmosphere.",
Temple of Wealth,5,"Temple of Wealth is an Asian-themed progressive jackpot slot by Play’n GO, rich in traditional Chinese symbols and cultural motifs. It features a free spins round with six selectable options involving sticky mystery symbols, plus a jackpot game triggered by wilds on Gold Reels. The reviewer finds it well-made and thrilling, especially for fans of the theme, though not highly original and best suited for jackpot chasers. Visually, it boasts a vibrant, gold-lit temple setting with classic Asian imagery, complemented by fitting audio that enhances the immersive experience.",
The Golden Pot & Pints,0,"The Golden Pot & Pints is a leprechaun-themed slot set in a cozy Irish pub atmosphere. It features cluster pays on a 7x7 grid, wild multipliers up to x100, Avalanche mechanics, and a free spins bonus with a Global Multiplier. The reviewer finds it engaging yet somewhat shallow, delivering solid wins without complex features. The game boasts a friendly vibe with foot-tapping tunes and crowd noises that intensify during the bonus round.",
